age,gender,height_cm,weight_kg,sit and bend forward_cm,sit-ups counts,broad jump_cm
51.0,1,150.1,42.3,15.8,12.0,120.0
58.0,1,168.6,92.9,-16.0,0.0,73.0
22.0,1,166.1,41.6,13.3,25.0,146.0
29.0,1,167.8,61.1,16.6,35.0,155.0
29.0,0,171.6,84.5,6.2,51.0,232.0
23.0,0,179.0,71.5,14.3,52.0,218.0
22.0,1,162.4,67.8,27.3,50.0,186.0
25.0,0,174.0,77.6,18.6,59.0,211.0
21.0,0,165.0,65.9,25.0,33.0,210.0
26.0,0,180.0,71.3,9.2,49.0,248.0
43.0,0,179.7,65.3,8.8,40.0,186.0
64.0,1,145.5,54.38,3.6,15.0,81.0
44.0,0,181.9,78.6,2.4,28.0,172.0
57.0,1,156.7,61.1,15.1,24.0,105.0
22.0,0,168.4,69.9,16.3,61.0,234.0
33.0,0,171.1,68.7,11.6,47.0,217.0
55.0,0,164.3,62.5,10.7,28.0,166.0
51.0,1,153.2,48.6,25.7,28.0,178.0
56.0,1,154.0,61.9,17.2,14.0,145.0
45.0,0,169.6,70.1,23.7,50.0,214.0
50.0,1,161.1,57.3,18.8,8.0,136.0
23.0,0,175.6,83.3,17.5,62.0,230.0
22.0,1,176.2,68.8,19.3,48.0,172.0
56.0,0,167.4,72.2,19.9,44.0,217.0
27.0,0,171.1,78.0,17.3,53.0,214.0
21.0,0,181.0,71.8,14.6,60.0,220.0
21.0,1,157.3,57.9,19.9,42.0,199.0
44.0,1,164.5,63.6,19.9,38.0,138.0
21.0,1,156.4,58.1,17.8,47.0,177.0
40.0,1,161.4,45.8,16.0,32.0,165.0
61.0,0,178.5,74.6,15.2,43.0,155.0
25.0,0,174.8,68.5,21.2,60.0,228.0
52.0,0,171.4,67.1,5.4,39.0,200.0
32.0,0,177.3,77.5,22.3,58.0,252.0
27.0,0,170.4,64.8,17.0,55.0,205.0
64.0,0,166.2,64.5,5.0,31.0,188.0
61.0,1,151.5,58.3,10.8,3.0,115.0
45.0,0,170.5,88.1,21.1,36.0,212.0
33.0,1,162.5,55.2,14.2,34.0,104.0
55.0,1,146.3,49.9,22.7,23.0,114.0
60.0,1,150.9,65.1,12.0,4.0,114.0
38.0,0,183.6,83.7,17.0,52.0,226.0
25.0,0,171.7,87.5,18.5,58.0,209.0
51.0,1,156.6,55.56,11.8,23.0,150.0
29.0,0,176.1,78.5,5.4,63.0,238.0
58.0,0,169.1,73.9,11.8,25.0,144.0
58.0,1,150.3,66.3,12.8,18.0,140.0
41.0,0,178.0,84.2,23.4,35.0,255.0
62.0,0,181.3,93.4,16.2,23.0,133.0
56.0,0,170.1,61.5,20.5,40.0,195.0
61.0,0,174.5,81.0,10.2,42.0,168.0
43.0,0,172.5,90.5,18.7,40.0,216.0
62.0,1,148.8,57.9,15.5,19.0,118.0
43.0,0,167.4,74.4,0.3,34.0,182.0
21.0,0,167.4,74.9,21.6,63.0,252.0
44.0,0,169.4,73.8,6.7,23.0,196.0
34.0,0,176.7,73.1,0.4,38.0,230.0
24.0,0,182.0,85.8,-11.9,52.0,212.0
29.0,0,167.7,67.8,11.6,55.0,174.0
23.0,0,180.0,84.0,11.8,50.0,211.0
31.0,0,179.5,78.7,18.3,47.0,214.0
21.0,1,152.5,47.0,1.3,9.0,139.0
27.0,0,170.0,69.7,13.0,53.0,192.0
25.0,1,162.6,63.0,21.6,38.0,164.0
29.0,0,177.0,88.3,16.3,44.0,194.0
21.0,1,165.7,51.94,19.7,42.0,196.0
27.0,0,179.6,80.9,15.0,63.0,229.0
49.0,0,175.9,83.8,3.0,43.0,225.0
22.0,1,157.8,57.9,25.6,47.0,203.0
37.0,0,175.0,63.7,9.1,41.0,220.0
23.0,1,168.8,59.3,24.2,39.0,216.0
28.0,1,166.1,65.6,11.4,46.0,165.0
28.0,0,182.2,83.1,17.6,54.0,239.0
21.0,1,166.9,85.0,14.2,32.0,156.0
24.0,0,178.5,70.0,17.2,59.0,223.0
58.0,1,155.7,54.6,17.7,25.0,131.0
42.0,1,162.7,69.1,21.0,16.0,136.0
37.0,0,167.6,75.6,13.5,49.0,215.0
41.0,0,174.7,72.6,18.5,40.0,201.0
29.0,0,172.6,66.2,20.8,49.0,254.0
64.0,0,169.9,83.02,5.6,22.0,147.0
57.0,1,161.0,65.4,9.5,18.0,144.0
31.0,0,175.0,79.4,27.4,47.0,251.0
22.0,1,163.8,61.7,17.0,25.0,176.0
54.0,1,163.6,61.0,13.1,19.0,116.0
35.0,1,152.5,47.1,12.8,31.0,140.0
57.0,0,161.9,61.58,12.3,39.0,186.0
60.0,0,173.6,74.6,24.6,25.0,174.0
40.0,0,174.2,77.6,12.1,48.0,213.0
31.0,0,170.6,68.3,13.0,14.0,202.0
49.0,1,162.2,56.0,18.2,30.0,180.0
60.0,1,155.6,55.4,14.5,0.0,116.0
48.0,0,169.3,67.8,5.9,33.0,172.0
58.0,1,151.0,60.0,20.0,6.0,47.0
39.0,0,170.0,70.1,10.6,36.0,201.0
24.0,0,170.7,69.4,15.6,52.0,230.0
39.0,1,154.1,48.2,11.1,25.0,144.0
37.0,0,171.1,72.0,20.6,47.0,220.0
50.0,1,163.7,58.2,28.1,42.0,158.0
21.0,1,156.5,53.8,28.8,47.0,172.0
28.0,0,179.5,73.3,4.5,43.0,225.0
51.0,1,161.9,61.7,21.1,12.0,139.0
24.0,0,164.3,58.3,1.1,41.0,183.0
26.0,1,170.5,63.0,17.6,47.0,165.0
24.0,1,169.1,50.4,33.3,26.0,182.0
54.0,1,155.6,62.3,18.5,5.0,113.0
62.0,0,168.7,62.6,19.3,25.0,170.0
41.0,0,175.9,89.9,13.1,44.0,208.0
34.0,0,170.8,84.4,-1.1,30.0,206.0
63.0,1,159.1,64.0,22.0,0.0,117.0
32.0,0,179.8,85.1,22.6,45.0,235.0
26.0,0,158.8,56.8,15.1,55.0,225.0
46.0,0,173.4,72.7,20.0,59.0,219.0
39.0,1,159.6,65.7,3.1,28.0,172.0
25.0,0,174.9,72.1,26.2,53.0,226.0
28.0,0,183.0,70.88,17.9,40.0,216.0
31.0,1,160.7,54.3,25.5,33.0,157.0
35.0,0,176.6,70.1,14.2,54.0,262.0
46.0,0,170.7,80.0,14.3,39.0,218.0
56.0,1,153.3,51.6,21.2,29.0,158.0
51.0,1,160.4,60.7,16.4,4.0,123.0
22.0,0,179.6,70.0,16.7,51.0,248.0
21.0,1,160.0,52.8,9.6,30.0,125.0
37.0,1,148.7,38.1,19.6,31.0,165.0
48.0,1,161.3,77.4,7.5,30.0,160.0
62.0,0,180.9,74.2,-2.3,22.0,183.0
37.0,0,172.0,73.1,14.3,38.0,242.0
44.0,1,160.0,62.4,12.6,40.0,161.0
49.0,1,160.8,72.42,17.4,18.0,120.0
56.0,0,173.0,52.6,-13.2,31.0,198.0
60.0,0,171.8,74.7,17.6,36.0,210.0
55.0,0,166.0,73.9,15.3,26.0,170.0
22.0,1,163.4,75.0,16.0,39.0,172.0
37.0,1,160.7,49.4,24.4,40.0,161.0
49.0,0,166.4,66.6,21.3,53.0,215.0
23.0,1,162.6,64.3,13.2,35.0,142.0
56.0,1,149.0,46.7,28.0,41.0,186.0
52.0,1,159.3,54.4,22.8,22.0,156.0
23.0,0,172.9,76.7,20.1,61.0,234.0
25.0,0,178.0,82.6,14.6,54.0,228.0
28.0,0,177.5,74.7,25.2,70.0,242.0
52.0,1,169.0,73.9,12.5,5.0,128.0
26.0,0,178.7,64.7,3.0,30.0,132.0
45.0,0,168.1,62.24,20.1,53.0,211.0
48.0,0,173.6,72.3,20.4,56.0,240.0
61.0,0,163.0,67.2,8.5,5.0,98.0
25.0,0,171.4,65.7,15.7,62.0,256.0
61.0,0,160.7,67.5,13.7,37.0,187.0
32.0,1,154.4,55.8,23.2,35.0,163.0
59.0,1,160.0,58.7,27.3,25.0,127.0
60.0,0,173.0,76.5,19.6,38.0,200.0
21.0,0,173.2,89.2,4.4,50.0,208.0
33.0,1,159.6,60.5,22.2,24.0,129.0
64.0,0,163.3,62.3,11.5,20.0,179.0
29.0,0,173.7,72.6,17.6,53.0,227.0
35.0,0,168.9,63.6,18.2,54.0,227.0
62.0,1,159.5,54.0,28.1,27.0,161.0
43.0,0,177.3,79.7,20.0,53.0,199.0
34.0,0,179.4,72.4,21.4,53.0,211.0
21.0,0,173.3,74.9,0.9,50.0,212.0
23.0,0,173.0,63.7,21.3,44.0,245.0
36.0,0,188.3,97.8,5.1,33.0,246.0
48.0,1,160.3,52.3,23.6,47.0,178.0
54.0,0,177.4,88.3,3.5,44.0,205.0
39.0,0,186.9,82.3,-4.2,37.0,212.0
26.0,0,177.2,70.1,5.7,51.0,226.0
44.0,0,170.1,64.3,14.4,29.0,221.0
24.0,0,178.6,88.2,12.8,62.0,242.0
25.0,0,168.6,70.7,11.4,64.0,219.0
32.0,0,173.5,61.2,22.5,54.0,222.0
26.0,1,168.5,57.58,22.1,37.0,159.0
30.0,1,162.7,51.1,21.2,33.0,181.0
21.0,0,184.8,79.8,6.6,50.0,257.0
29.0,1,162.0,56.62,14.0,32.0,157.0
28.0,0,179.8,86.9,13.8,58.0,244.0
55.0,1,160.2,54.0,23.3,20.0,149.0
29.0,0,176.2,71.1,6.0,61.0,207.0
28.0,1,162.1,45.48,13.8,41.0,178.0
38.0,1,157.4,52.1,21.5,44.0,197.0
41.0,0,177.4,79.2,4.2,49.0,218.0
40.0,1,153.8,50.8,18.2,29.0,156.0
38.0,0,177.0,69.7,13.6,45.0,210.0
29.0,0,175.0,66.8,19.4,45.0,211.0
28.0,0,170.1,69.9,5.8,58.0,214.0
23.0,0,175.1,69.9,10.4,58.0,227.0
61.0,1,155.5,53.8,23.4,28.0,136.0
25.0,0,172.1,67.3,5.5,47.0,207.0
23.0,0,177.3,71.7,18.7,59.0,245.0
31.0,1,160.0,48.8,23.9,20.0,150.0
49.0,0,171.7,63.3,14.8,56.0,223.0
23.0,0,170.7,70.4,11.2,53.0,225.0
21.0,0,183.2,76.4,17.7,57.0,260.0
35.0,0,168.1,67.1,14.5,44.0,228.0
25.0,0,173.0,69.6,7.3,44.0,188.0
51.0,0,172.4,75.6,22.4,55.0,211.0
26.0,1,167.6,52.3,19.9,37.0,154.0
26.0,0,182.0,81.7,16.9,68.0,260.0
21.0,0,179.1,60.1,24.6,51.0,275.0
25.0,0,173.0,69.5,12.5,38.0,180.0
61.0,1,147.9,64.7,11.6,4.0,130.0
25.0,0,172.0,73.5,15.5,46.0,220.0
25.0,0,172.6,71.3,12.0,55.0,259.0
23.0,1,172.8,62.4,14.8,40.0,193.0
31.0,1,165.0,57.3,18.0,0.0,123.0
31.0,0,174.0,86.8,18.6,66.0,216.0
49.0,0,172.8,65.2,13.9,44.0,181.0
29.0,0,178.7,73.2,9.0,32.0,223.0
33.0,0,169.1,67.9,17.0,53.0,214.0
35.0,0,183.1,70.8,16.7,44.0,235.0
43.0,0,169.7,64.7,10.9,38.0,206.0
48.0,0,173.4,68.7,17.0,46.0,208.0
41.0,1,160.5,67.9,20.0,7.0,164.0
61.0,1,152.4,59.1,20.8,23.0,122.0
25.0,0,172.8,71.9,16.1,51.0,220.0
28.0,0,175.4,69.9,23.8,58.0,230.0
60.0,0,174.3,72.6,7.5,38.0,167.0
53.0,0,164.9,60.3,18.4,35.0,194.0
21.0,0,177.2,64.5,10.9,54.0,237.0
28.0,0,180.1,65.1,11.5,45.0,236.0
55.0,1,153.0,51.6,14.0,24.0,130.0
60.0,0,171.8,68.3,16.5,35.0,183.0
24.0,0,182.8,76.8,12.8,47.0,225.0
25.0,0,182.5,71.1,18.6,42.0,224.0
30.0,0,176.2,76.1,11.5,60.0,201.0
30.0,1,167.0,52.1,-1.4,39.0,140.0
58.0,0,166.2,61.2,13.3,27.0,198.0
63.0,1,155.3,64.8,14.0,12.0,73.0
51.0,1,151.6,47.0,19.6,21.0,135.0
34.0,0,167.4,68.9,8.4,53.0,231.0
64.0,0,174.9,73.2,20.0,36.0,211.0
41.0,1,153.6,46.7,11.0,20.0,155.0
33.0,0,180.3,80.6,-12.5,31.0,213.0
21.0,1,159.9,49.7,24.3,11.0,145.0
21.0,0,183.1,77.2,-0.6,56.0,221.0
33.0,0,174.9,77.2,12.3,42.0,234.0
25.0,0,187.5,78.6,17.1,40.0,234.0
28.0,0,171.8,68.3,18.4,54.0,229.0
35.0,0,181.2,77.5,9.1,49.0,203.0
54.0,1,159.1,64.22,19.8,5.0,133.0
25.0,0,175.3,60.6,17.5,50.0,225.0
26.0,0,178.3,73.16,16.6,58.0,232.0
21.0,0,177.7,63.6,3.5,44.0,247.0
21.0,0,173.6,74.7,24.5,48.0,199.0
43.0,1,164.2,55.2,20.0,53.0,193.0
22.0,1,164.4,52.4,21.7,35.0,148.0
21.0,0,168.3,60.5,18.7,62.0,226.0
26.0,0,171.8,69.7,16.2,49.0,228.0
22.0,1,164.7,49.8,22.7,37.0,164.0
30.0,0,184.0,84.6,19.5,48.0,245.0
62.0,0,163.3,59.84,23.2,36.0,201.0
56.0,0,168.0,67.3,3.3,31.0,169.0
33.0,0,177.5,68.0,12.1,52.0,195.0
44.0,0,173.1,78.5,11.3,47.0,216.0
30.0,1,158.3,51.5,26.0,53.0,156.0
62.0,0,174.3,74.1,13.1,54.0,199.0
22.0,0,185.8,94.1,9.4,50.0,190.0
41.0,0,170.6,72.1,0.8,28.0,223.0
43.0,0,185.2,91.7,10.5,49.0,221.0
22.0,0,181.9,78.0,16.4,60.0,262.0
21.0,1,164.4,48.1,29.4,41.0,215.0
56.0,1,160.8,48.4,20.9,14.0,137.0
24.0,1,157.1,60.5,12.8,35.0,148.0
40.0,0,167.8,69.8,26.6,56.0,210.0
46.0,1,159.7,52.8,16.9,21.0,152.0
34.0,0,178.8,82.3,6.9,58.0,241.0
41.0,0,181.3,79.2,15.5,47.0,253.0
58.0,1,151.9,54.8,5.9,15.0,103.0
25.0,1,166.3,53.6,21.1,54.0,189.0
21.0,1,165.3,51.8,18.5,37.0,165.0
31.0,0,168.4,63.38,17.5,51.0,227.0
42.0,1,158.0,93.1,-2.8,17.0,145.0
36.0,0,178.6,81.4,18.0,47.0,219.0
21.0,0,184.0,76.1,13.4,52.0,239.0
51.0,0,167.4,56.4,9.2,46.0,212.0
27.0,0,179.3,74.5,22.6,55.0,240.0
37.0,0,172.1,72.5,16.8,31.0,194.0
22.0,0,170.0,67.4,13.2,60.0,220.0
38.0,0,166.5,59.0,13.8,39.0,213.0
47.0,0,167.7,67.6,19.4,61.0,220.0
44.0,0,170.8,73.5,11.6,35.0,204.0
24.0,0,175.1,81.8,9.5,39.0,192.0
21.0,1,164.3,52.1,25.0,44.0,182.0
38.0,0,169.0,72.9,8.8,50.0,226.0
33.0,1,157.2,50.8,18.8,38.0,141.0
22.0,0,168.0,55.1,27.4,60.0,230.0
23.0,0,175.1,67.1,12.6,53.0,252.0
41.0,1,170.4,63.8,25.8,41.0,168.0
43.0,0,174.0,64.8,15.1,62.0,235.0
27.0,1,161.0,51.9,22.3,35.0,169.0
24.0,0,176.4,80.9,9.5,52.0,247.0
26.0,0,173.4,81.4,-4.5,23.0,178.0
28.0,1,160.6,54.2,23.3,60.0,195.0
29.0,0,170.7,85.3,2.2,33.0,198.0
53.0,0,172.3,71.6,9.3,47.0,203.0
21.0,0,183.3,76.5,16.3,59.0,227.0
52.0,0,170.6,69.5,12.3,30.0,170.0
28.0,0,171.4,72.2,15.0,62.0,260.0
60.0,1,156.5,55.1,27.3,20.0,124.0
26.0,0,171.6,67.7,1.2,49.0,208.0
26.0,0,168.0,64.4,18.5,53.0,244.0
23.0,1,158.0,47.44,25.4,45.0,168.0
40.0,0,174.8,79.1,19.2,50.0,239.0
24.0,1,166.9,56.1,-6.2,22.0,156.0
39.0,1,158.5,53.6,25.9,31.0,171.0
24.0,0,175.9,75.4,1.4,54.0,222.0
42.0,1,163.2,54.3,24.2,35.0,164.0
30.0,0,174.8,75.2,16.3,65.0,249.0
28.0,0,172.5,69.2,11.4,43.0,186.0
32.0,1,157.4,50.4,26.8,41.0,166.0
42.0,1,158.1,62.1,20.1,32.0,146.0
62.0,1,159.2,50.8,24.2,22.0,147.0
63.0,0,164.6,65.8,13.0,31.0,179.0
25.0,0,173.9,78.0,15.9,55.0,231.0
29.0,0,174.6,92.1,15.0,42.0,192.0
30.0,0,173.3,67.5,7.0,54.0,244.0
26.0,1,164.1,58.1,20.3,50.0,183.0
23.0,1,158.0,57.0,24.0,46.0,188.0
24.0,0,184.8,66.5,-13.6,31.0,236.0
21.0,0,175.5,73.5,16.5,47.0,215.0
23.0,0,175.9,74.48,9.4,49.0,234.0
56.0,0,173.7,76.3,16.5,38.0,215.0
21.0,1,155.7,51.0,16.2,34.0,164.0
39.0,0,169.2,84.6,13.9,34.0,165.0
22.0,1,161.8,43.9,28.1,33.0,166.0
39.0,0,180.6,73.2,16.1,46.0,226.0
45.0,0,168.0,62.0,20.2,54.0,211.0
31.0,0,179.9,78.4,5.7,36.0,205.0
50.0,1,161.2,52.1,21.7,24.0,145.0
32.0,0,168.2,62.9,20.7,56.0,226.0
25.0,0,167.6,59.6,17.7,38.0,218.0
50.0,0,166.6,74.5,11.2,30.0,192.0
25.0,0,176.6,71.1,11.0,34.0,224.0
46.0,0,170.9,74.36,7.3,39.0,209.0
61.0,0,173.5,68.8,14.4,28.0,181.0
28.0,0,173.9,76.5,18.9,53.0,208.0
42.0,0,179.2,84.3,16.4,44.0,213.0
28.0,1,158.8,52.2,24.9,27.0,141.0
25.0,0,168.8,71.2,9.5,47.0,210.0
61.0,0,159.5,54.8,12.0,19.0,141.0
24.0,1,165.2,53.7,23.3,45.0,163.0
27.0,0,175.3,77.0,17.9,67.0,259.0
34.0,0,170.4,64.8,5.8,45.0,202.0
29.0,1,167.2,54.4,14.8,0.0,115.0
60.0,0,170.0,76.0,18.3,27.0,197.0
21.0,0,174.7,86.1,13.7,57.0,277.0
26.0,0,175.3,67.3,-14.5,45.0,230.0
48.0,0,174.8,74.4,9.6,42.0,193.0
24.0,0,171.9,70.1,18.7,44.0,198.0
21.0,1,167.3,76.1,14.0,44.0,162.0
46.0,0,171.9,64.8,1.9,23.0,198.0
23.0,0,182.2,82.7,18.2,57.0,227.0
23.0,1,161.0,52.5,24.8,41.0,184.0
59.0,0,166.1,71.0,4.9,26.0,177.0
26.0,0,174.3,80.1,17.3,62.0,238.0
29.0,0,168.0,83.5,15.8,62.0,229.0
45.0,0,172.5,77.8,15.6,42.0,203.0
26.0,0,180.6,78.4,9.9,52.0,211.0
41.0,1,158.4,54.8,18.6,40.0,159.0
56.0,0,171.1,62.6,27.2,45.0,217.0
23.0,1,156.0,51.7,20.0,46.0,157.0
61.0,0,162.5,72.7,18.3,31.0,169.0
44.0,1,159.7,66.9,12.6,15.0,137.0
38.0,0,168.2,75.4,10.9,43.0,221.0
64.0,1,159.9,56.7,21.9,23.0,142.0
35.0,0,163.8,66.1,18.8,65.0,202.0
44.0,1,159.9,49.8,25.5,19.0,153.0
35.0,1,153.2,44.6,21.4,33.0,129.0
21.0,1,160.0,52.1,21.9,49.0,178.0
39.0,0,177.7,68.6,2.8,44.0,240.0
34.0,0,185.1,85.3,19.6,51.0,255.0
22.0,0,184.0,80.4,15.8,43.0,187.0
27.0,1,162.6,51.5,28.5,42.0,168.0
26.0,0,187.9,95.4,19.3,47.0,227.0
29.0,0,181.1,103.3,7.2,31.0,202.0
23.0,1,163.9,53.2,21.1,43.0,188.0
48.0,1,159.8,64.3,18.2,35.0,164.0
37.0,0,177.3,75.3,17.3,53.0,221.0
27.0,1,162.2,50.3,21.5,19.0,142.0
22.0,0,169.1,66.9,9.3,53.0,196.0
31.0,0,174.5,74.0,23.0,37.0,211.0
23.0,1,165.1,63.2,15.6,18.0,161.0
28.0,0,178.7,87.7,16.5,45.0,216.0
22.0,0,177.1,62.1,13.8,48.0,228.0
62.0,1,157.2,50.4,19.8,18.0,159.0
64.0,0,164.0,71.2,13.2,32.0,172.0
24.0,0,169.5,68.3,-1.7,37.0,185.0
23.0,0,172.8,76.4,14.5,58.0,226.0
27.0,0,181.6,70.9,14.4,49.0,214.0
32.0,1,164.5,59.6,27.6,36.0,170.0
26.0,0,183.2,89.3,8.8,54.0,201.0
21.0,0,170.7,72.4,10.0,50.0,204.0
61.0,0,158.6,43.2,10.3,26.0,130.0
33.0,0,169.0,74.5,16.0,53.0,267.0
54.0,0,174.5,73.7,16.8,45.0,165.0
25.0,1,168.1,53.9,26.5,46.0,185.0
26.0,0,164.1,63.4,14.6,44.0,223.0
64.0,1,146.1,57.7,9.2,0.0,75.0
31.0,0,176.7,80.32,17.2,57.0,221.0
43.0,1,164.0,58.6,16.8,31.0,156.0
39.0,0,184.3,95.0,6.4,32.0,213.0
31.0,1,157.0,49.3,22.4,40.0,171.0
61.0,0,164.6,70.4,11.5,26.0,160.0
64.0,0,164.7,64.3,13.3,34.0,135.0
54.0,1,150.1,56.5,20.3,15.0,135.0
42.0,1,157.0,76.8,12.1,14.0,113.0
52.0,0,182.0,80.7,8.6,41.0,185.0
39.0,0,181.9,95.0,24.9,62.0,228.0
21.0,0,179.5,80.3,1.4,55.0,233.0
37.0,1,169.0,60.9,16.3,23.0,155.0
28.0,0,175.1,81.7,5.4,55.0,225.0
21.0,0,180.1,62.3,12.1,46.0,251.0
22.0,0,177.8,90.5,-1.2,38.0,206.0
26.0,0,169.0,67.4,8.3,48.0,198.0
23.0,1,155.2,53.5,16.5,46.0,180.0
23.0,1,160.2,56.8,28.2,48.0,199.0
25.0,1,167.0,61.3,-6.5,22.0,169.0
25.0,1,168.1,57.5,19.8,30.0,174.0
45.0,0,160.1,64.8,1.3,3.0,43.0
26.0,0,174.6,72.3,16.7,48.0,243.0
21.0,0,182.6,86.8,-0.5,56.0,218.0
51.0,0,172.3,104.5,2.7,38.0,210.0
22.0,0,182.9,72.4,11.2,45.0,225.0
49.0,1,160.8,58.6,18.1,20.0,137.0
38.0,0,173.5,78.2,7.4,33.0,214.0
29.0,0,169.7,66.6,18.2,48.0,223.0
57.0,1,153.0,49.0,30.0,0.0,90.0
21.0,0,174.4,72.0,28.4,56.0,224.0
22.0,1,168.0,59.1,20.5,53.0,170.0
21.0,0,180.2,80.3,10.4,53.0,239.0
62.0,0,171.1,55.0,15.2,36.0,183.0
23.0,1,154.9,61.24,23.7,44.0,145.0
59.0,0,169.3,72.0,21.2,44.0,197.0
45.0,0,162.5,69.5,20.1,52.0,235.0
23.0,0,180.7,69.4,3.6,38.0,219.0
24.0,1,167.6,71.9,24.5,44.0,178.0
26.0,0,167.4,65.4,7.5,49.0,209.0
21.0,0,171.7,77.0,13.5,34.0,204.0
21.0,0,180.2,82.1,12.8,28.0,182.0
33.0,1,152.3,51.7,9.1,24.0,133.0
24.0,0,170.1,68.9,6.3,49.0,207.0
27.0,1,159.6,43.5,23.4,45.0,155.0
24.0,0,163.8,62.8,4.1,32.0,180.0
33.0,0,165.7,78.5,9.9,45.0,213.0
54.0,0,168.4,63.3,5.9,61.0,188.0
43.0,0,168.9,76.2,12.8,34.0,201.0
26.0,1,153.5,59.7,16.5,7.0,139.0
39.0,0,173.2,75.9,10.8,35.0,211.0
27.0,0,175.8,74.8,17.8,55.0,230.0
32.0,0,167.8,80.0,10.4,37.0,214.0
56.0,0,166.7,56.9,17.8,30.0,198.0
25.0,1,157.3,51.5,21.9,28.0,161.0
23.0,0,178.0,69.9,12.5,58.0,245.0
37.0,1,160.5,74.9,17.8,18.0,161.0
59.0,0,169.3,70.8,8.9,25.0,172.0
25.0,0,172.0,66.0,17.0,52.0,197.0
33.0,0,170.1,69.1,27.6,43.0,203.0
60.0,0,175.9,67.2,15.2,25.0,188.0
21.0,1,156.5,55.9,-10.9,58.0,156.0
26.0,0,173.6,70.8,11.8,63.0,205.0
25.0,1,159.3,52.7,9.9,32.0,157.0
64.0,1,160.8,55.6,31.0,25.0,105.0
21.0,1,164.7,55.3,22.0,44.0,179.0
51.0,0,172.6,70.74,18.1,54.0,216.0
43.0,0,167.1,58.5,3.2,50.0,216.0
35.0,0,177.3,72.4,13.0,58.0,236.0
25.0,0,186.3,89.2,12.4,49.0,286.0
39.0,1,164.1,52.8,25.8,33.0,159.0
21.0,0,175.2,74.1,24.8,56.0,230.0
34.0,1,156.9,49.4,23.1,35.0,162.0
29.0,0,174.7,79.0,17.2,74.0,241.0
22.0,0,184.6,76.8,16.2,57.0,229.0
57.0,1,158.1,57.6,20.5,32.0,142.0
28.0,0,175.4,69.5,16.2,54.0,249.0
56.0,1,164.4,57.9,16.1,23.0,135.0
28.0,0,173.7,70.74,18.7,67.0,261.0
41.0,1,161.4,67.9,21.0,33.0,150.0
60.0,0,171.6,62.4,18.3,24.0,160.0
21.0,0,173.1,69.5,1.7,53.0,238.0
60.0,1,160.0,76.9,-8.1,0.0,0.0
27.0,0,164.7,59.1,24.1,41.0,151.0
28.0,0,178.1,65.5,12.0,38.0,150.0
38.0,0,167.7,69.8,13.4,54.0,226.0
21.0,0,173.0,65.7,18.5,50.0,248.0
64.0,0,155.6,70.0,10.4,27.0,151.0
53.0,0,180.8,78.0,0.1,22.0,187.0
52.0,1,147.3,57.7,14.2,42.0,152.0
60.0,1,152.6,52.2,4.3,25.0,131.0
26.0,1,167.8,60.2,16.3,42.0,160.0
29.0,0,164.3,57.2,15.0,69.0,228.0
45.0,1,155.9,58.2,18.6,19.0,146.0
34.0,1,160.0,90.7,5.8,7.0,98.0
30.0,0,170.0,50.3,5.3,39.0,225.0
40.0,1,159.4,52.6,26.3,31.0,162.0
24.0,1,161.7,50.0,15.5,20.0,114.0
33.0,0,165.1,59.0,11.2,45.0,233.0
45.0,0,167.4,67.46,13.6,38.0,219.0
37.0,0,169.3,73.84,15.6,45.0,183.0
43.0,1,165.6,60.4,21.4,29.0,166.0
21.0,1,154.4,54.2,16.4,43.0,117.0
21.0,0,173.5,68.3,16.6,44.0,241.0
37.0,0,181.2,86.0,21.3,44.0,222.0
23.0,1,158.0,45.0,17.5,49.0,150.0
51.0,0,171.0,77.52,25.0,30.0,198.0
40.0,0,175.7,70.8,14.6,43.0,211.0
30.0,1,166.7,52.1,19.1,45.0,184.0
21.0,1,170.9,62.7,19.8,41.0,198.0
29.0,1,153.2,53.3,17.0,40.0,180.0
29.0,0,180.0,75.4,14.6,60.0,259.0
49.0,0,166.5,69.1,15.8,36.0,189.0
23.0,1,162.7,53.8,26.5,41.0,196.0
22.0,0,171.9,62.22,6.8,57.0,158.0
50.0,0,174.7,65.9,17.6,38.0,212.0
34.0,0,174.5,70.7,15.7,54.0,233.0
25.0,0,175.2,83.9,22.7,48.0,246.0
22.0,0,183.4,88.5,13.2,57.0,243.0
44.0,0,173.0,75.0,13.0,20.0,209.0
61.0,0,168.4,75.5,7.9,22.0,140.0
52.0,1,152.7,56.7,20.0,27.0,120.0
30.0,0,175.0,76.9,21.5,57.0,260.0
47.0,1,160.2,52.8,22.1,28.0,165.0
34.0,0,176.8,75.3,6.2,56.0,221.0
32.0,1,164.0,51.4,20.4,25.0,130.0
63.0,1,156.9,55.9,6.0,4.0,60.0
21.0,1,165.0,51.1,27.1,55.0,202.0
39.0,1,159.0,54.9,24.4,51.0,198.0
21.0,0,169.9,64.8,16.8,74.0,260.0
41.0,0,173.3,73.9,15.1,33.0,214.0
25.0,0,181.1,78.5,19.5,65.0,188.0
53.0,1,151.9,59.6,19.4,19.4,136.0
24.0,1,162.4,50.92,20.2,46.0,201.0
21.0,1,161.9,49.0,21.0,31.0,120.0
39.0,0,168.7,75.2,12.5,50.0,229.0
45.0,1,160.6,59.2,25.4,19.0,91.0
32.0,0,181.0,74.6,29.9,60.0,238.0
24.0,0,172.2,65.8,18.0,46.0,233.0
64.0,1,148.6,57.8,20.8,14.0,120.0
24.0,0,168.7,72.3,6.7,50.0,181.0
27.0,1,159.5,68.8,18.9,51.0,168.0
25.0,0,183.8,68.3,10.0,53.0,244.0
35.0,0,171.0,89.0,26.4,60.0,232.0
48.0,0,167.1,63.6,16.1,40.0,199.0
25.0,0,172.8,66.3,20.6,37.0,243.0
42.0,1,162.4,60.7,21.5,43.0,172.0
22.0,1,156.5,44.5,17.7,42.0,155.0
62.0,0,170.2,63.8,12.4,33.0,201.0
43.0,1,159.7,58.4,15.1,47.0,196.0
25.0,0,175.9,81.1,14.9,56.0,211.0
35.0,0,170.6,71.36,30.0,48.0,241.0
36.0,0,164.4,70.2,6.5,46.0,213.0
42.0,0,172.4,69.9,18.5,40.0,215.0
36.0,1,164.8,58.8,19.3,30.0,162.0
53.0,0,174.2,81.8,5.7,47.0,196.0
38.0,0,181.3,71.2,17.2,40.0,240.0
27.0,0,165.4,65.0,10.2,46.0,179.0
39.0,1,162.2,54.4,26.7,43.0,179.0
63.0,0,181.9,71.8,5.4,23.0,172.0
21.0,0,171.9,67.3,21.9,50.0,229.0
42.0,0,172.0,68.0,16.0,46.0,215.0
27.0,1,174.8,71.2,13.8,42.0,190.0
23.0,0,180.7,82.1,19.7,58.0,237.0
22.0,1,158.4,63.2,6.5,33.0,159.0
21.0,1,161.3,50.6,29.4,39.0,175.0
36.0,0,179.8,83.0,10.75,46.0,220.0
55.0,0,173.0,77.8,14.2,40.0,205.0
59.0,1,152.1,50.6,15.1,9.0,110.0
25.0,1,159.0,50.3,20.7,44.0,186.0
24.0,1,154.1,42.1,23.4,41.0,179.0
58.0,0,161.1,73.1,6.0,40.0,165.0
37.0,1,162.7,71.3,2.7,16.0,159.0
29.0,1,164.1,52.54,31.3,40.0,172.0
22.0,1,159.5,53.6,21.1,35.0,139.0
62.0,0,170.0,78.9,7.7,41.0,185.0
25.0,1,161.2,70.6,8.7,24.0,165.0
63.0,1,153.0,50.3,18.8,11.0,106.0
31.0,1,163.0,53.6,29.9,42.0,219.0
25.0,0,178.9,81.4,13.9,50.0,230.0
22.0,1,155.7,55.4,-11.0,24.0,112.0
36.0,0,174.6,82.1,-2.0,28.0,227.0
38.0,1,162.3,58.6,3.0,9.0,123.0
23.0,0,162.6,63.8,5.2,45.0,191.0
23.0,0,175.0,86.0,21.0,60.0,243.0
63.0,0,169.7,67.1,9.5,32.0,190.0
44.0,1,169.4,55.6,26.8,41.0,182.0
22.0,1,163.0,51.5,28.0,34.0,164.0
60.0,0,167.3,77.5,5.3,35.0,185.0
57.0,1,157.0,61.1,13.5,21.0,124.0
60.0,0,176.7,80.9,16.4,20.0,177.0
25.0,1,161.3,46.0,21.8,35.0,172.0
43.0,0,177.0,63.6,16.1,48.0,220.0
27.0,1,168.2,67.24,26.0,45.0,173.0
31.0,0,175.3,72.9,19.0,51.0,241.0
45.0,0,175.0,79.1,5.3,42.0,190.0
43.0,0,175.1,74.4,10.2,42.0,224.0
21.0,1,164.2,64.0,19.9,47.0,175.0
22.0,0,176.4,60.1,20.6,44.0,251.0
58.0,0,171.1,64.4,10.4,29.0,181.0
32.0,0,168.8,62.7,14.9,39.0,230.0
28.0,0,166.5,62.8,16.4,56.0,215.0
25.0,0,175.6,75.0,9.1,37.0,193.0
36.0,1,165.4,55.4,21.0,27.0,153.0
56.0,0,169.4,74.4,21.2,23.0,159.0
35.0,1,159.9,56.5,24.1,26.0,159.0
52.0,0,164.7,67.1,-10.0,30.0,182.0
22.0,0,180.3,73.6,-2.0,41.0,163.0
21.0,0,185.3,76.9,21.3,35.0,179.0
39.0,0,177.1,75.3,6.8,31.0,194.0
27.0,0,170.8,66.5,8.5,45.0,208.0
45.0,1,160.2,59.42,19.4,19.0,127.0
37.0,0,165.0,86.9,17.3,51.0,242.0
22.0,0,171.1,75.52,15.9,24.0,186.0
25.0,0,176.3,68.1,-5.8,30.0,165.0
56.0,0,171.0,73.1,8.5,29.0,183.0
26.0,0,181.1,84.4,9.5,45.0,206.0
27.0,0,175.8,72.3,19.4,53.0,247.0
28.0,0,163.0,67.9,0.9,61.0,180.0
22.0,0,170.7,72.2,20.7,49.0,226.0
29.0,1,170.6,68.2,20.0,24.0,149.0
30.0,0,172.0,68.5,14.0,68.0,232.0
27.0,0,171.0,65.1,19.5,50.0,211.0
29.0,1,167.0,65.8,28.3,54.0,196.0
22.0,0,177.2,84.5,16.5,52.0,190.0
31.0,1,164.8,56.1,16.1,27.0,145.0
34.0,0,165.1,62.3,15.4,53.0,230.0
35.0,0,175.7,82.9,4.8,33.0,232.0
22.0,1,160.2,58.8,23.5,54.0,206.0
60.0,0,159.2,69.2,7.6,33.0,206.0
34.0,0,168.4,71.8,15.2,45.0,233.0
27.0,0,183.1,85.5,6.9,53.0,223.0
25.0,0,182.5,79.8,19.1,49.0,200.0
27.0,0,172.6,64.0,6.3,39.0,199.0
60.0,0,163.2,72.3,11.9,31.0,195.0
22.0,1,153.6,52.0,22.1,34.0,157.0
23.0,1,170.3,87.9,-5.5,1.0,116.0
22.0,0,163.6,61.7,12.7,60.0,232.0
49.0,1,151.5,52.0,21.3,39.0,154.0
26.0,0,180.7,83.7,17.7,52.0,230.0
54.0,1,154.8,61.0,13.9,26.0,150.0
29.0,1,170.7,58.82,20.5,35.0,141.0
22.0,0,176.0,79.6,19.3,56.0,277.0
28.0,0,170.0,95.0,4.0,32.0,140.0
45.0,0,165.7,63.3,12.2,40.0,216.0
43.0,0,178.9,82.2,13.8,52.0,202.0
51.0,0,174.3,59.1,9.7,37.0,211.0
36.0,1,168.6,59.1,21.6,13.0,154.0
47.0,0,169.1,71.2,12.2,37.0,210.0
41.0,0,172.9,72.4,-8.3,51.0,215.0
57.0,1,164.2,56.0,32.4,47.0,148.0
32.0,0,175.6,79.0,16.4,56.0,221.0
29.0,0,173.2,72.7,-3.6,42.0,188.0
25.0,1,169.3,65.3,25.6,55.0,169.0
23.0,1,161.5,62.9,14.3,37.0,153.0
38.0,0,165.5,61.1,19.4,53.0,254.0
25.0,1,160.0,57.3,19.8,44.0,178.0
26.0,0,174.9,86.9,13.1,41.0,219.0
37.0,0,172.5,71.6,17.7,46.0,202.0
61.0,1,153.4,49.1,24.8,26.0,120.0
36.0,1,162.0,53.6,21.0,35.0,155.0
31.0,0,164.7,62.9,6.0,49.0,190.0
39.0,1,166.0,58.5,19.0,38.0,180.0
31.0,0,175.6,72.6,19.8,48.0,229.0
50.0,1,158.7,71.4,15.7,26.0,175.0
43.0,0,177.6,69.6,23.9,50.0,227.0
50.0,1,162.1,59.6,3.5,23.0,149.0
36.0,0,179.1,96.2,17.0,40.0,200.0
35.0,1,174.7,70.6,11.0,28.0,167.0
26.0,1,169.1,63.5,8.8,31.0,113.0
24.0,0,173.0,67.6,17.1,60.0,248.0
34.0,0,178.3,72.4,7.9,51.0,265.0
58.0,1,155.6,82.0,5.1,12.0,95.0
44.0,0,163.7,58.4,18.4,50.0,221.0
31.0,0,184.0,75.3,13.1,47.0,210.0
28.0,0,186.5,87.6,18.1,57.0,262.0
48.0,0,169.6,66.1,17.3,44.0,215.0
30.0,0,168.9,74.0,17.7,45.0,198.0
24.0,0,173.8,78.5,2.8,54.0,180.0
32.0,0,179.6,70.5,14.7,56.0,223.0
53.0,0,167.8,91.6,-7.0,15.0,175.0
56.0,0,174.4,72.5,18.5,30.0,176.0
27.0,1,163.4,68.7,18.5,27.0,157.0
32.0,0,166.8,75.9,14.0,43.0,204.0
24.0,0,173.9,64.0,22.0,55.0,252.0
32.0,1,170.8,71.5,21.1,47.0,144.0
63.0,0,168.4,86.1,-6.4,2.0,166.0
32.0,0,175.1,76.5,19.7,48.0,245.0
36.0,0,170.0,71.0,20.6,71.0,234.0
28.0,0,175.4,60.6,17.5,53.0,227.0
63.0,1,154.9,49.4,21.8,17.0,75.0
43.0,1,168.1,54.5,21.0,32.0,120.0
33.0,0,169.3,75.4,9.2,43.0,209.0
23.0,0,169.0,86.22,5.4,41.0,198.0
24.0,0,174.9,77.3,22.1,46.0,225.0
26.0,1,167.7,60.9,28.1,37.0,203.0
22.0,1,158.0,54.6,20.6,50.0,186.0
22.0,0,181.2,71.46,18.1,55.0,226.0
26.0,0,172.5,68.4,12.2,56.0,220.0
26.0,1,161.4,57.9,0.9,28.0,144.0
30.0,0,168.0,74.8,15.1,46.0,219.0
60.0,0,164.0,64.7,1.5,24.0,154.0
29.0,0,175.8,75.2,21.8,44.0,246.0
34.0,1,167.4,82.9,1.0,0.0,112.0
62.0,0,169.1,65.3,14.8,22.0,152.0
23.0,1,161.1,50.5,20.6,44.0,159.0
57.0,1,160.8,59.6,6.4,12.0,141.0
22.0,0,174.1,70.0,27.8,57.0,237.0
37.0,0,175.8,82.6,18.7,48.0,223.0
32.0,0,169.8,75.7,17.9,51.0,243.0
29.0,1,168.6,76.7,13.8,26.0,160.0
60.0,0,165.5,56.9,15.6,30.0,169.0
53.0,0,174.0,87.3,14.7,51.0,183.0
37.0,0,178.5,61.3,11.0,43.0,225.0
38.0,0,169.0,74.8,9.1,35.0,204.0
51.0,0,173.8,68.1,17.9,34.0,197.0
24.0,0,172.0,72.0,16.5,55.0,253.0
26.0,1,168.5,78.24,21.5,53.0,161.0
23.0,1,161.5,57.1,21.2,52.0,192.0
50.0,1,164.8,64.1,21.6,26.0,156.0
42.0,0,170.6,63.8,13.9,47.0,216.0
29.0,0,174.6,69.4,15.1,44.0,220.0
55.0,1,154.6,59.4,23.9,28.0,125.0
43.0,0,178.4,79.2,17.3,51.0,241.0
53.0,1,158.3,51.3,18.7,30.0,135.0
59.0,0,165.2,67.62,15.8,35.0,195.0
22.0,0,168.9,69.0,18.0,56.0,237.0
29.0,1,167.9,60.7,21.9,43.0,170.0
64.0,0,165.5,67.6,-8.5,23.0,151.0
41.0,1,154.8,45.3,19.6,42.0,170.0
35.0,0,167.1,68.9,22.0,55.0,237.0
27.0,1,165.6,58.0,26.5,39.0,171.0
22.0,0,166.7,54.7,27.3,55.0,227.0
32.0,0,182.5,84.7,4.3,46.0,188.0
56.0,1,163.2,55.3,22.5,18.0,154.0
39.0,0,176.7,83.4,20.7,40.0,213.0
62.0,1,155.6,66.1,18.7,6.0,101.0
33.0,0,176.9,71.2,24.2,60.0,237.0
21.0,1,155.1,41.56,14.6,46.0,169.0
64.0,1,150.8,43.9,27.2,39.0,142.0
29.0,0,172.8,71.5,15.0,58.0,266.0
33.0,0,171.1,66.3,3.3,39.0,221.0
24.0,1,172.3,66.5,22.8,44.0,190.0
25.0,0,177.9,77.5,11.9,50.0,224.0
37.0,1,178.2,74.9,22.3,46.0,191.0
25.0,1,157.2,51.2,15.3,45.0,180.0
28.0,0,174.8,89.3,9.7,55.0,217.0
45.0,1,154.0,52.9,14.8,21.0,140.0
41.0,0,176.4,75.1,8.9,41.0,196.0
22.0,0,179.8,82.0,14.2,42.0,201.0
24.0,0,177.2,79.5,-2.5,56.0,245.0
60.0,0,168.9,55.6,15.5,32.0,182.0
35.0,1,169.0,59.1,18.6,47.0,185.0
21.0,0,185.4,81.7,11.9,29.0,217.0
28.0,1,158.9,56.5,16.5,50.0,130.0
36.0,0,182.5,79.4,20.0,31.0,222.0
22.0,0,183.7,74.4,11.5,66.0,222.0
24.0,1,165.7,58.2,20.9,52.0,180.0
21.0,0,171.1,72.8,20.7,65.0,225.0
37.0,1,158.0,57.6,12.0,20.0,135.0
31.0,0,172.0,78.5,15.3,60.0,250.0
30.0,0,182.5,86.2,1.2,45.0,191.0
22.0,0,179.9,78.9,-8.8,66.0,185.0
52.0,1,155.4,56.9,11.7,11.0,112.0
26.0,1,150.6,56.2,25.4,49.0,177.0
38.0,0,173.5,80.5,7.2,47.0,224.0
47.0,1,153.5,54.4,18.1,31.0,117.0
40.0,1,162.9,51.3,16.4,38.0,167.0
50.0,1,154.6,53.2,20.2,23.0,158.0
25.0,1,163.5,66.62,17.9,41.0,162.0
37.0,0,161.7,59.4,23.0,57.0,214.0
24.0,1,160.4,52.2,26.3,46.0,161.0
27.0,0,167.9,66.4,13.6,50.0,239.0
48.0,1,161.2,50.0,5.0,15.0,104.0
60.0,0,168.3,68.0,5.1,23.0,174.0
32.0,1,173.2,65.0,23.2,35.0,137.0
41.0,0,173.5,72.8,2.6,34.0,188.0
34.0,0,171.6,65.6,18.3,43.0,120.0
23.0,0,183.4,82.6,6.2,52.0,245.0
50.0,0,168.1,78.3,16.4,22.0,156.0
56.0,0,166.4,65.3,7.9,32.0,180.0
33.0,1,159.7,51.9,16.7,35.0,144.0
22.0,1,158.0,53.8,5.8,22.0,115.0
57.0,1,149.1,56.0,27.8,12.0,130.0
21.0,0,180.8,87.2,18.4,61.0,241.0
32.0,0,172.8,77.3,22.6,47.0,229.0
53.0,0,170.2,62.5,14.4,32.0,182.0
22.0,0,178.0,62.3,15.0,54.0,214.0
28.0,1,154.8,52.3,14.4,30.0,137.0
37.0,0,179.2,89.5,21.9,45.0,232.0
59.0,1,156.9,49.3,27.6,25.0,105.0
64.0,1,159.0,58.9,20.1,12.0,145.0
48.0,0,164.4,82.4,4.0,26.0,198.0
42.0,0,185.6,83.0,5.3,45.0,224.0
46.0,1,161.3,58.4,20.0,34.0,166.0
21.0,0,176.5,78.8,10.6,61.0,165.0
37.0,0,178.0,76.9,8.4,50.0,213.0
27.0,1,155.8,52.4,15.0,45.0,181.0
22.0,0,169.3,76.0,17.0,51.0,210.0
25.0,0,178.7,63.8,1.5,33.0,214.0
26.0,1,162.4,49.5,24.7,39.0,167.0
23.0,0,168.4,62.9,17.8,49.0,208.0
64.0,1,158.8,59.64,13.2,15.0,135.0
21.0,0,175.7,69.34,25.8,56.0,236.0
48.0,0,174.2,84.6,3.0,26.0,190.0
33.0,0,169.6,75.5,23.1,59.0,239.0
21.0,1,171.0,64.26,14.9,44.0,186.0
23.0,1,169.4,56.0,26.0,34.0,161.0
39.0,1,153.0,53.6,22.4,19.0,143.0
42.0,0,173.4,71.1,12.1,38.0,220.0
34.0,0,164.4,67.3,10.6,41.0,216.0
21.0,1,167.3,52.9,21.1,47.0,189.0
23.0,1,165.9,74.8,17.5,28.0,192.0
24.0,0,181.1,83.8,21.0,43.0,235.0
25.0,0,175.1,72.7,9.0,37.0,230.0
49.0,0,180.6,82.8,23.4,48.0,198.0
55.0,0,170.0,73.6,8.2,26.0,163.0
22.0,0,176.6,74.4,4.8,34.0,216.0
29.0,0,173.3,84.36,13.1,54.0,178.0
28.0,0,173.8,79.1,27.1,54.0,230.0
23.0,0,177.0,73.52,19.7,46.0,230.0
59.0,0,167.0,71.9,2.0,16.0,140.0
24.0,0,179.6,65.6,10.5,45.0,215.0
24.0,0,173.1,60.4,10.2,62.0,239.0
33.0,0,184.6,85.4,1.6,36.0,211.0
32.0,0,166.6,68.1,13.9,38.0,203.0
39.0,1,162.1,45.0,19.6,27.0,169.0
35.0,1,160.2,57.2,21.0,44.0,150.0
23.0,1,164.7,44.3,12.5,25.0,130.0
62.0,0,172.4,59.1,11.2,56.0,203.0
24.0,0,177.9,75.7,24.6,62.0,250.0
25.0,1,163.5,60.32,16.8,35.0,161.0
30.0,0,175.0,81.2,14.0,46.0,236.0
27.0,1,167.8,60.9,28.5,45.0,182.0
58.0,1,155.4,60.14,12.5,17.0,129.0
23.0,0,175.1,82.7,11.1,58.0,217.0
27.0,0,178.6,70.5,22.7,52.0,216.0
60.0,0,172.0,68.3,6.4,27.0,211.0
30.0,0,180.0,83.6,17.0,51.0,264.0
32.0,1,158.9,49.2,30.5,42.0,202.0
25.0,0,176.1,77.1,14.6,55.0,224.0
24.0,0,175.4,89.3,4.8,31.0,158.0
33.0,0,171.0,75.6,22.1,50.0,215.0
52.0,0,173.4,81.2,-2.3,29.0,173.0
35.0,1,157.5,51.0,11.7,21.0,119.0
25.0,0,172.2,69.9,18.9,57.0,243.0
35.0,1,169.5,73.2,17.3,42.0,174.0
51.0,0,173.8,64.6,12.8,53.0,220.0
26.0,0,176.1,73.7,17.9,57.0,234.0
31.0,0,181.2,86.8,18.4,50.0,238.0
30.0,0,182.7,78.3,24.7,48.0,247.0
21.0,1,162.1,73.0,10.3,19.0,157.0
51.0,1,156.8,57.0,14.9,14.0,110.0
23.0,1,160.5,60.1,26.9,58.0,158.0
42.0,0,178.8,68.6,19.1,43.0,246.0
24.0,1,164.1,56.8,33.3,35.0,183.0
56.0,0,175.2,73.5,18.3,41.0,172.0
48.0,0,182.3,82.5,10.3,43.0,210.0
59.0,0,165.4,70.2,8.5,35.0,192.0
27.0,0,170.1,63.5,17.1,57.0,244.0
47.0,0,173.9,77.0,5.6,42.0,199.0
24.0,1,150.7,52.46,19.8,31.0,171.0
24.0,0,155.9,55.28,20.8,49.0,210.0
22.0,0,176.0,76.7,17.0,57.0,241.0
46.0,1,157.4,50.8,19.4,26.0,124.0
33.0,0,179.6,75.9,16.4,39.0,243.0
37.0,0,184.8,84.4,18.4,41.0,278.0
23.0,0,170.5,66.9,15.1,56.0,222.0
30.0,1,178.0,71.6,27.4,30.0,198.0
28.0,0,166.5,62.3,19.4,52.0,189.0
28.0,0,173.7,82.1,2.4,51.0,238.0
27.0,0,169.8,67.4,16.8,35.0,191.0
55.0,1,155.0,60.7,25.9,24.0,145.0
27.0,1,153.6,53.9,23.3,41.0,160.0
21.0,0,170.2,71.7,20.9,62.0,233.0
54.0,0,167.1,64.6,14.0,46.0,201.0
26.0,1,165.9,58.0,24.1,45.0,201.0
50.0,0,172.8,73.6,6.3,31.0,185.0
45.0,0,176.0,79.2,2.2,28.0,212.0
21.0,0,166.5,63.6,10.5,52.0,241.0
24.0,1,158.1,56.4,26.6,53.0,212.0
52.0,0,173.6,84.1,4.2,36.0,195.0
35.0,0,179.3,70.1,18.9,50.0,272.0
35.0,0,180.0,76.7,21.3,45.0,242.0
22.0,1,166.0,68.8,27.8,38.0,181.0
60.0,0,177.8,77.4,10.9,19.0,158.0
27.0,1,160.8,53.1,24.2,32.0,175.0
23.0,0,169.9,66.6,17.2,57.0,224.0
21.0,1,159.1,57.4,21.2,51.0,179.0
23.0,0,164.2,68.5,9.2,46.0,215.0
35.0,1,158.6,49.5,24.1,37.0,177.0
35.0,0,165.0,82.7,17.0,40.0,197.0
26.0,0,172.3,83.9,15.4,44.0,254.0
21.0,0,174.5,82.14,18.8,55.0,212.0
23.0,1,159.6,44.8,22.6,52.0,166.0
26.0,1,167.7,63.4,17.3,36.0,182.0
25.0,1,164.0,45.0,21.6,46.0,180.0
21.0,1,167.6,68.9,24.9,43.0,199.0
64.0,0,160.0,62.2,17.3,44.0,164.0
63.0,0,168.4,61.5,14.6,26.0,163.0
32.0,1,163.1,60.5,27.3,37.0,190.0
25.0,0,180.7,77.1,17.8,52.0,227.0
40.0,0,172.1,78.9,1.9,46.0,176.0
30.0,0,174.3,77.86,12.4,55.0,213.0
38.0,0,169.3,69.9,15.0,47.0,237.0
62.0,1,150.2,50.9,23.9,22.0,149.0
51.0,1,162.2,58.2,35.2,25.0,134.0
40.0,0,187.3,90.3,7.5,27.0,220.0
29.0,0,172.9,70.5,16.8,45.0,201.0
56.0,1,152.9,49.2,18.2,18.0,142.0
61.0,0,161.1,66.1,4.0,37.0,173.0
28.0,0,167.9,74.1,19.4,46.0,233.0
61.0,1,157.1,57.8,14.1,22.0,133.0
32.0,1,151.2,52.4,19.7,33.0,104.0
23.0,0,169.1,67.5,29.7,62.0,232.0
25.0,0,179.7,79.0,17.2,58.0,220.0
28.0,0,181.7,91.76,21.1,58.0,245.0
50.0,0,177.4,82.8,0.5,36.0,217.0
61.0,1,156.2,46.2,27.8,19.0,129.0
61.0,0,163.9,55.5,18.6,32.0,160.0
28.0,1,160.9,63.6,22.1,52.0,179.0
23.0,1,163.5,59.5,19.5,47.0,197.0
37.0,0,170.6,68.8,1.5,47.0,194.0
26.0,0,181.6,73.1,16.9,53.0,237.0
22.0,0,179.4,70.5,22.2,51.0,222.0
45.0,0,174.7,90.3,-10.7,33.0,201.0
34.0,0,174.9,72.9,4.9,53.0,214.0
25.0,0,181.9,86.12,14.4,61.0,210.0
61.0,0,170.4,74.5,10.4,34.0,179.0
28.0,0,181.1,89.3,-8.3,39.0,187.0
23.0,0,177.4,69.7,10.5,49.0,242.0
29.0,0,171.9,66.7,7.7,37.0,217.0
59.0,0,170.8,72.3,11.0,29.0,184.0
21.0,1,160.6,55.2,29.1,46.0,199.0
27.0,1,167.0,55.6,26.4,43.0,173.0
25.0,0,172.6,63.9,17.7,51.0,255.0
30.0,0,176.0,66.1,10.1,43.0,205.0
36.0,1,160.0,49.0,19.0,21.0,176.0
26.0,1,165.3,55.4,24.6,28.0,156.0
21.0,0,168.9,70.7,13.4,71.0,235.0
46.0,0,173.2,76.4,14.0,47.0,212.0
31.0,1,167.8,58.5,16.0,34.0,192.0
36.0,0,174.3,65.4,9.4,37.0,218.0
27.0,0,173.1,71.2,17.6,55.0,212.0
30.0,0,178.4,87.5,7.6,36.0,177.0
38.0,0,168.2,72.0,10.0,47.0,189.0
64.0,1,163.6,55.2,20.9,29.0,126.0
62.0,0,166.2,65.5,19.8,33.0,181.0
24.0,0,173.8,70.0,24.2,49.0,235.0
33.0,0,172.8,70.2,7.8,40.0,199.0
28.0,1,159.5,51.54,23.0,37.0,145.0
27.0,1,162.1,70.9,11.0,42.0,157.0
32.0,1,162.3,50.8,18.8,52.0,163.0
25.0,0,172.3,70.9,3.6,43.0,192.0
35.0,1,163.2,56.0,14.3,33.0,143.0
26.0,1,165.1,56.2,13.9,34.0,164.0
22.0,0,184.6,90.6,22.3,58.0,217.0
36.0,0,179.2,79.5,20.8,58.0,245.0
34.0,0,170.7,67.4,6.0,39.0,215.0
64.0,0,168.5,66.3,0.4,23.0,128.0
60.0,1,141.0,46.1,15.3,14.0,140.0
21.0,1,155.0,51.0,15.1,30.0,174.0
60.0,0,163.6,60.1,18.8,18.0,180.0
55.0,0,164.2,62.0,18.5,40.0,200.0
27.0,0,183.0,62.0,7.6,43.0,235.0
61.0,1,150.2,47.5,22.0,23.0,130.0
25.0,1,166.1,54.5,22.4,42.0,168.0
59.0,0,169.3,65.2,6.2,25.0,152.0
36.0,0,177.8,89.7,22.1,53.0,228.0
24.0,1,162.7,51.7,15.4,31.0,166.0
45.0,0,182.5,80.5,6.2,36.0,235.0
25.0,0,166.5,61.0,23.6,53.0,228.0
36.0,0,171.2,68.1,24.5,46.0,202.0
22.0,0,168.8,60.7,9.7,47.0,226.0
32.0,0,166.0,66.1,23.2,47.0,230.0
44.0,0,175.6,72.1,12.5,40.0,228.0
33.0,0,169.4,73.9,16.0,60.0,232.0
62.0,1,163.7,61.4,26.6,16.0,131.0
27.0,0,174.3,66.2,16.3,67.0,256.0
30.0,1,156.1,50.2,23.4,35.0,183.0
23.0,0,182.5,85.8,26.1,57.0,252.0
34.0,0,173.0,106.4,6.8,30.0,193.0
24.0,1,168.4,56.7,15.9,31.0,150.0
25.0,0,171.4,74.1,18.9,53.0,224.0
64.0,1,156.7,60.2,16.5,7.0,118.0
31.0,0,176.8,88.2,15.0,47.0,220.0
22.0,0,169.5,66.7,24.7,60.0,254.0
55.0,0,159.4,57.42,8.7,47.0,137.0
31.0,0,166.8,66.0,2.1,32.0,183.0
25.0,0,170.4,63.4,3.9,47.0,196.0
39.0,1,163.2,57.6,14.1,10.0,138.0
23.0,0,179.0,86.9,19.6,56.0,207.0
50.0,1,152.7,62.2,14.5,23.0,148.0
28.0,0,172.6,74.3,25.5,46.0,200.0
31.0,1,153.3,42.1,14.7,42.0,162.0
36.0,1,155.9,50.2,10.1,23.0,118.0
40.0,0,169.1,66.7,14.4,27.0,171.0
64.0,0,170.0,65.9,5.8,22.0,162.0
39.0,1,158.5,57.1,20.1,21.0,139.0
55.0,1,152.1,59.3,26.4,16.0,136.0
25.0,0,173.9,69.1,18.2,61.0,218.0
23.0,1,166.1,67.2,16.3,25.0,164.0
21.0,0,161.6,66.9,12.6,49.0,188.0
25.0,1,154.4,43.2,31.4,59.0,182.0
29.0,1,171.2,56.76,17.8,25.0,152.0
26.0,0,164.2,59.7,19.7,53.0,209.0
64.0,0,174.6,65.3,11.8,27.0,158.0
24.0,1,167.0,61.8,26.9,38.0,172.0
25.0,1,154.6,53.8,16.1,30.0,160.0
22.0,1,163.2,60.9,27.3,47.0,180.0
22.0,0,186.2,135.78,0.1,26.0,216.0
39.0,0,176.8,66.02,14.5,38.0,222.0
28.0,0,174.5,70.3,10.6,50.0,214.0
29.0,1,171.0,59.5,16.7,44.0,171.0
26.0,1,160.1,56.3,26.4,48.0,128.0
37.0,0,184.8,89.4,24.3,58.0,241.0
26.0,1,165.7,66.1,14.2,49.0,185.0
38.0,0,175.6,75.1,17.5,59.0,215.0
43.0,1,161.5,53.0,12.7,22.0,150.0
33.0,0,175.1,70.86,15.9,62.0,237.0
21.0,1,167.8,57.4,21.8,51.0,186.0
21.0,0,173.3,92.2,1.8,30.0,218.0
62.0,1,153.5,57.46,17.8,17.0,125.0
60.0,0,163.6,69.76,19.0,29.0,180.0
31.0,0,172.9,72.9,17.8,63.0,240.0
32.0,0,172.5,69.9,24.2,63.0,267.0
41.0,0,170.7,73.6,11.9,38.0,193.0
22.0,0,158.7,57.7,11.1,53.0,226.0
21.0,0,180.1,76.9,9.1,50.0,223.0
59.0,0,169.1,68.7,21.1,52.0,149.0
29.0,1,164.3,61.6,18.8,32.0,157.0
22.0,1,164.6,66.4,21.2,48.0,179.0
26.0,0,176.7,72.4,21.4,56.0,260.0
27.0,0,168.1,68.9,9.2,43.0,214.0
56.0,1,151.5,54.7,26.0,28.0,147.0
27.0,1,166.3,52.3,20.5,43.0,146.0
33.0,0,180.2,68.4,16.2,49.0,232.0
23.0,1,159.5,65.6,30.1,44.0,172.0
29.0,0,169.9,69.28,11.5,54.0,224.0
28.0,0,161.9,68.32,12.0,42.0,190.0
35.0,0,185.2,81.1,15.0,58.0,246.0
22.0,1,162.0,53.8,10.8,25.0,140.0
61.0,1,152.4,51.2,14.4,17.0,129.0
30.0,1,155.6,53.9,23.7,45.0,170.0
22.0,1,154.0,51.1,23.9,48.0,190.0
38.0,0,179.4,80.0,13.9,57.0,243.0
40.0,0,172.6,64.4,19.1,50.0,220.0
26.0,0,173.0,68.4,9.6,55.0,230.0
54.0,1,159.6,55.94,15.0,13.0,149.0
50.0,0,171.3,71.9,14.4,33.0,206.0
29.0,0,176.1,81.6,24.1,65.0,242.0
40.0,1,160.4,64.5,20.9,35.0,165.0
54.0,1,153.5,53.7,15.2,27.0,118.0
23.0,0,176.6,76.2,4.7,29.0,208.0
34.0,0,180.3,74.9,-13.9,31.0,214.0
25.0,1,166.7,68.1,26.9,42.0,186.0
21.0,1,158.1,53.5,-22.0,4.0,118.0
26.0,1,153.2,58.1,19.8,40.0,211.0
39.0,1,155.5,50.4,21.5,31.0,160.0
57.0,1,161.3,45.2,27.5,22.0,153.0
38.0,1,151.5,49.6,19.5,36.0,102.0
25.0,0,181.7,81.5,12.7,55.0,200.0
34.0,0,179.0,96.1,3.4,41.0,193.0
47.0,0,173.7,66.6,7.7,39.0,207.0
62.0,0,170.8,79.88,15.2,36.0,154.0
21.0,1,153.0,44.7,28.3,47.0,152.0
24.0,1,158.3,52.3,18.0,43.0,170.0
38.0,0,167.0,63.0,24.21,49.0,228.0
61.0,0,177.7,71.4,14.6,20.0,180.0
57.0,0,168.2,74.5,5.8,35.0,197.0
24.0,1,159.1,57.3,27.4,36.0,163.0
62.0,1,160.6,69.28,23.0,34.0,118.0
42.0,0,158.7,54.7,16.1,45.0,208.0
23.0,1,164.7,50.5,11.3,15.0,157.0
62.0,1,151.0,60.9,12.5,18.0,130.0
43.0,0,171.6,64.8,9.0,38.0,203.0
45.0,0,167.7,66.5,10.8,35.0,179.0
23.0,0,177.9,75.96,9.4,50.0,203.0
36.0,0,179.1,72.3,9.7,39.0,217.0
39.0,1,165.4,59.8,26.5,51.0,163.0
41.0,0,169.0,76.1,10.1,52.0,236.0
26.0,1,165.4,59.1,18.5,42.0,151.0
54.0,0,170.7,72.2,7.7,26.0,169.0
38.0,0,174.6,65.4,19.0,47.0,226.0
54.0,0,164.8,69.1,12.3,39.0,190.0
34.0,0,172.0,69.4,15.4,64.0,257.0
59.0,0,167.8,82.7,5.2,30.0,172.0
22.0,1,166.2,49.4,14.8,30.0,164.0
33.0,1,166.6,59.92,28.2,38.0,179.0
43.0,0,172.8,73.1,-1.2,24.0,156.0
60.0,1,163.0,55.6,21.7,26.0,132.0
22.0,0,180.1,77.0,8.6,51.0,273.0
59.0,0,170.3,71.0,22.0,33.0,182.0
51.0,1,159.0,69.6,15.5,10.0,127.0
27.0,1,163.4,62.9,24.0,24.0,166.0
25.0,0,173.8,73.7,18.6,44.0,218.0
28.0,1,162.5,60.8,22.2,42.0,172.0
63.0,0,159.5,66.9,11.1,40.0,165.0
57.0,0,168.2,64.4,7.8,25.0,184.0
22.0,1,164.1,50.9,14.1,48.0,187.0
22.0,1,167.0,46.1,-18.9,16.0,123.0
62.0,0,176.2,74.2,3.5,29.0,192.0
38.0,1,154.3,46.3,19.8,35.0,139.0
60.0,0,162.7,62.4,3.5,32.0,195.0
40.0,1,175.6,60.4,13.0,38.0,195.0
21.0,0,177.8,65.1,22.5,53.0,242.0
21.0,0,186.1,91.0,5.9,37.0,258.0
21.0,0,176.1,90.5,8.5,50.0,176.0
33.0,1,161.0,54.3,27.6,50.0,167.0
25.0,1,160.0,48.5,18.9,22.0,135.0
37.0,0,173.6,75.2,17.8,53.0,215.0
58.0,1,157.9,67.9,18.8,13.0,99.0
29.0,0,182.4,91.3,25.5,51.0,215.0
31.0,0,167.1,70.1,20.1,51.0,226.0
33.0,0,171.5,65.82,11.6,52.0,235.0
55.0,0,166.0,62.7,19.0,39.0,185.0
24.0,1,160.0,57.2,11.7,22.0,115.0
35.0,0,177.8,77.0,10.1,45.0,246.0
28.0,0,174.2,75.6,12.0,52.0,240.0
28.0,0,171.4,62.1,23.4,55.0,243.0
61.0,0,162.3,64.8,8.8,21.0,170.0
43.0,0,174.9,63.0,15.9,38.0,231.0
30.0,1,166.0,59.0,18.7,42.0,186.0
23.0,1,163.9,61.4,20.0,45.0,189.0
35.0,0,169.8,71.6,2.7,28.0,212.0
53.0,0,166.4,55.8,14.3,25.0,203.0
22.0,1,161.0,53.3,20.0,55.0,199.0
61.0,0,167.1,62.4,16.0,40.0,202.0
28.0,1,160.8,66.74,15.8,28.0,140.0
45.0,0,171.6,72.0,12.2,41.0,206.0
37.0,1,168.5,73.7,16.6,40.0,169.0
22.0,0,160.5,60.8,13.7,60.0,196.0
36.0,0,184.2,80.0,20.6,71.0,202.0
26.0,0,183.6,83.8,12.8,49.0,226.0
22.0,1,156.5,54.2,14.2,38.0,121.0
35.0,1,170.8,79.7,19.5,33.0,179.0
26.0,0,176.0,72.4,19.6,75.0,242.0
22.0,1,172.7,64.5,26.3,48.0,170.0
60.0,0,171.1,65.3,8.6,48.0,195.0
23.0,0,159.3,60.0,13.1,21.0,250.0
26.0,1,160.2,54.3,22.9,53.0,190.0
23.0,0,168.6,70.8,11.8,47.0,133.0
33.0,1,154.0,54.7,18.3,28.0,136.0
33.0,0,179.0,71.6,14.6,50.0,252.0
28.0,0,177.0,82.9,17.6,51.0,228.0
46.0,1,154.5,52.6,20.5,20.0,138.0
36.0,0,177.4,68.3,16.5,57.0,240.0
40.0,0,163.3,76.0,-8.0,36.0,215.0
22.0,0,175.4,67.7,22.1,58.0,240.0
58.0,0,168.5,80.0,14.5,5.0,133.0
24.0,1,165.9,54.7,28.0,40.0,182.0
21.0,1,170.0,57.8,21.4,34.0,179.0
23.0,1,166.1,64.9,25.6,45.0,196.0
29.0,0,174.9,75.2,26.4,62.0,234.0
61.0,0,167.5,54.9,21.0,22.0,215.0
25.0,0,174.0,75.0,15.5,44.0,202.0
62.0,0,172.5,68.0,3.6,28.0,192.0
31.0,0,172.5,69.0,18.9,61.0,229.0
49.0,1,171.4,60.9,20.8,28.0,169.0
28.0,0,187.2,100.6,22.0,45.0,221.0
22.0,0,172.0,74.3,2.3,55.0,194.0
21.0,0,174.0,73.46,19.7,53.0,238.0
26.0,0,181.4,106.2,-19.0,20.0,188.0
38.0,0,167.6,76.7,16.0,45.0,231.0
21.0,1,157.4,49.0,11.0,24.0,155.0
30.0,1,159.5,61.3,22.2,46.0,171.0
26.0,1,164.1,60.2,17.6,51.0,178.0
47.0,1,165.2,52.1,22.3,33.0,196.0
26.0,0,169.0,64.5,17.9,60.0,234.0
26.0,0,179.7,75.8,16.4,52.0,234.0
21.0,1,162.5,52.3,23.7,53.0,184.0
48.0,0,166.3,67.12,22.3,44.0,228.0
40.0,1,161.8,55.3,-4.0,25.0,138.0
23.0,0,166.4,71.62,20.7,46.0,212.0
61.0,0,169.5,75.6,0.9,25.0,193.0
44.0,1,167.9,64.3,-6.0,18.0,97.0
41.0,0,175.0,73.0,10.5,37.0,207.0
28.0,0,176.3,78.0,13.7,47.0,239.0
33.0,0,167.7,71.6,13.0,50.0,222.0
36.0,1,165.8,55.78,23.9,30.0,152.0
23.0,0,176.9,66.7,8.9,22.0,183.0
26.0,1,159.3,59.4,25.3,45.0,166.0
36.0,0,177.3,98.0,15.1,45.0,223.0
49.0,0,178.9,81.9,19.5,38.0,217.0
53.0,0,165.5,72.0,-4.0,27.0,196.0
46.0,0,176.5,70.0,16.5,45.0,224.0
23.0,1,166.9,53.9,27.5,30.0,166.0
26.0,0,175.7,64.7,17.5,55.0,221.0
39.0,0,175.0,81.5,2.0,33.0,214.0
24.0,1,164.7,62.5,24.3,44.0,181.0
26.0,0,164.1,66.5,6.2,45.0,202.0
38.0,0,178.3,76.1,17.8,55.0,200.0
26.0,0,176.4,64.4,6.7,42.0,226.0
49.0,0,172.0,65.6,20.0,30.0,192.0
27.0,1,167.6,57.6,26.2,44.0,170.0
35.0,0,172.7,65.3,23.2,57.0,135.0
21.0,0,175.2,74.2,6.4,55.0,190.0
32.0,0,173.1,70.7,4.2,43.0,243.0
25.0,1,161.7,63.36,10.7,39.0,160.0
48.0,1,159.4,52.4,22.0,27.0,143.0
44.0,0,170.1,73.3,21.2,48.0,221.0
35.0,0,177.6,73.2,10.8,34.0,240.0
22.0,1,165.8,48.1,20.7,35.0,153.0
27.0,0,168.2,72.5,6.6,51.0,255.0
47.0,1,169.6,81.4,-10.0,11.0,128.0
22.0,1,154.1,44.8,21.6,40.0,181.0
21.0,1,172.0,74.3,19.0,41.0,200.0
22.0,1,161.0,46.1,20.6,55.0,165.0
26.0,0,179.7,78.2,17.8,53.0,252.0
23.0,0,174.0,65.2,16.8,60.0,238.0
23.0,0,175.5,67.0,16.8,56.0,258.0
47.0,0,162.8,71.0,15.0,62.0,209.0
29.0,0,174.3,84.3,8.1,56.0,223.0
33.0,1,158.9,51.1,7.0,30.0,162.0
28.0,0,187.7,84.6,6.5,56.0,237.0
26.0,0,165.8,62.0,3.6,52.0,199.0
32.0,0,172.8,74.6,16.1,59.0,248.0
60.0,0,162.0,55.86,9.5,31.0,173.0
41.0,0,176.9,71.1,-7.0,32.0,173.0
24.0,0,176.9,76.0,27.5,68.0,250.0
54.0,1,147.7,60.9,6.4,18.0,129.0
21.0,0,176.9,78.76,-5.1,36.0,182.0
52.0,0,167.3,95.6,8.2,36.0,156.0
63.0,1,156.7,60.0,23.7,9.0,105.0
35.0,0,168.8,72.7,19.6,41.0,197.0
24.0,0,171.7,78.1,21.6,42.0,239.0
30.0,1,165.8,53.4,15.8,37.0,154.0
24.0,1,159.3,60.32,26.8,40.0,176.0
30.0,0,166.0,63.3,7.7,38.0,220.0
23.0,0,171.7,75.0,19.8,50.0,237.0
62.0,0,171.9,64.3,26.6,31.0,164.0
25.0,1,156.0,44.9,11.6,45.0,161.0
62.0,0,159.1,56.9,15.0,35.0,170.0
29.0,1,163.5,60.6,13.5,25.0,117.0
38.0,0,167.6,61.8,5.9,40.0,198.0
58.0,1,154.2,52.98,21.9,37.0,153.0
49.0,1,154.0,60.7,12.3,31.0,151.0
24.0,0,181.4,88.8,7.2,44.0,247.0
37.0,0,168.6,62.5,4.6,52.0,190.0
21.0,1,164.0,66.5,24.0,39.0,185.0
64.0,1,152.7,49.5,24.5,10.0,101.0
25.0,0,163.1,64.4,23.7,60.0,260.0
28.0,0,173.3,73.0,9.0,61.0,213.0
28.0,0,173.2,72.6,15.7,55.0,233.0
47.0,0,164.8,81.9,16.5,41.0,185.0
38.0,0,171.3,65.1,21.0,43.0,202.0
42.0,1,152.3,52.8,17.2,55.0,166.0
62.0,0,165.6,68.9,12.5,10.0,170.0
60.0,1,160.9,63.9,24.5,21.0,134.0
21.0,0,170.5,64.0,19.8,73.0,290.0
43.0,1,155.9,53.3,16.1,27.0,159.0
54.0,1,162.0,66.1,20.0,16.0,145.0
60.0,0,176.5,69.5,11.8,33.0,182.0
23.0,0,173.4,68.8,-1.8,57.0,231.0
49.0,1,164.8,56.7,15.6,10.0,118.0
41.0,0,170.5,85.6,15.4,57.0,230.0
60.0,1,161.0,55.1,17.1,41.0,117.0
37.0,0,171.2,79.1,14.4,33.0,214.0
21.0,0,169.5,68.1,20.3,75.0,226.0
36.0,1,167.0,44.0,0.9,12.0,139.0
61.0,0,172.9,70.2,22.2,34.0,181.0
39.0,1,161.2,49.2,17.3,28.0,137.0
63.0,0,160.5,59.1,1.4,27.0,151.0
23.0,0,177.0,75.3,19.2,67.0,246.0
21.0,0,170.4,74.3,12.7,54.0,194.0
50.0,1,162.0,51.5,26.0,26.0,175.0
28.0,1,153.4,54.8,16.0,38.0,173.0
28.0,1,164.2,54.7,20.2,45.0,163.0
24.0,0,181.4,96.9,21.8,54.0,227.0
25.0,0,173.9,70.2,22.3,62.0,241.0
41.0,1,152.8,48.62,20.0,37.0,173.0
59.0,0,174.0,63.3,11.2,36.0,194.0
34.0,0,183.4,81.1,12.2,59.0,253.0
24.0,0,175.1,89.8,1.9,44.0,207.0
21.0,1,165.9,48.5,27.5,44.0,173.0
29.0,0,181.0,101.5,21.8,48.0,182.0
54.0,0,176.0,68.9,10.5,44.0,182.0
31.0,1,156.5,54.4,4.8,19.0,161.0
56.0,1,152.1,57.3,22.5,0.0,126.0
23.0,0,173.0,68.7,23.2,50.0,266.0
28.0,0,176.1,80.5,19.0,49.0,216.0
21.0,0,178.8,78.9,11.9,58.0,222.0
44.0,0,176.0,76.4,23.7,57.0,249.0
24.0,0,178.0,79.0,16.3,58.0,221.0
33.0,1,163.5,58.1,24.8,35.0,146.0
23.0,1,159.6,56.5,29.1,37.0,172.0
56.0,1,164.0,57.6,23.6,27.0,149.0
21.0,0,170.0,64.1,21.8,53.0,250.0
32.0,0,175.7,61.3,-2.5,35.0,198.0
25.0,0,164.8,67.0,1.1,56.0,187.0
31.0,0,168.7,70.6,11.3,42.0,212.0
62.0,0,175.0,68.0,2.8,33.0,194.0
22.0,1,156.0,53.0,17.4,50.0,183.0
57.0,1,162.3,66.4,13.9,9.0,142.0
55.0,0,165.7,64.0,12.3,10.0,163.0
47.0,0,182.3,81.4,14.6,33.0,197.0
47.0,1,158.0,55.6,22.9,52.0,191.0
46.0,1,161.8,59.7,0.5,10.0,123.0
33.0,0,168.8,71.7,23.3,54.0,240.0
28.0,1,162.0,62.6,23.4,37.0,192.0
45.0,0,172.5,76.8,5.5,43.0,214.0
22.0,0,185.2,71.7,11.7,58.0,234.0
49.0,1,156.0,52.3,19.8,31.0,150.0
62.0,0,172.4,74.9,-4.7,10.0,141.0
21.0,1,170.7,61.1,22.6,27.0,160.0
37.0,1,159.5,54.5,16.9,22.0,127.0
40.0,0,173.0,84.2,9.7,19.0,178.0
26.0,1,164.5,50.8,31.4,53.0,170.0
29.0,1,167.8,63.5,26.5,44.0,133.0
28.0,0,176.7,83.66,-0.7,32.0,222.0
23.0,0,183.4,77.3,10.5,34.0,238.0
47.0,0,173.0,72.8,14.9,42.0,178.0
21.0,1,161.4,55.1,13.5,32.0,163.0
52.0,1,149.7,48.9,22.2,29.0,114.0
26.0,0,175.6,85.4,13.5,63.0,205.0
25.0,0,171.6,64.6,11.9,50.0,204.0
62.0,1,149.1,60.0,17.4,20.0,119.0
23.0,0,177.7,85.7,13.5,50.0,194.0
30.0,0,180.0,81.5,14.1,55.0,236.0
50.0,0,166.7,68.8,6.7,30.0,166.0
61.0,1,153.7,59.0,18.6,12.0,121.0
64.0,0,177.3,87.32,18.1,26.0,188.0
25.0,1,164.9,67.0,15.4,35.0,149.0
38.0,0,168.3,64.68,7.8,39.0,208.0
62.0,0,168.0,66.9,7.7,40.0,152.0
45.0,0,180.9,78.6,19.5,25.0,214.0
29.0,0,171.8,72.0,-8.4,35.0,210.0
26.0,1,160.7,70.4,17.6,33.0,165.0
58.0,1,163.0,57.9,23.5,33.0,140.0
34.0,0,179.6,81.4,19.4,52.0,234.0
40.0,1,158.4,55.3,20.0,20.0,178.0
31.0,0,167.1,75.2,15.4,44.0,200.0
38.0,1,160.2,55.8,21.5,26.0,154.0
61.0,0,175.4,71.2,10.4,27.0,186.0
50.0,0,162.4,61.9,12.3,38.0,188.0
33.0,0,165.6,69.2,15.8,32.0,199.0
47.0,1,163.3,55.4,-9.0,25.0,119.0
22.0,0,171.0,81.7,1.1,28.0,203.0
43.0,0,173.8,85.5,9.6,41.0,208.0
45.0,0,171.8,91.18,13.7,36.0,185.0
30.0,0,174.0,78.8,17.2,45.0,222.0
48.0,0,172.9,78.9,9.5,47.0,217.0
35.0,0,170.0,71.6,12.8,47.0,221.0
56.0,1,169.0,62.9,14.1,17.0,138.0
37.0,0,177.7,71.6,25.1,58.0,231.0
46.0,1,159.0,53.4,25.3,38.0,150.0
59.0,0,168.1,61.9,17.4,28.0,168.0
42.0,0,172.6,75.4,19.3,46.0,203.0
52.0,1,157.9,73.2,15.0,10.0,136.0
21.0,1,161.0,54.2,26.4,61.0,152.0
26.0,0,175.6,85.8,7.2,48.0,214.0
39.0,0,175.5,76.8,6.6,43.0,220.0
23.0,1,163.5,58.5,26.8,39.0,168.0
35.0,0,177.8,81.5,13.7,46.0,160.0
31.0,0,181.6,87.5,22.1,56.0,215.0
27.0,1,160.9,50.3,18.8,31.0,180.0
64.0,1,147.0,52.4,24.7,17.0,126.0
37.0,0,180.8,81.1,21.4,54.0,240.0
26.0,0,180.8,69.26,1.5,53.0,249.0
34.0,0,171.8,87.6,16.6,48.0,285.0
34.0,1,162.5,46.7,17.1,26.0,145.0
49.0,0,160.4,47.7,12.9,31.0,212.0
57.0,0,164.6,64.2,16.4,39.0,192.0
34.0,0,168.5,87.1,19.0,40.0,176.0
37.0,1,161.4,60.5,29.0,43.0,171.0
26.0,0,173.7,78.9,13.4,56.0,194.0
37.0,0,171.9,67.4,27.0,44.0,211.0
21.0,1,162.5,49.5,18.4,22.0,135.0
22.0,1,168.2,56.2,32.7,37.0,193.0
28.0,0,163.6,62.4,18.8,67.0,247.0
49.0,1,156.1,50.6,23.7,37.0,152.0
58.0,0,161.3,52.4,7.0,14.0,159.0
26.0,0,173.1,77.7,9.8,50.0,224.0
39.0,1,158.0,54.5,1.4,4.0,122.0
46.0,0,168.0,58.7,17.4,38.0,182.0
36.0,1,168.0,54.1,14.7,22.0,154.0
48.0,1,157.0,59.3,15.0,2.0,134.0
24.0,0,181.8,66.7,13.3,46.0,236.0
30.0,1,159.6,49.24,23.9,36.0,162.0
48.0,0,169.5,79.1,0.4,24.0,200.0
45.0,1,162.7,54.4,18.7,35.0,160.0
48.0,0,173.9,77.0,-10.4,29.0,180.0
53.0,1,157.1,47.5,23.8,23.0,139.0
25.0,0,181.7,85.22,17.0,47.0,254.0
21.0,1,160.8,48.9,17.0,47.0,193.0
36.0,1,171.4,64.4,12.0,46.0,191.0
33.0,0,168.7,62.4,20.3,44.0,228.0
50.0,1,167.6,61.5,19.2,34.0,159.0
21.0,1,158.2,58.6,17.7,17.0,155.0
26.0,0,177.2,77.2,15.9,39.0,223.0
60.0,0,168.1,60.1,16.4,32.0,222.0
27.0,1,160.9,64.4,27.9,38.0,167.0
24.0,0,186.2,82.5,5.0,52.0,206.0
24.0,1,170.4,63.4,21.0,41.0,157.0
57.0,1,151.4,58.9,6.8,28.0,148.0
33.0,1,171.0,57.9,23.8,39.0,155.0
27.0,1,163.4,55.2,9.8,11.0,136.0
25.0,0,170.8,64.1,18.6,47.0,244.0
27.0,1,158.4,51.0,13.1,39.0,148.0
30.0,1,164.1,50.9,16.3,28.0,102.0
23.0,1,160.6,58.3,20.9,39.0,175.0
60.0,0,165.9,76.8,7.1,29.0,192.0
49.0,1,149.9,61.6,19.2,8.0,148.0
38.0,0,166.7,67.3,19.7,62.0,215.0
48.0,0,180.9,98.08,-4.7,25.0,201.0
21.0,0,175.8,66.26,14.6,42.0,182.0
54.0,0,167.8,52.9,12.0,20.0,181.0
60.0,0,174.5,75.1,11.8,32.0,174.0
64.0,0,164.3,68.0,10.9,32.0,184.0
21.0,0,170.6,58.7,24.2,55.0,235.0
23.0,1,168.1,57.3,-7.2,29.0,126.0
47.0,0,177.1,77.9,16.1,40.0,207.0
35.0,1,158.9,52.4,18.5,49.0,175.0
38.0,0,166.9,67.0,15.9,47.0,226.0
60.0,0,168.7,73.2,9.1,30.0,181.0
64.0,0,167.8,64.2,18.6,28.0,180.0
49.0,0,166.7,65.7,18.3,52.0,204.0
21.0,1,165.8,61.6,10.3,29.0,151.0
36.0,0,176.0,67.5,2.6,44.0,197.0
36.0,0,178.1,74.7,8.4,37.0,217.0
47.0,0,162.5,69.9,11.2,30.0,153.0
58.0,1,155.7,70.6,19.9,25.0,151.0
24.0,1,158.5,51.5,17.6,50.0,153.0
42.0,0,173.4,69.2,19.9,47.0,233.0
47.0,0,171.9,73.2,14.7,50.0,193.0
53.0,1,160.0,71.8,11.3,15.0,50.0
39.0,0,170.4,92.3,16.7,32.0,212.0
54.0,0,171.6,56.6,1.7,33.0,203.0
35.0,0,168.6,59.0,20.6,53.0,238.0
24.0,0,173.0,65.3,24.2,58.0,254.0
21.0,1,162.1,52.7,21.6,59.0,167.0
45.0,1,156.8,51.9,18.4,34.0,128.0
63.0,0,176.5,72.66,13.2,19.0,121.0
21.0,0,169.8,74.8,-1.4,40.0,177.0
25.0,0,169.8,70.0,8.0,49.0,211.0
30.0,0,175.2,91.5,16.4,45.0,212.0
23.0,0,166.6,80.1,19.6,39.0,210.0
44.0,0,172.7,82.7,-11.0,30.0,215.0
61.0,0,166.8,62.7,12.1,38.0,188.0
61.0,1,154.6,50.56,18.7,10.0,103.0
54.0,0,174.1,64.3,6.6,27.0,172.0
46.0,1,162.3,61.2,22.5,38.0,163.0
30.0,0,187.8,81.3,16.4,54.0,243.0
42.0,0,172.9,64.0,10.4,43.0,234.0
25.0,1,155.1,48.1,28.7,28.0,158.0
28.0,0,171.4,68.3,12.3,52.0,228.0
25.0,0,171.1,78.9,14.2,47.0,217.0
27.0,0,174.2,75.6,18.4,57.0,240.0
60.0,0,170.2,65.4,15.9,33.0,192.0
22.0,0,181.3,64.8,13.2,51.0,256.0
33.0,1,161.2,51.2,27.3,45.0,174.0
57.0,1,159.2,68.6,20.6,0.0,133.0
42.0,0,184.9,85.9,-1.3,39.0,196.0
22.0,0,166.9,65.6,-12.4,46.0,230.0
28.0,1,157.3,53.8,21.1,41.0,165.0
56.0,1,158.3,51.1,6.8,12.0,120.0
59.0,0,178.9,83.6,8.6,42.0,180.0
22.0,0,181.1,84.3,7.9,47.0,201.0
30.0,1,156.2,52.8,27.2,43.0,162.0
62.0,0,172.0,69.1,5.2,22.0,188.0
21.0,1,161.8,53.6,12.6,11.0,167.0
53.0,0,179.4,80.68,14.0,33.0,178.0
43.0,0,168.0,68.4,21.6,34.0,225.0
63.0,1,158.4,76.4,28.5,10.0,105.0
33.0,0,173.0,64.66,2.1,60.0,197.0
27.0,0,175.4,64.3,14.9,71.0,236.0
22.0,1,159.5,55.3,22.0,41.0,173.0
29.0,0,174.6,79.2,-7.6,29.0,174.0
50.0,0,174.2,75.7,18.8,31.0,197.0
35.0,0,185.6,101.8,2.4,28.0,187.0
32.0,1,152.7,47.3,21.1,37.0,160.0
61.0,0,163.2,68.3,15.1,25.0,180.0
50.0,1,163.3,66.62,23.2,19.0,137.0
25.0,0,167.8,60.0,18.8,55.0,232.0
21.0,0,171.3,52.7,1.0,32.0,184.0
34.0,0,173.2,69.3,4.7,43.0,230.0
22.0,0,173.9,60.06,16.0,57.0,261.0
34.0,0,169.1,74.5,16.3,50.0,232.0
57.0,0,172.7,81.6,9.1,33.0,178.0
56.0,1,156.3,54.2,15.3,0.0,136.0
45.0,1,168.5,55.1,13.3,20.0,135.0
62.0,1,158.3,58.8,21.3,19.0,137.0
43.0,1,164.4,56.6,22.8,43.0,162.0
25.0,1,153.4,45.9,23.5,53.0,191.0
22.0,0,181.1,88.5,23.9,55.0,231.0
23.0,0,171.0,67.6,18.5,48.0,230.0
25.0,0,171.6,70.1,23.7,48.0,243.0
22.0,0,166.9,52.5,4.5,47.0,237.0
49.0,0,168.8,73.3,15.4,44.0,203.0
25.0,0,168.8,71.76,16.6,54.0,214.0
24.0,0,182.1,80.1,8.2,37.0,168.0
51.0,0,181.9,96.9,12.0,30.0,204.0
28.0,1,164.0,53.2,14.9,37.0,193.0
37.0,0,166.1,65.6,21.5,60.0,222.0
60.0,0,169.8,67.9,-7.0,25.0,125.0
36.0,0,172.7,81.8,12.0,60.0,187.0
30.0,0,184.0,87.0,17.5,52.0,252.0
40.0,0,167.0,80.4,19.7,39.0,221.0
41.0,1,158.0,50.5,30.3,56.0,182.0
28.0,0,177.7,83.2,16.7,59.0,226.0
21.0,1,157.0,56.1,15.2,39.0,162.0
24.0,1,166.2,55.2,2.9,28.0,123.0
32.0,0,177.0,72.6,14.7,41.0,237.0
30.0,0,173.0,74.12,5.9,45.0,200.0
22.0,1,161.4,58.6,23.3,51.0,180.0
21.0,0,173.0,83.4,-3.4,38.0,223.0
23.0,0,172.0,72.0,1.8,45.0,213.0
42.0,1,157.1,59.7,16.9,27.0,153.0
46.0,0,176.1,75.2,18.5,40.0,233.0
61.0,0,169.7,65.1,15.6,40.0,221.0
46.0,0,169.7,75.0,14.1,42.0,193.0
26.0,0,170.1,67.4,20.3,62.0,204.0
33.0,0,169.9,77.3,22.3,51.0,200.0
43.0,0,164.0,63.6,19.6,52.0,231.0
25.0,0,180.5,74.8,11.1,35.0,200.0
21.0,0,174.3,71.1,11.2,53.0,223.0
21.0,0,166.0,55.9,20.1,48.0,173.0
22.0,1,161.4,54.2,25.4,42.0,206.0
48.0,0,173.8,85.6,13.4,37.0,206.0
54.0,0,168.2,73.4,8.2,33.0,174.0
39.0,0,168.9,71.4,8.3,34.0,215.0
22.0,1,170.8,53.5,16.9,32.0,157.0
24.0,0,172.4,60.1,-2.4,48.0,186.0
51.0,0,173.0,75.7,-10.7,21.0,122.0
57.0,0,173.7,80.0,13.1,35.0,176.0
46.0,0,164.5,71.14,-1.9,37.0,177.0
64.0,0,176.1,81.1,14.0,29.0,169.0
35.0,0,178.3,102.9,7.6,46.0,202.0
28.0,1,158.0,51.9,30.9,70.0,191.0
33.0,1,162.6,55.8,12.9,52.0,193.0
39.0,0,180.1,73.8,9.5,37.0,198.0
27.0,0,168.7,67.68,17.6,61.0,209.0
57.0,0,168.6,75.6,14.4,37.0,211.0
44.0,1,162.2,60.3,31.2,38.0,188.0
39.0,0,170.7,71.0,21.0,58.0,203.0
23.0,0,178.6,83.9,16.6,43.0,243.0
55.0,1,156.0,58.1,12.7,21.0,158.0
29.0,0,173.7,87.5,12.5,47.0,240.0
47.0,1,168.7,54.9,24.8,42.0,190.0
24.0,0,176.5,82.3,28.3,50.0,240.0
31.0,0,178.3,80.8,20.4,54.0,201.0
38.0,1,159.8,69.5,17.3,30.0,161.0
35.0,0,180.6,78.0,-10.7,14.0,179.0
64.0,0,170.3,65.8,4.1,28.0,193.0
46.0,0,168.8,70.1,18.1,47.0,211.0
62.0,1,158.1,69.1,22.4,1.0,81.0
23.0,1,165.1,52.8,20.0,23.0,174.0
24.0,0,178.1,71.6,16.3,55.0,251.0
27.0,0,168.3,66.5,11.8,70.0,231.0
52.0,1,155.3,56.0,23.3,39.0,154.0
22.0,1,156.9,49.2,29.5,40.0,165.0
41.0,1,158.2,55.2,1.0,29.0,153.0
32.0,0,168.5,66.8,11.3,59.0,229.0
43.0,1,160.6,58.5,20.0,21.0,153.0
35.0,0,183.2,91.5,7.0,46.0,123.0
61.0,1,153.3,52.3,16.8,10.0,118.0
46.0,0,173.0,72.6,14.9,33.0,210.0
31.0,0,171.2,73.4,14.4,46.0,216.0
58.0,0,170.6,73.6,14.2,35.0,176.0
63.0,0,176.0,62.2,2.4,28.0,193.0
58.0,0,176.7,80.14,10.2,31.0,178.0
49.0,1,166.7,58.6,20.2,27.0,124.0
22.0,0,165.6,63.1,11.9,57.0,240.0
23.0,0,179.6,67.6,14.9,44.0,175.0
45.0,0,167.3,65.6,20.5,62.0,202.0
38.0,1,158.8,50.8,21.7,16.0,156.0
63.0,0,172.1,62.3,17.8,24.0,187.0
22.0,0,177.1,71.4,11.6,57.0,158.0
37.0,1,169.7,59.7,26.2,45.0,194.0
23.0,0,175.0,73.18,23.7,53.0,243.0
30.0,0,171.8,82.9,0.0,33.0,194.0
23.0,1,157.6,55.8,16.5,51.0,206.0
25.0,0,172.0,64.5,-5.6,46.0,193.0
52.0,0,169.1,70.5,10.9,27.0,204.0
54.0,0,171.1,68.58,11.8,48.0,196.0
61.0,0,166.0,66.4,3.1,22.0,174.0
61.0,0,159.4,56.3,4.8,26.0,169.0
27.0,0,178.2,82.1,16.5,55.0,229.0
27.0,0,174.3,86.6,10.6,46.0,231.0
62.0,1,152.0,55.6,12.9,13.0,131.0
30.0,1,163.1,63.3,13.0,42.0,121.0
27.0,1,157.8,76.7,10.6,12.0,129.0
27.0,0,168.6,81.5,18.3,67.0,226.0
43.0,0,170.0,69.3,19.0,30.0,205.0
35.0,1,162.8,54.5,17.5,35.0,117.0
38.0,0,178.0,85.0,13.0,54.0,199.0
38.0,0,180.4,82.8,21.0,48.0,222.0
55.0,0,163.6,71.68,19.0,35.0,211.0
24.0,1,168.8,59.8,25.9,35.0,194.0
21.0,1,169.3,58.8,18.9,46.0,182.0
27.0,0,166.8,71.9,19.6,59.0,240.0
59.0,0,166.3,77.1,14.5,15.0,162.0
21.0,0,177.2,64.2,20.9,46.0,195.0
45.0,0,173.6,71.4,27.3,46.0,248.0
23.0,1,170.2,68.0,20.0,37.0,181.0
25.0,0,168.6,65.6,12.9,60.0,202.0
25.0,0,175.2,72.4,23.2,54.0,245.0
24.0,0,167.9,58.8,1.0,38.0,225.0
36.0,0,176.3,73.2,21.1,43.0,213.0
45.0,1,153.8,56.88,11.8,25.0,131.0
26.0,1,161.9,53.9,26.0,40.0,173.0
21.0,0,181.4,85.4,22.1,65.0,237.0
39.0,0,179.1,86.1,21.1,50.0,224.0
64.0,1,154.4,49.5,15.6,21.0,155.0
51.0,1,157.6,52.0,11.8,15.0,155.0
36.0,1,161.4,72.0,14.5,11.0,154.0
43.0,0,168.0,60.7,16.6,55.0,222.0
35.0,0,174.3,65.9,18.0,50.0,180.0
25.0,0,173.5,88.5,-4.5,24.0,177.0
23.0,1,162.1,60.2,19.8,48.0,186.0
24.0,0,173.7,63.5,16.1,60.0,213.0
29.0,0,173.0,67.6,23.0,60.0,231.0
62.0,1,150.3,57.4,11.0,3.0,95.0
21.0,1,172.9,65.16,11.9,45.0,189.0
21.0,1,164.0,59.1,24.5,57.0,190.0
43.0,1,161.3,58.8,7.8,26.0,149.0
53.0,1,157.0,63.3,11.1,18.0,153.0
21.0,1,150.3,52.0,22.0,46.0,166.0
29.0,0,170.9,74.5,1.0,59.0,176.0
26.0,0,172.3,71.6,10.3,33.0,181.0
39.0,0,178.3,80.3,8.9,36.0,201.0
24.0,0,186.3,84.1,10.7,62.0,230.0
27.0,0,188.2,87.8,-5.2,37.0,237.0
62.0,0,164.3,65.9,12.7,45.0,198.0
59.0,1,155.3,48.7,17.6,0.0,107.0
41.0,1,157.7,73.5,10.1,8.0,106.0
45.0,0,176.0,98.5,8.9,40.0,190.0
40.0,1,168.5,58.4,25.7,41.0,217.0
22.0,0,175.1,77.6,-3.1,35.0,196.0
23.0,1,152.0,45.7,1.0,14.0,115.0
32.0,1,160.6,50.9,27.6,42.0,191.0
34.0,0,180.1,82.6,12.5,48.0,218.0
34.0,1,161.0,49.1,21.8,31.0,153.0
54.0,0,172.5,75.92,19.1,43.0,190.0
56.0,0,173.8,89.3,17.5,42.0,219.0
63.0,1,158.2,54.1,21.1,31.0,122.0
59.0,1,145.0,48.2,12.0,14.0,116.0
51.0,0,166.3,90.3,11.5,35.0,170.0
41.0,1,157.5,51.8,30.4,50.0,194.0
27.0,1,152.5,47.9,23.2,16.0,137.0
64.0,0,155.6,59.0,-0.5,41.0,171.0
51.0,1,165.3,58.1,29.8,25.0,170.0
22.0,1,163.3,48.7,-2.1,26.0,148.0
21.0,0,169.5,61.6,19.3,64.0,200.0
64.0,0,164.2,63.24,19.1,29.0,168.0
60.0,0,159.9,57.8,16.2,19.0,159.0
28.0,0,182.1,89.3,13.8,55.0,243.0
50.0,1,160.4,62.7,18.0,28.0,135.0
22.0,0,170.8,77.3,11.5,51.0,183.0
30.0,0,172.9,82.7,-7.5,28.0,203.0
22.0,1,162.9,76.1,29.0,40.0,207.0
54.0,0,174.1,71.2,13.4,40.0,203.0
47.0,0,176.5,77.0,19.4,47.0,213.0
26.0,0,176.1,89.0,4.5,39.0,206.0
22.0,1,161.9,63.5,12.8,25.0,144.0
23.0,0,173.0,70.1,11.0,53.0,247.0
22.0,0,166.6,59.1,15.6,65.0,245.1
30.0,1,161.9,67.9,25.1,39.0,222.0
34.0,0,174.3,57.8,5.0,23.0,162.0
30.0,0,175.8,80.0,8.5,68.0,246.0
21.0,1,160.2,56.86,29.1,44.0,189.0
30.0,0,176.3,64.7,19.9,54.0,226.0
45.0,1,160.9,80.9,-4.5,2.0,86.0
28.0,1,157.3,67.44,27.4,43.0,157.0
57.0,0,160.5,66.62,15.8,41.0,196.0
49.0,1,158.0,52.4,15.1,22.0,116.0
44.0,0,179.0,92.9,14.9,34.0,211.0
31.0,0,169.3,65.04,7.0,46.0,211.0
21.0,0,178.0,69.8,9.3,64.0,271.0
58.0,0,165.0,61.6,17.0,38.0,173.0
26.0,1,159.6,47.2,-6.0,8.0,142.0
58.0,1,155.9,50.9,29.1,17.0,90.0
49.0,0,170.0,66.2,20.0,39.0,156.0
26.0,1,161.7,48.1,14.8,29.0,158.0
23.0,1,156.7,58.1,18.6,43.0,166.0
21.0,0,170.1,66.5,18.7,61.0,237.0
25.0,0,184.8,86.6,19.6,62.0,262.0
34.0,0,175.6,89.5,16.5,42.0,206.0
26.0,0,175.3,71.2,23.2,60.0,236.0
22.0,0,176.0,68.78,10.9,55.0,258.0
23.0,0,178.3,87.2,7.4,37.0,220.0
62.0,1,151.5,45.9,24.3,27.0,134.0
64.0,1,157.4,55.1,14.6,11.0,113.0
26.0,1,156.7,56.3,22.9,28.0,130.0
60.0,0,162.1,66.3,15.9,38.0,158.0
59.0,1,152.3,54.7,28.2,20.0,155.0
24.0,0,178.6,67.6,19.6,55.0,212.0
22.0,0,173.2,69.0,11.7,62.0,217.0
55.0,0,166.7,70.3,12.7,30.0,186.0
55.0,0,170.6,59.9,17.6,43.0,198.0
26.0,0,183.6,91.6,14.7,39.0,209.0
64.0,0,171.4,75.0,12.8,33.0,180.0
22.0,0,169.3,72.3,13.4,65.0,240.0
37.0,0,166.7,71.6,11.6,34.0,206.0
32.0,0,183.9,87.6,10.4,36.0,201.0
21.0,1,161.5,57.04,22.6,50.0,187.0
52.0,1,150.3,49.1,19.5,16.0,130.0
21.0,0,176.8,70.5,19.85,68.0,238.0
26.0,1,156.2,43.8,14.4,24.0,130.0
55.0,0,173.7,67.3,-1.3,25.0,152.0
27.0,1,163.4,64.7,20.2,51.0,170.0
37.0,0,165.4,71.7,10.7,45.0,221.0
61.0,1,154.2,66.6,24.0,12.0,109.0
61.0,0,165.9,63.6,17.7,46.0,211.0
51.0,0,173.0,73.3,6.0,20.0,198.0
26.0,0,176.8,68.0,21.2,45.0,178.0
46.0,0,180.6,73.6,0.8,39.0,206.0
33.0,0,172.8,78.8,19.7,59.0,228.0
54.0,0,174.5,72.4,5.2,22.0,184.0
27.0,1,152.9,47.1,20.1,29.0,158.0
40.0,0,171.4,73.9,15.8,37.0,202.0
57.0,0,172.6,66.4,17.8,52.0,201.0
35.0,1,163.2,61.2,22.9,22.0,167.0
32.0,0,176.6,76.4,16.0,37.0,200.0
37.0,0,173.8,68.4,12.7,46.0,240.0
47.0,0,173.4,82.9,8.8,28.0,195.0
28.0,0,173.0,80.2,20.6,50.0,229.0
43.0,0,168.3,83.1,-5.1,22.0,183.0
61.0,0,168.6,78.3,14.9,27.0,161.0
25.0,1,159.4,55.8,19.9,54.0,181.0
29.0,0,169.3,76.8,21.2,40.0,212.0
29.0,0,178.4,84.32,18.5,60.0,225.0
50.0,1,162.4,55.7,20.3,36.0,167.0
23.0,1,166.5,57.0,22.7,43.0,187.0
24.0,1,160.7,49.4,13.0,26.0,100.0
22.0,1,165.5,53.7,12.0,34.0,183.0
32.0,0,171.5,68.1,18.1,50.0,232.0
50.0,0,170.2,77.1,15.8,45.0,188.0
58.0,0,172.9,82.5,3.2,15.0,170.0
26.0,0,166.1,66.5,17.5,55.0,210.0
44.0,1,157.5,54.9,16.1,47.0,167.0
64.0,1,154.4,48.2,8.8,30.0,160.0
22.0,0,171.4,70.0,8.9,47.0,212.0
25.0,1,155.0,54.4,22.7,42.0,171.0
60.0,0,164.0,54.8,15.6,20.0,159.0
40.0,0,175.9,81.7,14.3,46.0,180.0
57.0,1,167.9,58.8,22.9,34.0,164.0
54.0,1,160.5,54.4,16.6,11.0,144.0
61.0,0,163.9,59.4,12.5,19.0,157.0
23.0,1,159.5,55.9,20.0,24.0,156.0
26.0,1,157.9,60.2,24.9,34.0,178.0
62.0,0,169.0,70.7,4.0,43.0,131.0
36.0,0,175.5,82.9,7.6,48.0,186.0
27.0,0,176.1,91.8,-17.3,32.0,181.0
21.0,1,168.2,77.9,17.5,48.0,176.0
25.0,1,148.0,46.2,16.2,33.0,168.0
26.0,1,170.0,58.9,25.0,37.0,161.0
62.0,0,164.5,64.02,13.0,26.0,205.0
62.0,1,145.0,50.2,21.8,18.0,129.0
41.0,0,183.8,76.8,11.2,40.0,217.0
30.0,0,172.9,77.7,15.3,39.0,233.0
34.0,0,177.6,80.8,9.1,44.0,234.0
47.0,0,174.8,77.4,14.0,41.0,205.0
28.0,1,158.1,49.4,32.6,40.0,167.0
23.0,0,176.7,74.0,24.1,48.0,238.0
23.0,1,162.3,49.4,22.4,40.0,165.0
47.0,0,177.3,71.9,0.8,41.0,207.0
24.0,0,177.0,89.9,12.7,54.0,232.0
30.0,0,170.0,66.0,14.5,65.0,216.0
23.0,0,171.9,55.3,-19.9,42.0,221.0
54.0,0,177.2,73.0,12.7,32.0,183.0
28.0,0,163.4,85.9,11.3,28.0,175.0
49.0,0,166.3,97.42,-16.8,18.0,153.0
25.0,0,178.2,80.6,22.6,54.0,254.0
21.0,0,171.1,57.7,13.6,50.0,229.0
29.0,1,165.6,51.6,15.8,39.0,157.0
60.0,1,152.6,55.0,18.8,0.0,117.0
22.0,0,171.8,81.2,3.6,35.0,169.0
27.0,0,174.6,66.3,17.0,53.0,244.0
21.0,0,177.9,82.2,16.3,55.0,238.0
21.0,1,158.9,65.2,20.1,33.0,184.0
21.0,1,160.4,53.8,21.7,41.0,184.0
21.0,0,172.7,73.0,11.2,41.0,231.0
24.0,1,161.2,61.0,20.8,47.0,194.0
23.0,0,175.7,63.54,-4.3,43.0,233.0
37.0,0,173.3,68.2,21.7,59.0,219.0
55.0,0,177.5,79.8,6.3,24.0,168.0
22.0,0,181.3,86.8,14.9,67.0,242.0
39.0,0,172.3,75.9,-10.4,24.0,164.0
21.0,1,171.9,69.5,17.6,34.0,141.0
54.0,0,165.7,73.6,5.3,38.0,182.0
34.0,0,169.0,80.2,27.0,55.0,237.0
59.0,1,155.5,52.1,18.7,24.0,150.0
30.0,0,173.7,71.5,17.4,43.0,213.0
22.0,0,175.4,64.1,9.7,60.0,211.0
30.0,0,185.1,87.0,2.7,21.0,180.0
21.0,1,156.3,52.3,26.0,27.0,148.0
51.0,0,172.6,71.3,13.2,34.0,220.0
37.0,1,154.5,55.9,19.2,25.0,150.0
40.0,0,164.2,77.0,1.3,20.0,165.0
32.0,0,171.1,75.2,16.6,54.0,238.0
46.0,0,163.5,71.1,14.9,35.0,204.0
25.0,0,166.5,60.5,11.2,42.0,220.0
28.0,0,174.5,71.3,21.2,59.0,230.0
27.0,1,163.2,53.8,20.1,41.0,201.0
56.0,0,167.3,54.7,20.5,38.0,205.0
24.0,1,159.3,72.4,16.4,39.0,139.0
27.0,0,167.6,61.5,12.7,57.0,206.0
61.0,0,160.7,74.3,5.0,21.0,132.0
21.0,0,181.3,93.8,10.6,49.0,216.0
31.0,0,166.6,55.5,17.6,58.0,232.0
26.0,0,175.4,60.3,25.0,56.0,274.0
60.0,0,169.1,67.1,19.2,45.0,188.0
43.0,1,158.8,45.2,21.1,30.0,172.0
63.0,0,177.2,66.12,12.8,44.0,177.0
30.0,0,171.4,68.1,11.4,46.0,202.0
37.0,0,170.3,78.6,-7.5,0.0,152.0
46.0,1,167.0,57.0,6.5,27.0,171.0
33.0,1,160.8,64.9,18.4,41.0,176.0
41.0,1,150.0,58.3,14.3,27.0,164.0
23.0,0,169.4,60.3,18.0,61.0,285.0
53.0,0,167.3,72.96,17.6,47.0,208.0
31.0,0,169.6,66.46,9.9,58.0,219.0
32.0,1,163.7,48.9,13.8,37.0,155.0
24.0,1,166.4,60.4,14.1,41.0,165.0
60.0,0,165.4,64.3,12.2,43.0,181.0
29.0,0,176.7,78.7,17.3,56.0,246.0
26.0,0,170.3,72.8,17.2,58.0,266.0
61.0,1,153.2,62.2,3.0,0.0,58.0
29.0,0,169.0,73.5,18.8,41.0,204.0
63.0,0,166.6,75.5,6.7,17.0,140.0
52.0,0,174.8,86.0,21.2,40.0,195.0
25.0,0,165.6,62.0,20.4,51.0,209.0
32.0,1,164.4,57.3,24.6,30.0,159.0
25.0,0,176.5,74.2,2.3,53.0,176.0
63.0,0,167.5,71.0,30.3,31.0,161.0
59.0,0,169.1,57.2,7.5,40.0,197.0
26.0,0,172.5,78.9,7.8,59.0,185.0
32.0,0,182.3,81.3,8.3,46.0,218.0
30.0,0,184.7,91.0,-9.5,48.0,227.0
39.0,0,166.2,54.5,27.5,47.0,231.0
21.0,0,163.8,61.18,12.2,46.0,200.0
43.0,0,176.3,69.7,20.0,44.0,196.0
40.0,1,154.3,62.62,21.8,33.0,157.0
28.0,0,174.3,67.46,23.9,57.0,239.0
56.0,0,176.3,77.2,5.3,45.0,175.0
31.0,0,175.9,64.8,17.6,54.0,262.0
23.0,0,171.5,67.7,11.4,48.0,198.0
25.0,1,164.6,61.8,19.2,44.0,172.0
58.0,0,172.2,67.0,19.1,27.0,202.0
32.0,0,175.0,59.7,12.2,47.0,214.0
38.0,0,180.3,82.1,15.8,52.0,221.0
33.0,0,180.8,96.7,19.3,45.0,231.0
38.0,0,178.0,68.7,20.1,46.0,230.0
47.0,0,174.9,76.3,11.9,31.0,211.0
24.0,0,179.2,85.1,18.2,57.0,227.0
58.0,0,175.6,67.7,22.8,38.0,241.0
64.0,1,154.0,60.7,5.8,5.0,118.0
30.0,0,172.2,66.68,11.2,47.0,205.0
47.0,0,179.3,77.8,16.2,33.0,191.0
64.0,0,164.5,62.9,6.5,30.0,154.0
21.0,0,176.7,80.9,13.9,52.0,219.0
40.0,0,183.0,74.9,16.9,42.0,220.0
52.0,0,170.8,67.9,9.4,32.0,210.0
23.0,0,174.0,82.2,18.8,51.0,213.0
26.0,1,170.9,55.4,21.7,27.0,164.0
62.0,0,175.9,59.34,3.3,22.0,144.0
48.0,0,175.3,85.4,22.3,35.0,218.0
28.0,0,171.0,66.3,20.6,55.0,239.0
37.0,1,163.2,45.4,26.4,30.0,168.0
60.0,0,163.2,68.94,11.2,27.0,165.0
23.0,0,167.4,57.5,17.1,58.0,231.0
59.0,0,175.7,72.1,12.2,23.0,155.0
32.0,0,177.3,66.0,7.6,52.0,240.0
21.0,1,158.4,48.9,21.4,41.0,163.0
58.0,1,158.6,72.5,18.0,23.0,126.0
58.0,1,147.6,45.4,16.5,12.0,158.0
23.0,0,181.0,93.2,25.5,52.0,214.0
53.0,0,181.9,76.5,18.0,51.0,195.0
28.0,0,171.5,69.6,6.6,43.0,220.0
34.0,1,166.7,59.1,21.6,31.0,153.0
27.0,0,176.8,68.8,19.6,52.0,258.0
22.0,1,162.3,64.6,23.9,41.0,200.0
22.0,1,163.0,54.2,30.9,36.0,170.0
22.0,0,180.2,92.2,21.5,64.0,250.0
22.0,1,169.5,61.6,14.9,52.0,176.0
25.0,0,170.2,65.7,17.5,56.0,234.0
30.0,0,172.5,73.0,25.1,63.0,226.0
61.0,0,165.2,73.7,8.7,25.0,151.0
24.0,1,173.0,62.5,24.7,46.0,195.0
28.0,0,172.0,74.86,0.7,59.0,186.0
46.0,1,157.9,50.7,17.6,42.0,163.0
40.0,0,185.6,79.4,17.7,44.0,229.0
62.0,1,152.7,48.6,19.6,24.0,142.0
64.0,0,162.0,75.02,9.0,44.0,170.0
50.0,0,173.0,71.7,8.0,33.0,226.0
48.0,1,161.3,58.3,21.9,22.0,180.0
33.0,0,165.6,60.4,213.0,53.0,244.0
35.0,0,177.3,82.7,12.1,51.0,197.0
33.0,0,171.7,71.62,23.8,47.0,224.0
25.0,1,164.2,56.0,21.6,28.0,159.0
31.0,1,161.1,52.2,19.0,36.0,164.0
63.0,0,168.8,63.2,13.2,34.0,193.0
47.0,0,169.2,69.2,18.2,47.0,230.0
21.0,1,163.4,55.92,31.5,43.0,186.0
38.0,1,163.1,63.0,1.7,20.0,139.0
44.0,0,180.5,79.5,10.8,33.0,196.0
22.0,0,170.8,86.9,9.4,48.0,199.0
22.0,0,168.9,65.4,2.4,34.0,189.0
22.0,1,163.9,53.7,23.0,52.0,193.0
31.0,0,178.6,64.1,14.4,58.0,228.0
43.0,0,176.0,84.1,24.1,55.0,246.0
54.0,0,172.6,66.5,14.4,21.0,189.0
22.0,1,172.3,67.3,24.0,49.0,203.0
34.0,1,166.1,49.6,19.1,31.0,155.0
36.0,0,181.2,72.3,10.3,53.0,215.0
30.0,0,172.2,88.96,27.7,58.0,196.0
60.0,1,156.5,61.22,18.9,13.0,108.0
31.0,0,175.4,70.9,18.0,52.0,188.0
57.0,0,173.5,74.8,4.1,36.0,175.0
21.0,1,163.9,52.0,15.6,30.0,132.0
32.0,1,159.2,55.1,11.3,24.0,134.0
36.0,1,159.6,47.9,21.2,31.0,148.0
21.0,0,174.7,75.1,24.5,52.0,225.0
28.0,1,163.0,60.8,25.6,48.0,181.0
52.0,1,157.0,57.6,24.2,24.0,166.0
22.0,1,159.2,53.3,18.0,23.0,114.0
26.0,0,176.5,90.5,19.5,56.0,248.0
58.0,1,151.3,48.5,19.0,25.0,131.0
22.0,0,178.3,73.3,10.0,48.0,228.0
58.0,1,163.1,72.8,15.0,0.0,96.0
59.0,1,158.0,62.3,9.8,13.0,86.0
52.0,0,162.4,58.3,9.8,37.0,198.0
35.0,0,175.9,83.8,12.2,54.0,206.0
37.0,0,176.4,75.3,8.8,31.0,183.0
28.0,0,177.9,78.1,19.4,52.0,246.0
38.0,1,156.3,44.9,-2.7,23.0,133.0
25.0,0,171.7,65.1,22.0,46.0,242.0
25.0,0,171.6,67.1,16.4,69.0,222.0
26.0,1,168.4,54.3,23.9,40.0,167.0
25.0,1,160.9,63.0,19.7,32.0,175.0
59.0,0,173.6,74.6,17.7,38.0,172.0
22.0,1,162.4,49.3,8.9,26.0,147.0
27.0,1,158.4,50.4,30.8,40.0,155.0
25.0,0,184.1,74.7,13.0,49.0,243.0
22.0,0,175.8,69.66,18.7,52.0,262.0
26.0,0,176.2,73.1,15.3,49.0,226.0
55.0,1,157.0,64.9,17.5,31.0,154.0
36.0,0,176.8,106.6,13.9,25.0,160.0
26.0,1,160.0,62.4,21.9,42.0,177.0
43.0,1,156.4,47.2,18.7,36.0,167.0
26.0,0,179.4,77.56,16.7,54.0,217.0
64.0,0,169.2,64.2,21.9,34.0,186.0
46.0,0,176.1,69.2,16.3,42.0,238.0
32.0,0,174.2,77.9,13.4,41.0,223.0
22.0,0,185.1,81.3,9.2,54.0,257.0
22.0,0,165.5,75.7,0.6,33.0,169.0
38.0,0,169.0,73.2,16.9,45.0,212.0
51.0,1,151.9,48.78,16.7,20.0,156.0
42.0,1,160.5,73.7,-1.9,15.0,137.0
43.0,1,159.6,63.8,24.1,12.0,130.0
26.0,0,179.9,76.4,20.2,50.0,235.0
23.0,0,168.0,57.3,14.9,50.0,242.0
40.0,0,166.8,59.54,15.5,38.0,219.0
45.0,1,159.2,51.2,28.9,56.0,198.0
44.0,0,179.8,83.4,-17.0,36.0,227.0
30.0,0,169.5,68.7,15.1,68.0,230.0
21.0,1,164.9,57.1,18.9,27.0,117.0
39.0,1,163.3,61.8,22.8,35.0,175.0
21.0,1,154.9,52.2,10.3,26.0,126.0
34.0,1,165.1,53.5,21.2,48.0,178.0
37.0,1,155.2,46.4,29.1,42.0,192.0
36.0,0,175.6,84.8,12.2,34.0,229.0
30.0,1,161.8,59.4,24.6,43.0,164.0
39.0,0,185.4,80.76,16.7,49.0,239.0
25.0,0,184.2,87.1,1.0,25.0,207.0
21.0,1,156.9,45.7,30.7,57.0,206.0
26.0,1,163.9,53.68,26.6,56.0,162.0
24.0,1,170.2,68.0,24.7,32.0,166.0
44.0,0,175.1,63.4,19.9,43.0,214.0
27.0,0,181.6,84.0,9.2,44.0,211.0
43.0,1,162.3,54.7,23.5,42.0,195.0
50.0,0,175.2,75.0,12.0,32.0,194.0
41.0,1,153.8,49.2,22.5,32.0,152.0
64.0,1,164.8,70.5,17.0,22.0,120.0
36.0,1,160.4,49.1,24.9,39.0,166.0
21.0,1,161.9,57.1,15.6,34.0,141.0
56.0,0,154.9,55.6,8.5,41.0,163.0
41.0,0,176.2,93.1,7.1,1.0,182.0
25.0,0,170.6,66.5,19.0,57.0,263.0
21.0,0,168.2,64.0,15.5,66.0,233.0
55.0,1,153.5,50.78,22.5,10.0,160.0
57.0,1,164.3,66.1,15.9,21.0,135.0
64.0,0,172.0,72.0,5.5,36.0,167.0
22.0,0,174.1,84.2,13.0,46.0,191.0
52.0,0,178.1,76.5,15.4,38.0,200.0
22.0,0,167.0,71.0,17.0,48.0,205.0
39.0,0,168.8,70.9,5.4,33.0,201.0
23.0,0,181.2,89.8,15.0,43.0,240.0
57.0,1,163.8,61.1,12.8,7.0,138.0
26.0,0,171.4,69.34,20.1,66.0,240.0
37.0,0,185.9,84.2,15.8,52.0,264.0
22.0,1,160.6,48.2,25.7,33.0,162.0
62.0,0,167.4,65.7,5.7,15.0,147.0
22.0,0,166.2,78.7,7.4,40.0,204.0
58.0,1,153.4,54.76,20.3,33.0,150.0
25.0,0,182.5,75.2,23.4,49.0,221.0
21.0,1,161.2,49.8,17.9,39.0,169.0
37.0,0,170.0,74.4,17.4,37.0,224.0
51.0,1,155.6,58.0,15.9,3.0,135.0
40.0,0,166.7,64.7,21.2,42.0,221.0
29.0,0,177.3,68.7,-10.2,33.0,168.0
50.0,1,164.8,60.2,20.4,13.0,146.0
30.0,0,172.3,76.8,7.9,50.0,224.0
46.0,1,153.0,57.5,20.4,25.0,145.0
41.0,0,166.2,58.8,12.3,32.0,144.0
64.0,1,153.2,50.1,26.0,21.0,115.0
21.0,1,158.1,56.3,20.6,42.0,191.0
22.0,1,172.1,57.16,7.4,31.0,164.0
57.0,1,153.1,52.78,21.8,32.0,129.0
35.0,1,153.3,86.0,19.5,17.0,155.0
46.0,0,174.6,84.3,1.9,32.0,198.0
28.0,1,159.1,58.4,17.2,31.0,167.0
22.0,1,163.0,63.0,23.7,25.0,185.0
59.0,1,150.7,51.3,1.5,0.0,105.0
24.0,0,171.6,70.4,21.3,61.0,251.0
25.0,1,168.0,64.5,17.3,33.0,182.0
60.0,0,174.6,72.4,21.7,42.0,200.0
57.0,0,172.1,68.9,18.4,32.0,210.0
26.0,0,167.0,60.0,14.9,50.0,214.0
23.0,0,170.0,75.7,18.4,58.0,220.0
64.0,0,159.3,56.5,-1.4,16.0,144.0
31.0,0,174.3,72.7,16.8,60.0,256.0
51.0,1,151.0,50.2,17.8,13.0,131.0
23.0,0,171.9,64.7,7.8,43.0,212.0
27.0,0,173.2,68.0,5.4,61.0,219.0
46.0,0,174.5,67.5,15.0,40.0,227.0
34.0,0,173.2,73.77,18.1,59.0,218.0
37.0,0,168.1,75.7,22.9,48.0,236.0
56.0,0,178.5,82.0,10.5,22.0,182.0
39.0,0,174.7,74.9,21.1,61.0,232.0
56.0,0,170.8,55.8,21.6,31.0,202.0
38.0,1,168.0,63.6,24.5,41.0,175.0
22.0,0,174.0,80.2,26.6,61.0,237.0
27.0,0,170.4,68.4,19.0,61.0,200.0
28.0,1,158.4,55.4,26.0,41.0,190.0
22.0,0,177.0,72.16,16.2,52.0,243.0
26.0,0,174.1,79.2,15.0,46.0,193.0
48.0,0,169.3,88.9,2.1,31.0,159.0
48.0,1,162.8,56.6,24.9,30.0,162.0
58.0,1,151.9,54.3,14.1,13.0,132.0
43.0,1,163.8,59.1,27.0,32.0,160.0
26.0,0,170.5,86.7,14.8,42.0,175.0
22.0,0,172.5,56.8,13.6,50.0,203.0
35.0,0,176.5,82.1,10.1,56.0,252.0
27.0,0,168.4,65.2,-3.1,45.0,220.0
23.0,1,159.5,56.0,32.0,46.0,171.0
39.0,1,159.5,54.12,3.8,23.0,144.0
34.0,0,172.0,69.8,12.1,36.0,218.0
22.0,0,174.3,69.7,20.6,49.0,186.0
44.0,0,185.3,82.7,8.5,40.0,220.0
59.0,0,166.8,57.9,14.3,34.0,180.0
21.0,0,177.2,63.2,13.3,60.0,279.0
29.0,0,178.6,73.6,20.1,32.0,211.0
64.0,0,164.2,70.7,13.0,40.0,181.0
63.0,1,163.0,55.0,21.9,15.0,124.0
51.0,0,182.7,73.4,16.7,47.0,228.0
26.0,0,177.5,79.2,9.5,51.0,234.0
27.0,0,171.5,68.8,7.5,55.0,255.0
60.0,0,166.3,60.2,15.4,46.0,169.0
21.0,1,166.2,47.2,23.4,45.0,153.0
29.0,0,166.9,75.7,6.7,50.0,191.0
26.0,0,162.2,76.7,3.2,29.0,214.0
26.0,0,164.8,60.74,25.4,51.0,226.0
25.0,0,174.4,69.5,10.1,48.0,250.0
32.0,0,176.3,71.8,15.4,45.0,209.0
27.0,1,165.8,64.1,21.7,52.0,172.0
42.0,0,172.4,73.22,20.5,54.0,226.0
21.0,0,165.0,59.9,11.0,43.0,205.0
23.0,1,161.1,54.5,26.8,26.0,152.0
27.0,1,166.0,46.6,21.5,23.0,176.0
25.0,0,178.4,81.6,3.0,44.0,244.0
24.0,0,174.5,71.0,9.6,42.0,220.0
30.0,0,175.4,67.4,16.0,61.0,234.0
56.0,1,153.3,49.6,16.8,15.0,141.0
53.0,1,151.9,54.7,26.4,22.0,155.0
38.0,1,159.4,51.2,9.0,24.0,124.0
27.0,0,174.3,66.1,-4.5,51.0,234.0
50.0,1,168.2,56.5,7.9,16.0,140.0
21.0,1,170.7,61.3,25.4,36.0,182.0
58.0,1,154.0,55.0,15.8,20.0,164.0
25.0,0,173.4,67.3,16.4,52.0,225.0
23.0,0,175.3,80.7,12.0,19.0,194.0
60.0,0,165.0,57.9,18.7,49.0,197.0
50.0,1,161.5,53.5,22.0,33.0,150.0
55.0,1,156.7,54.3,15.4,16.0,124.0
23.0,0,179.9,78.9,10.9,42.0,222.0
21.0,0,175.4,76.84,18.8,54.0,240.0
26.0,0,176.2,84.8,11.5,62.0,216.0
51.0,1,154.2,61.6,14.1,8.0,130.0
37.0,0,174.4,83.8,12.4,47.0,225.0
29.0,0,174.3,84.12,-4.4,42.0,156.0
23.0,1,155.9,47.6,22.1,34.0,183.0
38.0,0,171.6,67.16,12.3,46.0,236.0
21.0,1,163.0,60.0,20.3,33.0,180.0
44.0,0,169.4,70.72,14.3,40.0,221.0
48.0,0,170.5,75.5,14.0,34.0,223.0
35.0,0,179.9,87.0,13.2,52.0,228.0
42.0,0,167.6,63.7,17.4,51.0,141.0
53.0,0,167.8,75.3,13.8,33.0,201.0
31.0,0,178.2,87.8,18.4,24.0,123.0
30.0,0,176.9,77.9,13.4,53.0,256.0
41.0,0,174.7,79.5,25.0,44.0,236.0
55.0,1,162.0,51.6,22.8,28.0,151.0
41.0,1,170.7,78.0,19.5,32.0,160.0
23.0,0,177.5,72.2,11.4,32.0,167.0
24.0,0,185.0,89.1,22.0,55.0,180.0
50.0,1,155.2,50.8,8.9,12.0,107.0
35.0,1,166.6,64.4,18.8,19.0,112.0
59.0,1,153.4,41.1,14.4,15.0,135.0
21.0,0,175.5,76.3,3.8,51.0,201.0
26.0,1,160.0,60.06,26.4,52.0,165.0
28.0,1,162.0,56.6,20.8,43.0,190.0
21.0,0,170.0,63.7,12.2,51.0,234.0
46.0,0,176.1,69.7,16.6,59.0,236.0
38.0,1,156.2,46.4,15.4,6.0,139.0
30.0,0,168.5,63.5,18.5,55.0,246.0
45.0,0,174.8,77.1,-7.4,29.0,177.0
26.0,1,170.0,62.98,24.5,48.0,189.0
37.0,0,165.0,58.4,9.5,46.0,206.0
56.0,0,174.6,88.0,-8.0,27.0,163.0
54.0,1,159.2,53.5,21.9,35.0,154.0
48.0,0,169.3,60.7,11.2,53.0,211.0
27.0,0,165.0,64.3,16.1,55.0,218.0
59.0,0,173.3,67.5,11.5,36.0,190.0
27.0,0,172.3,75.24,18.4,60.0,217.0
30.0,0,175.9,66.2,21.4,52.0,225.0
59.0,1,162.7,49.0,14.5,0.0,130.0
24.0,0,167.7,68.9,17.6,44.0,212.0
33.0,0,177.3,75.4,14.6,62.0,241.0
24.0,0,179.1,70.9,16.4,45.0,191.0
25.0,0,187.1,86.5,17.0,67.0,247.0
27.0,0,173.0,72.8,14.1,64.0,232.0
58.0,1,160.6,55.8,20.3,25.0,147.0
38.0,0,169.9,73.0,10.7,41.0,189.0
24.0,0,177.8,70.1,20.5,59.0,238.0
31.0,0,162.0,75.3,20.5,55.0,237.0
27.0,0,176.9,76.6,32.0,56.0,262.0
61.0,1,166.6,55.5,31.3,31.0,154.0
27.0,0,176.5,70.0,20.5,51.0,219.0
29.0,1,162.9,57.9,24.7,41.0,159.0
22.0,1,161.8,58.0,26.6,44.0,198.0
30.0,1,169.5,54.6,26.1,22.0,168.0
30.0,0,172.9,64.0,18.0,58.0,237.0
30.0,0,167.6,70.2,15.8,55.0,222.0
50.0,1,156.2,48.6,15.1,16.0,158.0
61.0,1,155.8,59.7,21.0,21.0,125.0
60.0,0,171.9,74.7,16.4,40.0,197.0
54.0,0,174.8,73.2,14.9,52.0,198.0
39.0,0,180.5,77.1,16.2,49.0,219.0
36.0,0,172.4,67.7,30.2,46.0,244.0
52.0,0,171.7,73.96,1.2,31.0,184.0
59.0,0,160.7,56.8,15.9,45.0,187.0
27.0,0,167.9,62.3,8.8,42.0,217.0
26.0,1,166.8,58.6,22.1,39.0,175.0
41.0,1,160.6,58.8,22.1,37.0,161.0
22.0,0,173.8,83.2,12.2,58.0,214.0
23.0,0,172.1,75.96,16.1,50.0,231.0
31.0,0,171.5,69.6,10.9,52.0,233.0
60.0,0,166.5,77.4,6.3,35.0,175.0
30.0,0,173.6,88.9,30.5,63.0,246.0
38.0,0,170.6,83.6,-1.3,44.0,179.0
62.0,0,165.5,67.2,21.0,25.0,170.0
25.0,1,159.9,54.1,21.9,38.0,161.0
29.0,0,179.4,73.6,15.8,45.0,214.0
21.0,0,178.7,87.8,-4.5,35.0,213.0
57.0,0,170.9,63.68,18.4,41.0,198.0
25.0,0,181.8,80.9,14.5,41.0,245.0
46.0,0,173.3,69.3,15.5,45.0,208.0
24.0,0,182.5,66.7,15.1,44.0,222.0
21.0,0,175.0,66.4,13.0,54.0,248.0
31.0,0,181.7,68.9,9.0,57.0,257.0
60.0,1,162.4,62.1,21.6,13.0,124.0
41.0,0,186.2,85.0,19.1,43.0,228.0
51.0,0,163.0,73.1,14.6,49.0,180.0
43.0,1,157.3,55.2,23.0,22.0,150.0
63.0,1,160.3,54.5,25.7,20.0,108.0
21.0,1,169.5,60.6,29.8,47.0,173.0
21.0,1,169.7,59.6,11.8,49.0,175.0
22.0,0,174.6,92.2,10.5,59.0,245.0
59.0,0,169.5,68.8,7.4,30.0,155.0
34.0,1,160.8,51.5,20.9,37.0,153.0
64.0,1,156.8,58.8,9.9,0.0,82.0
25.0,1,165.7,56.2,20.5,49.0,178.0
39.0,0,176.0,67.9,5.5,35.0,237.0
64.0,0,172.3,81.6,13.1,31.0,170.0
37.0,0,174.6,83.0,7.9,33.0,177.0
34.0,1,167.6,60.0,20.3,39.0,137.0
24.0,0,175.3,73.3,17.9,61.0,232.0
31.0,0,177.8,89.3,9.5,35.0,185.0
23.0,1,167.8,51.8,23.0,46.0,191.0
37.0,0,171.0,68.0,17.8,59.0,237.0
61.0,1,153.0,64.6,20.6,0.0,0.0
27.0,0,173.5,65.3,12.1,46.0,229.0
62.0,0,171.0,72.3,9.0,32.0,161.0
51.0,1,160.6,52.7,25.0,34.0,144.0
22.0,0,175.3,80.0,7.4,47.0,237.0
58.0,1,160.2,57.2,14.5,12.0,103.0
43.0,1,166.7,55.9,20.4,19.0,181.0
44.0,1,159.0,56.8,26.5,34.0,156.0
25.0,0,176.4,70.4,7.5,31.0,234.0
22.0,1,170.3,67.9,20.1,37.0,131.0
30.0,0,173.4,83.6,18.7,41.0,226.0
55.0,0,177.3,76.5,8.0,28.0,178.0
30.0,0,171.5,70.7,16.1,66.0,228.0
26.0,0,169.2,70.8,15.3,55.0,260.0
35.0,0,177.8,75.7,19.1,47.0,244.0
33.0,1,169.2,67.3,19.6,40.0,155.0
33.0,1,161.3,54.8,0.6,33.0,143.0
27.0,1,165.5,67.6,26.0,47.0,162.0
64.0,1,160.3,56.8,19.1,29.0,90.0
61.0,0,170.5,71.3,10.4,36.0,176.0
24.0,1,158.6,47.7,24.9,35.0,145.0
44.0,0,177.0,78.28,10.5,42.0,215.0
60.0,0,175.2,78.1,10.6,45.0,211.0
31.0,0,169.9,79.5,5.8,44.0,184.0
38.0,1,166.4,52.4,25.0,38.0,181.0
51.0,1,167.2,58.52,12.8,21.0,165.0
55.0,1,152.6,57.3,21.0,13.0,124.0
58.0,1,158.8,60.3,23.4,30.0,150.0
50.0,1,163.6,50.6,25.1,31.0,128.0
60.0,0,173.6,57.9,13.5,41.0,189.0
30.0,0,176.1,84.2,22.6,46.0,237.0
26.0,0,176.0,70.6,16.3,57.0,228.0
30.0,0,176.4,71.6,16.0,53.0,225.0
63.0,0,165.9,65.8,12.8,35.0,186.0
23.0,1,167.1,58.8,19.8,45.0,166.0
24.0,0,183.9,76.1,14.9,48.0,202.0
27.0,0,170.4,66.1,29.1,53.0,238.0
24.0,0,166.5,66.3,15.3,42.0,203.0
21.0,0,178.7,70.1,10.2,32.0,188.0
45.0,0,172.4,71.0,12.3,37.0,203.0
59.0,1,163.1,61.4,24.0,28.0,152.0
57.0,1,160.1,43.7,20.8,16.0,144.0
46.0,1,157.7,52.5,12.6,8.0,138.0
44.0,1,164.8,70.1,15.8,25.0,140.0
60.0,1,158.0,46.4,25.3,15.0,110.0
26.0,0,179.0,81.6,13.3,51.0,237.0
24.0,0,168.4,60.2,16.2,61.0,230.0
59.0,1,161.9,59.6,17.8,20.0,151.0
29.0,0,180.1,83.8,12.2,55.0,222.0
27.0,0,167.0,74.6,13.8,51.0,196.0
22.0,0,177.6,71.8,10.2,48.0,199.0
39.0,1,154.0,53.88,17.6,27.0,134.0
61.0,0,160.7,58.9,12.4,44.0,185.0
22.0,1,172.0,60.5,30.2,37.0,198.0
29.0,0,171.7,69.9,15.0,65.0,259.0
64.0,1,160.6,50.1,22.0,55.0,170.0
58.0,0,164.1,59.5,7.4,31.0,109.0
60.0,1,156.7,57.2,18.8,20.0,126.0
23.0,0,172.0,72.4,22.8,42.0,212.0
60.0,0,159.0,64.8,13.9,31.0,185.0
51.0,0,164.2,62.8,7.6,43.0,220.0
51.0,0,160.9,73.44,14.3,47.0,172.0
57.0,0,168.7,73.1,12.0,45.0,177.0
27.0,0,181.9,83.5,18.7,59.0,215.0
29.0,0,169.0,71.12,23.7,55.0,223.0
44.0,0,172.3,70.1,-5.5,33.0,197.0
28.0,0,174.7,80.8,-0.8,48.0,228.0
25.0,0,177.2,71.4,14.2,48.0,239.0
55.0,0,166.2,58.8,18.7,54.0,222.0
58.0,1,157.5,48.6,22.7,11.0,151.0
52.0,1,170.6,67.9,24.7,45.0,167.0
48.0,0,166.1,68.1,19.1,39.0,208.0
21.0,0,182.2,73.0,13.1,49.0,266.0
21.0,1,150.2,53.4,26.2,49.0,199.0
22.0,0,170.7,74.9,8.0,27.0,135.0
24.0,1,163.8,52.0,25.2,47.0,173.0
51.0,0,175.0,68.0,13.0,37.0,215.0
29.0,0,177.1,85.5,14.7,44.0,184.0
36.0,0,167.6,74.5,10.0,52.0,207.0
60.0,0,157.1,47.0,15.8,36.0,173.0
25.0,0,171.4,74.5,15.3,42.0,140.0
23.0,1,165.5,48.62,22.0,44.0,176.0
22.0,1,155.6,47.9,26.0,44.0,171.0
23.0,1,169.4,48.8,22.2,27.0,138.0
27.0,0,164.5,68.4,19.1,53.0,225.0
30.0,0,176.1,68.9,17.6,63.0,237.0
59.0,0,171.4,67.8,11.0,36.0,177.0
24.0,0,168.0,70.3,8.6,27.0,154.0
25.0,0,162.8,70.1,8.4,55.0,221.0
49.0,1,158.5,63.8,18.0,41.0,127.0
35.0,0,180.7,74.5,8.4,41.0,185.0
23.0,0,174.3,99.12,6.8,19.0,174.0
25.0,0,175.0,72.0,20.0,62.0,221.0
53.0,1,154.5,50.88,15.8,32.0,127.0
52.0,0,165.5,67.7,9.6,30.0,193.0
28.0,0,177.2,83.5,-13.5,54.0,203.0
28.0,1,173.1,61.7,20.4,44.0,189.0
25.0,0,174.8,62.0,17.1,51.0,257.0
62.0,1,155.0,50.7,28.3,11.0,150.0
27.0,0,172.3,72.3,18.2,72.0,236.0
24.0,0,177.4,76.0,12.7,54.0,196.0
57.0,0,158.0,58.4,23.3,41.0,187.0
33.0,0,178.6,74.5,14.2,34.0,225.0
32.0,0,173.6,68.5,25.8,60.0,229.0
22.0,1,167.9,67.7,27.5,58.0,181.0
51.0,0,157.6,61.4,11.2,39.0,186.0
60.0,0,175.1,60.6,13.3,33.0,212.0
58.0,0,167.2,67.3,14.2,20.0,178.0
35.0,1,164.4,57.8,24.5,33.0,187.0
26.0,1,162.1,57.0,21.5,36.0,162.0
50.0,1,156.7,70.2,17.6,14.0,166.0
27.0,1,163.3,50.9,21.6,23.0,173.0
36.0,0,174.1,82.0,7.6,33.0,202.0
38.0,0,180.2,74.0,10.9,40.0,213.0
23.0,1,162.2,58.48,26.2,37.0,182.0
40.0,1,155.0,91.9,4.6,4.6,116.0
34.0,1,162.7,53.3,19.1,42.0,158.0
33.0,0,167.6,65.3,20.5,58.0,265.0
47.0,0,155.0,60.6,12.7,48.0,178.0
46.0,0,177.3,100.6,-20.0,30.0,180.0
26.0,1,166.4,62.7,0.6,30.0,159.0
39.0,1,158.3,53.3,26.0,48.0,173.0
22.0,0,177.7,76.0,4.2,47.0,192.0
61.0,1,158.2,64.2,21.9,27.0,136.0
27.0,1,176.4,61.1,33.9,32.0,170.0
54.0,0,173.6,78.5,4.5,14.0,178.0
21.0,0,163.3,63.4,11.3,59.0,238.0
32.0,1,162.1,49.1,22.4,35.0,195.0
63.0,0,167.6,65.4,11.9,37.0,195.0
26.0,0,183.0,91.5,24.0,52.0,218.0
29.0,1,161.0,52.6,13.9,45.0,178.0
29.0,0,173.4,75.1,18.0,53.0,215.0
64.0,0,169.5,73.2,22.8,31.0,179.0
25.0,1,166.4,58.04,20.1,42.0,175.0
61.0,1,148.3,41.7,22.3,37.0,136.0
64.0,1,164.0,60.9,28.3,25.0,158.0
27.0,0,176.6,75.8,21.3,58.0,244.0
26.0,1,159.2,51.98,24.5,29.0,148.0
26.0,1,160.3,58.6,10.4,32.0,184.0
22.0,0,179.0,69.2,10.4,56.0,218.0
31.0,0,169.2,65.1,22.4,40.0,226.0
31.0,1,155.6,43.6,11.8,33.0,136.0
49.0,0,171.3,71.9,9.4,48.0,201.0
42.0,0,177.4,76.7,10.6,57.0,209.0
24.0,0,176.2,73.16,15.6,56.0,246.0
39.0,0,177.3,70.4,17.7,59.0,240.0
41.0,0,179.0,85.5,6.5,39.0,255.0
55.0,1,159.3,55.5,22.5,31.0,118.0
29.0,0,182.0,77.2,5.3,56.0,234.0
22.0,1,164.3,61.6,17.7,40.0,151.0
22.0,0,175.4,61.7,14.9,48.0,242.0
22.0,0,168.0,66.3,8.9,32.0,200.0
31.0,0,168.3,73.0,10.03,46.0,229.0
29.0,0,174.2,77.1,3.1,36.0,190.0
35.0,0,166.2,67.1,18.3,45.0,240.0
39.0,0,177.0,74.3,10.2,44.0,211.0
54.0,1,157.1,66.2,17.4,27.0,126.0
23.0,0,181.0,69.4,3.8,52.0,252.0
30.0,0,185.8,90.5,16.2,54.0,232.0
62.0,1,150.9,59.4,18.5,0.0,104.0
63.0,1,160.9,52.1,22.4,24.0,136.0
27.0,0,181.9,82.7,13.1,45.0,235.0
41.0,1,162.5,54.8,22.0,34.0,126.0
21.0,0,170.1,63.5,18.4,40.0,211.0
48.0,0,171.6,58.5,16.0,42.0,202.0
29.0,0,168.0,73.5,24.4,62.0,246.0
42.0,0,171.3,79.04,-11.1,32.0,185.0
27.0,0,168.2,72.7,3.3,27.0,188.0
26.0,0,179.0,69.8,-5.0,48.0,220.0
43.0,0,168.9,79.6,18.5,50.0,221.0
60.0,0,160.0,51.8,17.9,36.0,195.0
52.0,1,151.4,59.6,7.9,6.0,118.0
27.0,0,177.2,81.9,17.3,56.0,222.0
58.0,0,177.8,79.2,13.0,48.0,202.0
23.0,0,180.2,77.5,18.1,63.0,246.0
23.0,1,166.0,79.5,24.4,39.0,200.0
48.0,0,164.4,74.1,18.5,28.0,206.0
37.0,1,153.5,56.9,25.3,59.0,170.0
33.0,0,179.2,76.3,8.7,36.0,188.0
41.0,1,169.4,66.3,20.7,31.0,153.0
30.0,1,172.8,68.7,32.2,36.0,165.0
40.0,1,155.8,51.9,20.3,41.0,176.0
37.0,0,167.4,84.5,2.0,36.0,200.0
37.0,0,177.7,83.4,-2.9,48.0,226.0
62.0,1,151.6,47.0,11.5,23.0,133.0
24.0,1,159.9,52.7,23.8,48.0,200.0
22.0,0,188.0,92.2,14.5,55.0,250.0
51.0,0,180.8,68.6,21.7,46.0,212.0
21.0,0,175.7,65.1,25.2,53.0,232.0
49.0,1,153.9,49.4,10.9,21.0,120.0
31.0,1,155.0,53.5,14.3,17.0,147.0
25.0,1,170.3,73.2,26.8,46.0,189.0
21.0,0,180.6,89.4,18.9,33.0,203.0
52.0,0,175.0,72.9,19.6,36.0,233.0
34.0,0,173.4,85.6,-0.8,37.0,157.0
27.0,1,162.3,59.28,24.4,47.0,179.0
55.0,1,156.4,54.3,19.5,43.0,154.0
34.0,0,174.7,78.6,24.8,51.0,237.0
49.0,1,160.8,59.7,13.7,30.0,129.0
27.0,0,173.4,72.1,13.4,44.0,231.0
59.0,0,160.0,55.6,22.1,48.0,175.0
58.0,1,165.4,65.6,20.1,22.0,120.0
27.0,1,155.0,57.3,19.7,34.0,176.0
49.0,1,148.1,63.7,10.6,0.0,73.0
22.0,0,171.5,62.2,18.3,56.0,252.0
22.0,1,159.4,61.3,11.3,36.0,154.0
56.0,1,157.5,67.2,23.6,22.0,180.0
28.0,0,181.3,73.0,14.5,51.0,234.0
22.0,0,168.6,66.1,-13.2,28.0,159.0
46.0,0,165.6,69.58,17.8,33.0,200.0
21.0,0,175.6,72.8,26.3,68.0,257.0
25.0,0,175.0,79.2,9.2,61.0,205.0
25.0,0,168.8,87.3,20.7,68.0,230.0
60.0,0,156.9,63.2,21.0,32.0,172.0
58.0,1,153.9,53.8,28.0,33.0,150.0
22.0,0,173.3,90.9,-3.7,30.0,218.0
24.0,0,177.5,83.2,21.6,48.0,254.0
63.0,0,167.5,74.8,8.1,24.0,115.0
35.0,0,170.4,76.3,17.9,52.0,229.0
27.0,0,173.7,73.3,10.1,60.0,242.0
36.0,0,179.4,63.6,24.4,59.0,248.0
38.0,0,178.8,83.6,10.4,23.0,193.0
22.0,1,169.2,53.2,27.1,54.0,202.0
44.0,0,177.1,73.1,11.8,50.0,246.0
35.0,0,171.7,65.6,27.6,44.0,222.0
44.0,1,168.8,52.1,25.3,25.0,173.0
54.0,1,148.0,53.4,23.0,35.0,145.0
47.0,0,180.0,68.6,14.2,46.0,213.0
26.0,0,184.4,87.4,9.0,53.0,231.0
64.0,0,166.7,62.7,12.9,19.0,173.0
31.0,0,169.6,78.9,11.5,52.0,219.0
47.0,0,169.1,64.6,18.1,45.0,201.0
26.0,0,165.9,68.7,24.5,68.0,220.0
36.0,1,165.3,52.3,20.1,25.0,156.0
24.0,1,157.7,46.0,21.5,45.0,173.0
46.0,1,160.6,67.78,19.8,47.0,185.0
63.0,0,165.7,74.7,20.1,27.0,184.0
45.0,0,164.2,67.4,15.7,47.0,206.0
33.0,0,166.7,70.2,17.9,50.0,200.0
23.0,0,163.6,56.8,8.9,53.0,188.0
26.0,0,179.9,75.1,19.3,56.0,240.0
29.0,1,160.2,58.0,23.1,35.0,183.0
51.0,0,172.8,65.7,3.7,20.0,194.0
64.0,0,167.8,74.4,7.5,27.0,200.0
30.0,0,180.0,85.08,26.4,57.0,226.0
29.0,0,180.0,83.9,4.4,41.0,183.0
27.0,1,166.0,60.4,14.0,47.0,169.0
36.0,0,179.0,73.4,13.9,40.0,239.0
43.0,0,177.4,85.3,14.9,55.0,211.0
35.0,0,173.0,67.9,16.8,50.0,246.0
21.0,1,155.3,54.3,19.8,46.0,203.0
28.0,0,172.0,74.2,15.9,55.0,215.0
21.0,1,168.9,56.3,20.1,33.0,114.0
53.0,1,155.0,64.4,14.3,9.0,135.0
41.0,0,172.2,71.9,14.4,47.0,207.0
52.0,0,166.0,73.3,20.2,39.0,158.0
33.0,1,159.0,45.1,23.2,41.0,166.0
24.0,0,172.1,64.5,21.7,63.0,201.0
60.0,1,161.0,54.1,11.6,3.0,157.0
64.0,0,165.2,77.9,15.2,26.0,139.0
22.0,1,157.8,61.5,20.8,55.0,191.0
24.0,1,169.6,71.48,21.5,30.0,152.0
32.0,0,173.0,68.9,19.0,40.0,165.0
24.0,0,170.1,76.96,10.2,53.0,197.0
21.0,0,168.3,67.2,-8.4,48.0,196.0
61.0,0,160.0,61.2,19.1,45.0,194.0
38.0,0,175.3,95.4,-16.3,44.0,178.0
36.0,0,174.2,80.4,17.6,38.0,217.0
60.0,0,180.5,64.9,16.6,31.0,210.0
26.0,0,166.7,59.4,12.5,53.0,195.0
21.0,1,165.6,68.0,10.1,33.0,154.0
41.0,0,173.2,67.5,18.0,41.0,227.0
44.0,0,174.0,77.1,3.7,39.0,183.0
46.0,1,166.1,66.3,18.5,28.0,130.0
22.0,0,180.6,80.0,20.4,49.0,221.0
28.0,0,178.8,87.1,-11.5,50.0,198.0
62.0,1,154.3,51.2,20.8,26.0,129.0
59.0,1,154.7,60.34,20.5,25.0,148.0
24.0,1,159.6,42.54,15.0,43.0,165.0
26.0,1,166.9,61.3,21.2,27.0,177.0
37.0,0,176.9,79.6,14.5,42.0,193.0
36.0,0,173.0,72.7,7.8,46.0,204.0
36.0,0,176.4,79.3,18.5,51.0,221.0
28.0,0,175.2,67.2,12.8,50.0,235.0
22.0,1,167.9,54.9,21.8,52.0,214.0
26.0,0,170.2,66.9,5.4,46.0,96.0
64.0,0,167.2,71.0,12.2,26.0,201.0
51.0,1,155.8,45.8,22.4,31.0,151.0
59.0,0,178.2,78.8,19.9,41.0,182.0
28.0,0,172.2,71.6,15.4,68.0,234.0
25.0,1,161.0,58.3,25.0,37.0,147.0
29.0,0,179.7,80.2,26.2,62.0,240.0
63.0,1,154.4,54.5,16.6,14.0,108.0
58.0,0,168.5,74.9,15.8,29.0,188.0
37.0,0,172.2,81.1,12.6,34.0,204.0
23.0,1,160.8,45.5,15.0,35.0,152.0
24.0,1,155.5,64.4,16.7,43.0,174.0
28.0,0,169.7,65.2,9.9,41.0,179.0
36.0,0,165.3,77.1,26.1,58.0,249.0
64.0,1,157.5,69.0,1.5,3.0,78.0
26.0,0,175.8,73.7,14.7,47.0,256.0
31.0,1,167.1,59.2,14.4,22.0,138.0
30.0,0,168.0,81.0,21.2,51.0,248.0
27.0,0,176.4,76.2,2.3,58.0,217.0
28.0,0,173.2,73.7,5.3,45.0,202.0
31.0,0,173.3,68.9,20.0,55.0,250.0
46.0,1,155.1,62.5,21.0,24.0,124.0
57.0,1,154.9,54.0,19.5,25.0,156.0
29.0,0,184.6,82.6,-8.1,36.0,196.0
31.0,0,169.8,72.5,17.6,42.0,211.0
21.0,0,173.6,74.1,22.7,52.0,214.0
40.0,1,163.0,51.4,11.6,32.0,154.0
62.0,0,169.5,72.1,16.7,37.0,142.0
34.0,0,171.7,81.1,10.3,38.0,236.0
31.0,0,177.7,106.4,-10.0,43.0,201.0
62.0,0,169.3,66.2,-5.0,16.0,175.0
25.0,0,179.8,87.6,18.0,45.0,234.0
25.0,0,168.7,74.0,14.1,45.0,158.0
24.0,1,162.9,55.0,6.2,44.0,175.0
25.0,1,151.4,47.0,26.6,52.0,173.0
56.0,1,152.0,49.3,12.9,15.0,117.0
30.0,0,180.3,78.8,10.0,48.0,240.0
26.0,0,181.7,70.1,3.0,51.0,241.0
28.0,1,162.5,52.5,20.9,32.0,149.0
48.0,0,169.6,69.6,15.8,37.0,202.0
22.0,0,168.6,63.1,18.1,58.0,242.0
49.0,0,177.6,66.0,12.8,30.0,185.0
55.0,0,167.2,76.1,5.0,23.0,177.0
64.0,1,148.2,53.1,19.6,31.0,119.0
60.0,0,179.6,78.2,15.9,48.0,211.0
55.0,1,158.4,71.1,7.5,8.0,136.0
43.0,0,172.6,72.2,11.3,46.0,228.0
22.0,1,158.7,50.5,12.8,32.0,151.0
33.0,0,172.7,73.9,13.2,58.0,202.0
25.0,0,180.6,83.7,15.2,56.0,212.0
58.0,0,175.9,77.3,7.4,35.0,190.0
63.0,0,173.3,73.8,13.3,32.0,186.0
35.0,0,184.7,84.18,15.3,56.0,229.0
29.0,0,171.7,71.0,20.1,58.0,239.0
46.0,0,172.6,89.0,-7.4,49.0,218.0
50.0,1,166.4,58.3,12.5,13.0,161.0
23.0,1,156.9,52.5,14.9,19.0,145.0
60.0,0,168.5,79.1,1.7,21.0,171.0
25.0,0,177.3,71.3,10.2,53.0,217.0
47.0,1,162.5,63.6,22.6,19.0,130.0
34.0,0,175.6,73.1,8.4,50.0,239.0
37.0,0,177.0,74.0,22.1,53.0,220.0
23.0,0,174.2,75.5,13.4,57.0,224.0
25.0,0,165.0,57.9,9.5,39.0,207.0
21.0,0,175.5,78.1,15.8,50.0,216.0
60.0,0,172.4,65.8,16.8,41.0,175.0
47.0,0,171.6,80.2,16.0,45.0,225.0
22.0,1,151.0,67.6,21.1,50.0,160.0
29.0,0,176.9,71.0,-17.2,51.0,222.0
25.0,0,173.0,70.4,26.7,64.0,238.0
23.0,1,161.3,66.4,21.2,52.0,166.0
23.0,0,164.3,65.9,16.6,49.0,219.0
26.0,1,163.5,52.2,11.6,34.0,167.0
21.0,0,173.0,83.1,0.0,34.0,185.0
22.0,0,183.0,72.9,2.1,42.0,212.0
30.0,0,178.0,91.8,-3.6,18.0,211.0
22.0,0,176.0,76.3,8.7,54.0,200.0
41.0,0,172.8,75.2,8.3,30.0,212.0
35.0,0,172.2,66.2,23.2,55.0,246.0
61.0,1,161.4,58.1,21.5,19.0,155.0
60.0,0,166.5,66.9,9.9,27.0,170.0
29.0,0,177.2,64.9,8.3,48.0,220.0
37.0,1,167.0,57.3,28.1,31.0,145.0
48.0,0,174.3,74.3,9.6,37.0,196.0
22.0,1,153.6,48.5,24.9,47.0,196.0
30.0,0,176.9,73.3,16.6,54.0,186.0
58.0,1,156.7,58.1,21.2,30.0,150.0
52.0,0,167.2,79.2,3.5,38.0,181.0
37.0,0,175.4,79.3,10.0,39.0,229.0
21.0,0,169.9,69.2,23.8,59.0,246.0
61.0,1,160.7,58.4,23.9,19.0,133.0
57.0,1,155.4,53.8,21.8,35.0,140.0
21.0,0,172.6,50.2,6.0,35.0,200.0
38.0,1,161.5,53.3,24.1,40.0,184.0
45.0,1,164.2,55.0,18.6,34.0,161.0
38.0,0,166.7,70.4,15.7,25.0,213.0
31.0,0,186.0,68.9,27.3,53.0,260.0
22.0,0,177.1,63.3,12.3,55.0,250.0
64.0,0,166.3,74.1,-8.0,22.0,160.0
40.0,1,160.4,78.1,18.0,41.0,170.0
28.0,1,168.5,56.2,23.4,46.0,189.0
48.0,0,179.4,87.7,14.8,51.0,216.0
24.0,0,177.3,70.8,7.0,56.0,196.0
56.0,1,154.6,67.4,11.9,15.0,105.0
30.0,0,180.9,71.9,14.7,45.0,199.0
54.0,0,171.5,78.2,8.5,33.0,193.0
63.0,0,167.6,68.9,18.7,31.0,177.0
33.0,0,172.7,65.9,12.9,52.0,184.0
51.0,0,181.2,85.2,-1.0,28.0,157.0
32.0,0,179.0,82.2,28.7,57.0,250.0
25.0,0,176.9,78.3,17.4,62.0,235.0
27.0,0,165.6,65.6,14.5,43.0,210.0
35.0,0,176.9,81.5,20.6,39.0,210.0
26.0,0,164.7,65.5,8.7,48.0,188.0
41.0,0,175.8,90.9,6.2,47.0,196.0
63.0,0,167.1,61.6,3.0,26.0,123.0
26.0,1,177.9,62.0,32.7,62.0,196.0
55.0,0,162.0,57.4,12.5,48.0,185.0
36.0,0,174.3,79.9,3.0,50.0,180.0
53.0,1,155.1,60.0,17.6,19.0,139.0
30.0,0,174.7,71.2,10.4,60.0,197.0
46.0,1,166.8,55.86,14.2,33.0,161.0
23.0,1,171.4,63.8,23.0,51.0,172.0
22.0,0,178.6,65.6,15.8,54.0,220.0
24.0,0,174.9,70.52,13.9,59.0,229.0
42.0,1,158.0,76.8,5.9,1.0,133.0
32.0,0,175.7,72.2,18.9,49.0,270.0
21.0,1,153.5,42.74,17.4,32.0,175.0
63.0,1,161.7,57.6,9.0,20.0,131.0
56.0,0,163.5,70.3,19.5,30.0,190.0
31.0,0,170.3,76.3,11.6,41.0,212.0
37.0,1,167.6,67.4,14.5,29.0,144.0
31.0,0,176.0,78.4,20.9,52.0,240.0
55.0,1,156.3,54.9,16.1,16.0,135.0
25.0,0,171.3,79.6,8.0,52.0,239.0
58.0,1,154.8,57.36,18.5,26.0,128.0
47.0,1,161.0,60.7,4.1,0.0,106.0
31.0,0,174.1,76.9,12.3,59.0,212.0
55.0,0,172.8,70.5,25.6,35.0,199.0
22.0,1,160.4,56.0,24.5,64.0,195.0
21.0,0,172.1,71.3,17.0,36.0,215.0
24.0,1,162.0,47.9,24.7,34.0,175.0
27.0,1,166.6,70.0,22.0,56.0,205.0
21.0,0,173.7,73.0,2.2,35.0,211.0
26.0,1,165.9,59.3,26.8,44.0,211.0
21.0,1,156.2,57.7,25.5,37.0,152.0
30.0,0,180.6,76.5,15.0,49.0,220.0
30.0,0,174.0,75.9,10.0,43.0,230.0
45.0,1,155.5,62.1,23.2,28.0,165.0
21.0,1,159.9,52.0,26.4,36.0,218.0
57.0,0,173.7,55.6,5.0,28.0,154.0
41.0,0,177.9,85.9,17.5,58.0,231.0
29.0,0,172.9,78.1,12.6,43.0,194.0
22.0,1,160.5,50.8,35.2,46.0,181.0
26.0,1,159.7,53.0,17.3,33.0,173.0
25.0,0,166.3,57.7,-3.2,39.0,214.0
21.0,0,175.7,66.5,11.8,55.0,217.0
27.0,1,164.1,48.9,20.8,41.0,163.0
23.0,1,163.0,63.9,29.5,43.0,174.0
25.0,0,174.7,77.5,19.3,56.0,231.0
24.0,1,154.4,49.52,20.4,35.0,178.0
23.0,0,172.4,80.3,17.1,60.0,213.0
27.0,0,173.8,69.9,12.5,48.0,187.0
49.0,1,154.6,54.0,25.3,0.0,160.0
57.0,1,155.8,52.5,20.6,28.0,137.0
22.0,1,169.0,63.4,24.8,61.0,212.0
29.0,0,177.4,70.6,22.1,51.0,227.0
61.0,1,155.5,55.1,20.3,26.0,132.0
22.0,0,179.6,62.8,12.9,44.0,201.0
21.0,0,170.2,63.9,28.0,56.0,228.0
56.0,0,176.9,72.3,15.4,40.0,220.0
26.0,0,169.7,67.1,26.9,57.0,241.0
60.0,0,173.3,74.0,7.8,32.0,198.0
39.0,1,164.0,64.7,19.3,45.0,176.0
60.0,1,161.2,46.8,24.4,10.0,138.0
26.0,0,176.4,68.6,6.8,46.0,245.0
30.0,0,185.5,76.4,8.7,39.0,183.0
32.0,0,169.5,76.0,6.3,40.0,225.0
21.0,0,178.9,69.44,13.7,39.0,195.0
49.0,0,167.7,72.0,21.0,41.0,209.0
37.0,0,173.0,92.5,17.5,30.0,198.0
23.0,0,169.9,80.3,12.6,51.0,222.0
48.0,0,168.1,68.0,-0.2,17.0,169.0
21.0,0,186.8,79.1,-1.5,45.0,235.0
46.0,1,157.7,44.9,21.9,30.0,165.0
21.0,1,163.8,85.1,18.7,0.0,113.0
23.0,1,172.4,86.9,8.4,30.0,152.0
34.0,0,169.8,75.0,21.9,43.0,216.0
22.0,1,166.8,54.6,25.5,37.0,175.0
29.0,1,162.1,55.4,21.5,23.0,160.0
50.0,0,166.5,71.2,18.3,43.0,208.0
28.0,0,180.8,90.6,2.7,51.0,246.0
36.0,0,179.6,81.1,6.8,46.0,216.0
21.0,0,181.3,93.2,14.6,54.0,230.0
32.0,0,170.7,73.4,8.4,40.0,190.0
64.0,1,154.6,58.8,3.2,9.0,100.0
56.0,0,167.0,65.9,20.5,37.0,175.0
43.0,0,178.8,84.3,8.9,34.0,203.0
39.0,0,171.7,67.3,7.2,45.0,218.0
42.0,1,171.4,63.1,21.0,27.0,147.0
21.0,1,165.5,63.0,29.4,44.0,168.0
27.0,0,182.5,81.0,9.1,44.0,233.0
61.0,0,171.1,86.22,7.8,30.0,157.0
26.0,1,159.3,50.5,24.4,30.0,138.0
30.0,0,175.1,75.5,5.3,32.0,228.0
60.0,0,168.7,67.9,16.3,51.0,196.0
64.0,1,157.0,56.7,12.6,5.0,89.0
41.0,1,161.1,52.6,21.8,30.0,164.0
30.0,0,178.1,70.1,18.3,50.0,213.0
31.0,0,164.6,62.0,16.7,45.0,211.0
59.0,0,160.3,59.1,14.5,35.0,166.0
21.0,1,166.6,51.8,20.7,60.0,202.0
33.0,1,166.3,70.7,20.1,10.0,119.0
53.0,1,153.9,53.0,14.9,20.0,148.0
62.0,0,161.2,63.8,15.8,37.0,162.0
61.0,1,161.1,62.8,18.7,18.0,123.0
33.0,1,160.3,59.8,21.9,35.0,166.0
27.0,1,166.5,58.5,22.0,32.0,150.0
22.0,1,168.8,52.1,23.7,42.0,182.0
22.0,0,175.3,64.2,-0.2,35.0,200.0
57.0,0,175.4,79.9,18.8,40.0,223.0
28.0,0,174.3,67.3,5.3,46.0,166.0
24.0,1,160.5,54.0,23.9,32.0,171.0
62.0,0,179.0,74.7,3.7,19.0,168.0
41.0,0,178.8,82.6,17.36,39.0,236.0
26.0,0,171.5,80.1,11.6,31.0,183.0
38.0,0,177.6,86.6,14.5,52.0,235.0
31.0,0,187.3,87.5,9.6,49.0,223.0
48.0,0,161.6,60.5,-2.5,19.0,118.0
61.0,1,152.2,46.5,29.6,40.0,140.0
35.0,0,178.1,80.4,20.0,45.0,202.0
51.0,1,156.4,76.8,19.8,0.0,105.0
25.0,0,172.0,66.0,12.7,61.0,210.0
27.0,1,164.7,68.1,13.8,42.0,140.0
22.0,0,172.9,76.3,13.9,49.0,212.0
61.0,0,172.3,69.1,10.3,34.0,168.0
47.0,0,168.2,72.3,6.0,30.0,177.0
40.0,0,166.7,62.8,14.7,45.0,237.0
53.0,0,168.6,66.0,10.5,28.0,181.0
27.0,0,171.2,71.3,18.1,60.0,247.0
23.0,0,167.2,68.7,11.0,48.0,236.0
22.0,0,184.4,82.5,18.2,74.0,273.0
56.0,0,172.2,69.5,11.0,34.0,193.0
47.0,1,159.1,57.0,26.7,26.0,158.0
46.0,0,170.9,68.8,9.5,42.0,180.0
24.0,0,163.1,69.76,5.3,40.0,192.0
25.0,0,184.3,85.1,17.2,47.0,221.0
48.0,0,162.8,72.4,20.1,31.0,174.0
61.0,0,170.3,67.1,14.9,34.0,177.0
24.0,1,164.1,49.38,21.1,46.0,171.0
56.0,0,177.4,76.7,13.9,33.0,192.0
54.0,0,160.7,59.7,19.5,51.0,206.0
22.0,0,167.0,76.1,12.9,45.0,227.0
46.0,0,168.3,60.6,6.6,43.0,189.0
52.0,1,156.8,58.8,25.4,29.0,171.0
54.0,0,172.2,75.6,19.2,35.0,210.0
25.0,0,168.6,63.9,19.8,45.0,194.0
40.0,0,177.8,90.9,-12.5,23.0,170.0
25.0,1,168.0,52.0,20.2,50.0,205.0
24.0,0,162.6,58.1,20.5,59.0,242.0
30.0,0,171.5,75.6,14.7,43.0,221.0
22.0,0,175.1,76.2,5.4,37.0,226.0
21.0,1,153.9,59.5,22.6,37.0,162.0
56.0,1,149.8,55.3,-7.8,14.0,110.0
24.0,0,181.3,69.2,19.6,43.0,224.0
52.0,0,177.8,77.8,6.9,40.0,220.0
28.0,1,162.1,52.9,25.5,41.0,160.0
61.0,1,159.1,71.4,26.2,0.0,98.0
22.0,1,164.5,54.6,23.3,40.0,185.0
43.0,0,163.8,72.5,15.3,44.0,206.0
32.0,0,177.2,85.28,15.0,54.0,222.0
24.0,0,180.7,84.1,9.7,29.0,182.0
51.0,0,163.9,59.8,21.2,49.0,190.0
21.0,0,169.3,59.6,6.5,31.0,212.0
35.0,0,174.1,75.9,7.2,37.0,183.0
50.0,1,155.1,55.7,6.7,12.0,139.0
42.0,0,173.6,75.5,15.9,38.0,231.0
22.0,0,170.4,63.3,13.3,48.0,233.0
23.0,0,175.9,65.3,0.1,46.0,261.0
28.0,0,174.9,74.8,21.1,52.0,218.0
42.0,0,175.0,78.6,24.4,47.0,211.0
53.0,0,166.3,60.5,18.5,34.0,202.0
25.0,1,168.2,61.0,20.9,46.0,165.0
33.0,0,166.7,62.9,26.0,48.0,225.0
51.0,0,170.4,67.4,26.1,35.0,197.0
43.0,0,180.2,77.6,8.1,30.0,190.0
21.0,1,166.3,63.9,16.8,29.0,152.0
23.0,1,166.1,54.4,21.4,46.0,152.0
32.0,0,178.5,95.4,23.6,52.0,224.0
57.0,1,161.0,50.02,20.5,38.0,153.0
63.0,1,146.6,54.42,22.9,15.0,145.0
26.0,0,178.6,73.94,22.8,59.0,246.0
24.0,0,174.0,75.5,22.5,57.0,250.0
21.0,1,160.6,64.88,22.1,35.0,160.0
22.0,1,154.2,50.0,17.0,40.0,112.0
55.0,1,153.5,48.6,19.0,33.0,158.0
31.0,0,173.2,71.7,13.7,33.0,230.0
25.0,1,160.2,49.52,12.1,36.0,138.0
22.0,0,183.0,65.9,4.0,38.0,197.0
51.0,0,168.9,67.5,12.7,42.0,182.0
28.0,0,174.4,86.3,6.8,45.0,220.0
23.0,0,175.0,91.5,2.4,30.0,200.0
38.0,0,176.4,73.9,7.2,47.0,212.0
25.0,0,171.9,75.7,17.4,59.0,244.0
25.0,0,187.4,76.1,14.9,52.0,237.0
22.0,0,168.0,63.2,-9.8,45.0,220.0
61.0,1,162.4,60.4,11.6,12.0,129.0
60.0,0,180.0,84.1,19.8,28.0,161.0
39.0,1,155.5,52.8,14.7,22.0,150.0
27.0,0,171.8,74.8,15.1,45.0,211.0
27.0,0,175.4,86.7,27.8,47.0,214.0
32.0,0,173.0,74.7,23.0,76.0,274.0
64.0,0,174.5,89.8,13.6,39.0,175.0
21.0,0,182.2,73.5,10.0,38.0,203.0
31.0,0,171.7,70.9,16.4,38.0,188.0
28.0,0,172.5,63.7,15.6,62.0,226.0
39.0,0,174.3,74.14,24.8,55.0,203.0
37.0,0,167.7,77.3,15.6,57.0,226.0
53.0,0,174.5,69.2,4.2,38.0,179.0
53.0,1,158.4,51.7,20.4,30.0,155.0
57.0,1,160.5,79.2,5.0,0.0,101.0
21.0,1,158.5,48.8,21.7,36.0,169.0
22.0,0,174.3,59.8,-6.5,48.0,193.0
47.0,0,173.0,75.4,16.7,32.0,193.0
30.0,1,172.3,60.4,16.4,43.0,176.0
28.0,0,166.2,68.1,19.9,52.0,217.0
23.0,0,176.6,55.0,15.0,43.0,244.0
33.0,1,157.3,59.0,21.1,31.0,174.0
25.0,0,177.9,91.1,11.3,58.0,220.0
48.0,1,155.2,64.6,17.5,28.0,150.0
51.0,1,157.8,62.0,17.5,11.0,153.0
48.0,1,157.1,52.7,21.5,49.0,176.0
23.0,0,182.0,85.9,20.4,44.0,244.0
25.0,0,175.4,73.7,7.0,56.0,233.0
40.0,0,173.2,67.7,18.2,57.0,218.0
37.0,1,153.3,61.5,9.4,8.0,140.0
26.0,1,161.5,46.0,16.5,20.0,132.0
34.0,0,167.4,70.56,10.6,37.0,181.0
32.0,0,171.5,81.2,-0.1,14.0,158.0
53.0,1,157.5,59.6,23.1,35.0,168.0
22.0,0,182.8,70.6,-7.3,18.0,190.0
33.0,1,166.0,58.1,14.2,31.0,175.0
51.0,1,155.9,56.0,17.4,20.0,133.0
56.0,0,162.8,65.8,-3.9,33.0,163.0
52.0,0,160.5,59.3,14.4,31.0,183.0
42.0,0,173.1,68.6,6.8,32.0,205.0
40.0,0,174.2,77.0,20.7,60.0,227.0
34.0,0,166.6,63.3,8.4,46.0,194.0
58.0,0,167.7,65.4,7.8,48.0,180.0
22.0,1,164.8,55.8,13.2,46.0,158.0
35.0,0,184.5,98.4,-12.5,51.0,167.0
63.0,1,151.4,45.8,23.7,22.0,127.0
27.0,1,168.8,83.4,23.1,45.0,183.0
21.0,1,158.5,51.9,13.8,61.0,214.0
38.0,1,168.4,64.3,28.1,30.0,186.0
34.0,0,176.4,89.8,23.5,60.0,232.0
56.0,1,150.1,67.2,12.6,25.0,125.0
34.0,0,166.8,63.0,18.3,65.0,241.0
39.0,0,170.5,71.8,12.5,44.0,185.0
25.0,1,158.9,45.6,11.1,31.0,168.0
26.0,1,165.6,55.2,19.3,23.0,139.0
22.0,0,179.0,70.2,13.3,24.0,254.0
25.0,1,164.2,50.4,8.5,25.0,163.0
22.0,1,160.1,49.6,4.2,23.0,120.0
27.0,1,174.6,60.7,21.0,64.0,187.0
48.0,1,165.9,60.32,21.7,34.0,173.0
42.0,0,174.0,66.1,-0.4,27.0,190.0
21.0,1,162.3,63.4,21.8,54.0,197.0
49.0,1,155.9,57.0,17.5,25.0,110.0
54.0,1,166.9,68.8,21.4,28.0,140.0
29.0,0,182.0,80.2,8.8,52.0,185.0
21.0,1,155.5,55.3,16.5,33.0,160.0
29.0,0,181.6,74.94,16.1,49.0,231.0
27.0,0,172.1,73.2,18.5,51.0,234.0
26.0,0,171.0,69.2,12.6,49.0,243.0
60.0,0,183.7,82.8,4.9,19.0,142.0
22.0,1,166.3,53.8,21.3,46.0,181.0
57.0,0,165.7,63.9,13.6,40.0,183.0
25.0,0,184.0,88.1,15.1,61.0,247.0
40.0,0,177.3,75.3,14.4,42.0,208.0
21.0,0,182.1,91.7,10.6,62.0,194.0
60.0,1,156.8,60.9,20.3,20.0,153.0
29.0,0,171.0,74.5,13.2,46.0,205.0
62.0,0,166.3,63.7,9.6,41.0,178.0
21.0,0,179.5,84.9,19.8,42.0,253.0
24.0,1,166.2,57.1,21.5,44.0,169.0
32.0,0,173.5,79.5,16.7,42.0,222.0
21.0,0,173.3,83.8,18.6,34.0,178.0
24.0,0,169.3,65.4,21.5,50.0,246.0
31.0,0,172.1,84.8,15.3,41.0,242.0
28.0,1,152.6,48.1,24.5,42.0,129.0
34.0,1,163.7,50.6,28.4,19.0,170.0
21.0,0,181.6,88.4,14.9,20.0,220.0
21.0,1,167.5,53.4,12.2,47.0,202.0
23.0,0,176.5,66.6,-13.5,44.0,188.0
22.0,0,184.0,83.2,7.5,53.0,245.0
22.0,1,160.7,54.7,21.4,24.0,179.0
61.0,1,157.4,58.5,15.6,23.0,105.0
21.0,0,177.6,74.5,26.1,59.0,235.0
56.0,0,167.0,72.2,19.0,48.0,202.0
36.0,0,178.2,69.9,7.6,48.0,203.0
38.0,0,173.5,77.7,13.1,39.0,215.0
60.0,1,155.1,51.3,20.6,24.0,158.0
40.0,1,161.2,56.88,16.4,22.0,153.0
62.0,1,153.6,55.1,23.6,28.0,143.0
22.0,0,176.1,71.2,6.8,41.0,168.0
52.0,0,178.4,77.5,24.9,46.0,224.0
32.0,0,186.6,88.32,12.5,51.0,197.0
21.0,0,177.5,75.8,13.0,51.0,242.0
23.0,0,166.8,87.6,11.5,49.0,215.0
40.0,0,170.8,69.8,13.1,45.0,225.0
38.0,0,182.0,91.6,15.2,50.0,218.0
23.0,1,158.8,53.2,14.4,44.0,178.0
46.0,0,169.7,62.6,10.3,36.0,210.0
26.0,0,172.7,68.8,15.9,54.0,238.0
63.0,0,164.2,59.1,12.0,24.0,178.0
56.0,1,158.9,51.0,20.6,21.0,130.0
58.0,0,174.9,71.5,12.2,34.0,187.0
38.0,0,174.4,72.68,17.0,45.0,205.0
44.0,0,185.2,86.4,-4.4,36.0,233.0
23.0,0,172.7,61.8,12.7,63.0,220.0
21.0,1,169.4,57.7,15.4,53.0,182.0
32.0,0,172.6,63.5,18.6,50.0,218.0
34.0,0,158.3,64.1,18.5,47.0,204.0
41.0,1,169.1,62.22,10.7,25.0,133.0
27.0,0,179.0,78.7,16.8,62.0,232.0
59.0,1,156.8,60.4,14.7,20.0,128.0
26.0,0,175.7,76.9,18.0,52.0,224.0
50.0,1,163.9,52.5,18.0,26.0,171.0
49.0,0,170.2,69.7,19.5,45.0,206.0
48.0,0,168.0,65.8,6.5,38.0,170.0
41.0,1,162.9,63.0,20.1,25.0,158.0
26.0,1,161.8,73.4,11.2,10.0,135.0
24.0,1,159.9,54.7,21.8,45.0,165.0
36.0,0,171.3,67.8,21.4,49.0,211.0
24.0,0,177.1,79.5,17.9,57.0,233.0
22.0,1,164.3,53.1,23.7,60.0,177.0
62.0,0,162.4,61.7,8.6,41.0,169.0
41.0,0,175.8,71.3,23.4,48.0,234.0
24.0,0,167.5,65.66,18.3,44.0,241.0
28.0,0,171.0,72.0,17.6,61.0,231.0
59.0,1,162.8,57.94,6.2,18.0,137.0
38.0,1,172.7,58.22,10.5,46.0,184.0
62.0,0,180.0,73.1,19.5,27.0,187.0
47.0,0,168.8,68.4,6.5,32.0,207.0
57.0,1,151.3,60.0,16.2,8.0,155.0
37.0,1,165.0,55.8,20.0,37.0,157.0
22.0,0,164.4,63.5,17.4,61.0,228.0
25.0,0,173.8,83.6,28.6,53.0,242.0
37.0,0,169.0,74.3,17.0,37.0,206.0
46.0,0,177.8,83.0,13.5,41.0,182.0
25.0,1,167.1,55.5,21.0,30.0,165.0
21.0,0,178.0,71.7,5.3,54.0,179.0
25.0,0,161.3,59.7,-4.5,42.0,151.0
23.0,1,163.0,51.7,12.5,30.0,160.0
24.0,1,163.5,68.1,12.8,42.0,152.0
21.0,0,171.9,61.4,8.3,44.0,194.0
54.0,1,160.5,63.8,7.8,22.0,137.0
48.0,1,153.0,51.7,16.4,24.0,132.0
54.0,1,150.5,52.3,25.3,24.0,122.0
27.0,1,164.0,59.2,10.3,40.0,166.0
23.0,0,168.7,62.8,16.5,58.0,257.0
41.0,1,156.4,58.9,16.9,32.0,144.0
21.0,1,163.7,51.2,20.0,57.0,203.0
29.0,0,182.3,80.5,13.0,48.0,242.0
22.0,0,176.7,65.92,9.7,44.0,239.0
28.0,0,170.0,84.2,23.5,51.0,241.0
22.0,1,166.5,53.8,19.5,32.0,203.0
25.0,0,176.5,80.6,26.0,53.0,231.0
25.0,1,162.8,57.9,20.1,44.0,177.0
49.0,0,178.5,76.0,20.2,44.0,215.0
60.0,1,158.6,62.7,18.4,12.0,132.0
21.0,0,171.4,67.0,12.3,54.0,184.0
27.0,0,175.8,73.2,9.1,48.0,233.0
23.0,0,170.6,68.5,20.2,50.0,221.0
35.0,0,175.0,79.8,14.0,52.0,197.0
25.0,1,160.7,59.2,14.6,42.0,197.0
37.0,0,179.7,79.3,16.8,45.0,210.0
27.0,0,180.2,76.6,17.4,53.0,200.0
32.0,0,175.2,84.3,14.3,53.0,228.0
62.0,0,178.8,78.5,15.1,32.0,186.0
32.0,1,157.1,49.96,14.0,39.0,165.0
64.0,1,151.6,64.2,6.4,7.0,87.0
29.0,0,173.2,98.1,10.1,45.0,215.0
32.0,0,178.3,70.3,0.9,47.0,230.0
59.0,1,155.4,52.6,20.0,0.0,103.0
24.0,0,183.1,79.9,14.0,53.0,214.0
51.0,1,166.6,80.9,15.6,12.0,139.0
21.0,1,164.1,52.4,1.7,15.0,160.0
47.0,0,173.2,80.4,-1.0,37.0,182.0
45.0,0,173.4,73.5,16.0,50.0,218.0
24.0,0,179.7,73.8,19.2,50.0,234.0
44.0,0,185.0,83.0,28.5,38.0,241.0
31.0,1,167.4,74.3,26.0,23.0,120.0
31.0,0,176.5,69.3,10.6,58.0,253.0
21.0,0,177.1,64.7,16.2,54.0,245.0
37.0,0,172.6,78.26,6.6,28.0,199.0
26.0,0,172.3,65.9,11.7,50.0,237.0
31.0,0,186.4,79.9,10.1,53.0,222.0
21.0,0,176.8,95.1,18.5,59.0,233.0
54.0,0,164.7,67.5,16.0,45.0,231.0
24.0,0,171.3,60.6,-7.7,33.0,220.0
33.0,1,163.2,55.0,14.4,20.0,162.0
55.0,1,145.7,49.7,21.0,9.0,118.0
28.0,0,166.9,65.6,19.4,44.0,230.0
21.0,0,176.0,62.5,19.9,52.0,262.0
24.0,0,173.9,58.4,12.8,38.0,210.0
58.0,1,155.1,62.9,29.4,25.0,120.0
21.0,0,164.7,69.0,27.0,57.0,234.0
29.0,1,152.6,50.9,22.3,50.0,157.0
63.0,0,163.4,56.64,11.6,22.0,159.0
22.0,0,165.2,62.8,22.0,55.0,232.0
30.0,0,179.0,68.8,19.0,54.0,233.0
29.0,0,175.0,83.8,14.7,78.0,254.0
24.0,0,173.7,61.5,21.6,51.0,217.0
58.0,1,155.7,53.4,21.2,35.0,153.0
24.0,1,159.3,55.0,30.5,48.0,158.0
27.0,0,173.7,77.2,13.4,42.0,246.0
23.0,1,160.9,58.14,15.2,43.0,153.0
27.0,1,158.6,50.2,20.6,36.0,149.0
58.0,1,162.3,55.7,14.6,20.0,144.0
36.0,0,174.8,72.6,22.1,54.0,239.0
26.0,0,178.3,86.1,16.5,40.0,218.0
49.0,0,181.0,84.6,17.2,32.0,202.0
23.0,1,163.8,52.7,26.0,27.0,156.0
27.0,1,155.9,50.8,22.9,47.0,186.0
25.0,0,174.3,58.5,12.4,46.0,216.0
61.0,1,157.7,52.7,14.4,3.0,112.0
26.0,0,172.6,61.4,8.4,48.0,238.0
25.0,1,172.8,62.3,24.9,24.0,185.0
22.0,0,182.3,86.9,21.2,59.0,243.0
32.0,0,168.0,69.8,26.3,68.0,248.0
49.0,1,153.0,53.1,14.2,16.0,124.0
24.0,1,168.3,61.3,35.2,39.0,182.0
42.0,0,162.0,60.38,17.2,33.0,192.0
39.0,0,176.6,95.8,15.5,29.0,215.0
62.0,0,165.6,67.6,9.8,41.0,188.0
22.0,0,179.5,63.4,0.8,45.0,214.0
25.0,1,157.4,56.8,22.7,54.0,175.0
37.0,1,165.1,51.4,25.2,26.0,132.0
21.0,1,168.8,53.5,24.7,38.0,185.0
39.0,0,174.5,66.0,9.2,44.0,222.0
28.0,1,152.8,51.5,15.1,22.0,151.0
31.0,1,163.8,55.1,23.8,44.0,181.0
45.0,0,172.0,60.0,11.8,32.0,213.0
21.0,0,171.7,83.8,3.3,63.0,217.0
31.0,0,181.1,75.4,14.4,63.0,234.0
31.0,1,157.9,60.96,20.5,37.0,138.0
34.0,1,166.7,60.4,26.1,30.0,134.0
47.0,0,172.5,71.5,14.2,50.0,200.0
22.0,0,165.8,69.4,6.8,42.0,131.0
30.0,0,174.0,81.4,15.1,45.0,222.0
50.0,0,171.9,66.7,19.2,36.0,195.0
26.0,0,176.0,72.7,21.8,55.0,281.0
51.0,1,161.5,57.0,21.1,38.0,155.0
44.0,0,170.4,71.0,11.0,50.0,225.0
35.0,0,183.0,86.7,14.7,51.0,227.0
61.0,0,159.2,67.6,9.0,29.0,161.0
29.0,0,176.8,79.6,18.8,59.0,241.0
27.0,1,152.6,47.5,-19.9,24.0,137.0
32.0,0,172.0,82.66,11.1,45.0,228.0
22.0,1,155.5,49.3,9.9,20.0,120.0
23.0,1,165.4,64.0,12.9,30.0,148.0
59.0,0,176.7,79.2,27.0,27.0,176.0
53.0,1,162.5,63.18,11.4,12.0,133.0
23.0,0,175.8,56.5,12.8,51.0,151.0
27.0,0,167.6,70.86,19.9,48.0,212.0
23.0,1,166.3,53.9,-2.7,34.0,111.0
27.0,1,154.5,84.5,6.8,12.0,165.0
28.0,1,164.3,59.9,-13.1,26.0,146.0
52.0,1,159.1,51.2,26.1,30.0,144.0
28.0,1,162.8,70.8,17.5,27.0,174.0
60.0,0,167.8,69.3,13.7,37.0,189.0
46.0,1,158.0,52.3,19.3,32.0,158.0
39.0,1,167.1,64.48,29.4,33.0,143.0
56.0,1,153.6,47.7,20.4,22.0,154.0
35.0,1,163.8,63.5,22.6,48.0,205.0
60.0,0,166.2,89.8,-7.3,10.0,146.0
60.0,1,149.3,45.1,12.7,0.0,70.0
23.0,1,161.1,70.9,12.5,31.0,164.0
35.0,1,159.5,63.5,16.2,25.0,161.0
36.0,0,176.3,70.1,18.5,49.0,225.0
56.0,1,157.2,53.0,26.3,26.0,166.0
21.0,1,163.8,66.0,20.2,31.0,152.0
26.0,0,179.4,85.9,25.2,48.0,256.0
61.0,0,167.9,77.1,12.7,43.0,203.0
25.0,0,164.4,63.4,6.0,56.0,212.0
25.0,0,174.0,70.3,14.9,56.0,247.0
48.0,1,160.7,58.7,20.3,18.0,152.0
35.0,0,172.0,87.1,3.4,36.0,188.0
60.0,0,171.2,69.8,18.9,28.0,184.0
21.0,1,153.9,58.8,19.2,45.0,167.0
21.0,0,179.1,70.5,9.3,47.0,240.0
21.0,0,169.5,76.1,20.9,55.0,260.0
63.0,1,150.1,68.4,0.0,0.0,70.0
27.0,0,177.9,87.8,18.3,58.0,218.0
27.0,0,172.0,68.5,18.9,65.0,264.0
34.0,0,177.3,79.1,11.2,45.0,197.0
26.0,0,173.0,84.4,15.3,54.0,236.0
31.0,1,165.3,51.2,20.6,32.0,156.0
46.0,1,152.1,52.0,14.2,16.0,130.0
64.0,0,168.5,66.4,9.5,20.0,180.0
43.0,0,168.1,70.5,14.8,50.0,220.0
37.0,0,176.3,73.5,14.0,55.0,214.0
26.0,0,179.0,97.4,21.1,45.0,195.0
31.0,0,177.3,74.4,15.8,54.0,217.0
52.0,1,165.4,61.06,19.6,24.0,122.0
62.0,1,153.1,52.32,20.5,16.0,96.0
25.0,0,174.0,73.96,9.4,51.0,221.0
49.0,1,163.7,70.6,11.7,6.0,147.0
63.0,0,168.3,52.6,14.1,23.0,159.0
38.0,1,163.1,61.0,21.8,37.0,170.0
25.0,0,171.0,75.6,11.9,45.0,212.0
25.0,0,173.3,74.08,12.5,48.0,202.0
26.0,0,163.0,74.4,12.1,64.0,245.0
63.0,0,177.3,82.2,1.8,23.0,165.0
33.0,0,170.5,68.8,10.4,42.0,184.0
34.0,1,160.4,54.5,27.7,40.0,181.0
27.0,0,170.7,86.3,19.6,63.0,226.0
22.0,0,180.2,72.7,14.4,42.0,212.0
21.0,0,175.1,71.5,10.3,26.0,182.0
64.0,0,167.4,61.5,6.2,18.0,165.0
37.0,0,181.2,95.1,16.4,41.0,208.0
29.0,0,174.6,73.2,8.5,42.0,218.0
30.0,0,179.1,81.6,17.4,47.0,230.0
61.0,0,166.4,66.1,6.5,25.0,166.0
47.0,0,172.3,70.7,-9.6,36.0,188.0
47.0,0,176.7,72.3,8.7,35.0,216.0
29.0,1,155.2,49.64,20.4,32.0,161.0
38.0,0,170.4,69.5,14.5,43.0,208.0
47.0,0,165.1,60.9,20.4,47.0,200.0
22.0,1,157.7,50.2,24.1,42.0,185.0
24.0,1,155.4,51.0,19.0,40.0,155.0
29.0,1,161.6,47.6,21.2,37.0,176.0
45.0,0,172.2,71.2,9.5,44.0,194.0
64.0,0,174.0,64.1,3.1,34.0,180.0
30.0,0,173.3,79.1,15.0,60.0,236.0
23.0,1,164.3,56.1,25.5,37.0,158.0
55.0,1,156.1,56.02,16.8,20.0,119.0
30.0,0,172.1,79.5,-2.0,40.0,192.0
41.0,0,171.4,68.2,14.2,36.0,210.0
36.0,0,167.9,65.5,21.7,57.0,247.0
26.0,0,175.6,71.1,7.9,41.0,195.0
34.0,0,180.0,72.28,18.9,53.0,228.0
48.0,1,168.6,53.96,2.8,38.0,144.0
47.0,0,173.1,73.5,5.8,16.0,180.0
44.0,1,152.4,50.9,20.3,37.0,192.0
60.0,0,177.4,65.6,16.0,26.0,193.0
23.0,1,164.2,54.2,31.2,55.0,153.0
26.0,0,169.7,58.5,16.0,52.0,203.0
25.0,1,159.9,45.7,23.0,50.0,178.0
28.0,0,171.0,74.8,19.5,56.0,230.0
52.0,1,160.0,60.5,19.5,22.0,177.0
38.0,0,171.0,74.7,22.8,48.0,227.0
42.0,0,182.3,86.4,15.3,27.0,190.0
29.0,0,184.3,81.46,22.0,51.0,233.0
21.0,0,178.6,65.1,21.2,52.0,265.0
40.0,1,171.0,53.3,21.8,45.0,155.0
44.0,1,155.2,57.1,8.7,13.0,159.0
59.0,0,175.4,60.3,16.1,41.0,195.0
22.0,0,183.0,96.4,4.0,50.0,190.0
29.0,0,170.5,60.3,21.8,51.0,230.0
30.0,0,167.5,65.3,13.7,46.0,235.0
21.0,0,168.7,62.3,8.7,68.0,240.0
55.0,1,155.6,58.0,23.3,21.0,143.0
62.0,0,163.8,68.6,9.0,32.0,177.0
47.0,0,169.1,66.1,14.2,32.0,222.0
25.0,0,172.8,66.5,3.7,52.0,203.0
21.0,1,169.5,62.2,27.8,50.0,179.0
22.0,0,164.5,64.6,18.4,52.0,227.0
24.0,0,170.4,72.2,14.5,40.0,250.0
53.0,1,151.9,58.6,19.0,19.0,149.0
61.0,1,167.5,55.1,14.4,12.0,156.0
21.0,1,162.5,50.64,12.8,29.0,159.0
61.0,1,165.6,58.1,-4.0,0.0,120.0
29.0,0,186.1,82.7,23.2,57.0,256.0
60.0,1,160.2,64.2,11.3,9.0,108.0
22.0,0,167.8,61.74,16.5,49.0,231.0
24.0,0,177.5,76.4,11.6,48.0,181.0
54.0,1,160.4,54.1,17.0,14.0,140.0
24.0,1,156.9,57.0,22.4,47.0,205.0
22.0,1,165.7,57.0,12.7,40.0,194.0
28.0,1,162.9,65.4,19.3,43.0,173.0
21.0,1,162.6,63.2,5.6,23.0,143.0
46.0,0,175.7,65.2,1.3,33.0,179.0
45.0,1,165.5,54.1,21.8,34.0,158.0
46.0,0,179.0,81.2,6.5,29.0,211.0
24.0,0,176.4,74.3,18.5,61.0,232.0
22.0,0,172.3,68.5,12.1,60.0,230.0
47.0,0,170.0,79.2,7.5,35.0,200.0
63.0,0,158.7,59.5,10.0,28.0,184.0
63.0,0,166.5,76.5,15.2,34.0,159.0
31.0,0,176.5,77.5,-9.2,57.0,203.0
63.0,0,173.1,70.4,16.8,43.0,192.0
24.0,1,155.1,48.1,23.2,54.0,182.0
40.0,0,177.3,85.0,3.4,37.0,171.0
55.0,0,162.4,63.9,23.9,35.0,211.0
42.0,1,162.0,52.6,24.6,38.0,158.0
30.0,1,167.2,61.0,20.5,41.0,170.0
22.0,0,172.9,81.5,22.0,52.0,237.0
51.0,1,157.0,54.0,23.5,46.0,156.0
35.0,0,168.1,67.6,26.7,65.0,214.0
60.0,0,168.5,79.6,15.7,40.0,170.0
36.0,0,176.3,79.8,21.4,55.0,262.0
31.0,1,170.0,56.2,22.2,27.0,169.0
58.0,0,174.5,83.4,19.5,39.0,170.0
23.0,1,166.1,51.7,22.5,49.0,197.0
25.0,0,171.6,76.0,13.6,47.0,211.0
36.0,1,156.6,61.0,18.6,26.0,138.0
31.0,0,173.8,67.6,14.0,41.0,227.0
25.0,0,184.6,69.9,23.5,58.0,244.0
26.0,0,171.7,69.8,25.0,67.0,270.0
38.0,0,183.2,94.42,20.2,51.0,235.0
24.0,1,164.7,62.4,20.0,22.0,150.0
54.0,1,150.9,54.4,24.7,21.0,148.0
61.0,0,175.2,73.8,15.2,39.0,207.0
39.0,1,164.0,67.0,20.0,33.0,160.0
43.0,1,165.0,51.9,21.7,38.0,175.0
23.0,0,175.0,70.0,23.8,63.0,245.0
22.0,1,154.8,59.3,10.1,48.0,167.0
56.0,0,168.8,74.7,4.3,34.0,178.0
60.0,1,160.6,60.2,18.2,30.0,131.0
56.0,0,168.4,85.5,-6.0,20.0,180.0
37.0,1,165.7,59.5,17.2,34.0,168.0
60.0,0,172.1,70.5,16.5,39.0,181.0
35.0,0,184.5,109.9,12.8,47.0,200.0
25.0,0,177.5,75.9,22.2,57.0,237.0
63.0,1,154.9,60.1,12.2,0.0,78.0
36.0,0,181.5,84.8,16.5,49.0,220.0
59.0,0,160.8,58.2,12.6,35.0,188.0
23.0,0,178.8,80.8,13.9,42.0,222.0
60.0,0,160.0,65.1,12.8,45.0,212.0
51.0,0,174.5,79.9,15.8,49.0,228.0
26.0,0,166.7,68.2,8.1,31.0,186.0
39.0,0,170.7,71.7,18.7,42.0,222.0
35.0,0,167.7,68.8,22.7,62.0,256.0
26.0,1,160.8,66.12,16.7,17.0,132.0
21.0,0,167.6,55.2,16.4,57.0,242.0
43.0,0,182.4,91.6,15.0,26.0,222.0
42.0,1,155.9,55.1,15.0,26.0,160.0
24.0,1,166.3,52.3,14.9,46.0,175.0
41.0,0,174.5,76.32,21.4,57.0,219.0
29.0,0,175.9,79.6,10.3,35.0,203.0
27.0,0,181.6,83.1,5.5,53.0,224.0
37.0,0,174.9,84.0,19.1,73.0,222.0
42.0,0,171.9,75.2,1.2,39.0,198.0
21.0,0,167.1,63.7,19.2,57.0,232.0
28.0,0,161.9,61.7,10.0,56.0,250.0
43.0,1,159.9,56.4,17.0,23.0,165.0
30.0,0,179.7,75.7,8.0,50.0,223.0
25.0,0,182.0,89.2,-1.1,19.0,187.0
39.0,0,166.6,66.9,28.9,57.0,240.0
33.0,0,176.6,76.3,15.7,54.0,253.0
48.0,1,167.0,62.6,24.0,35.0,150.0
30.0,1,169.3,66.2,14.8,42.0,186.0
29.0,0,169.0,78.6,20.9,66.0,215.0
44.0,0,172.4,74.8,13.7,58.0,194.0
60.0,0,167.3,55.9,12.7,48.0,179.0
24.0,0,175.7,66.4,12.9,46.0,205.0
37.0,0,169.8,63.1,6.6,48.0,229.0
63.0,0,170.0,80.2,1.3,28.0,188.0
41.0,1,157.2,61.7,-0.7,17.0,113.0
62.0,0,166.3,59.5,10.9,33.0,193.0
21.0,0,171.4,84.3,12.1,52.0,223.0
34.0,0,182.4,90.3,13.8,38.0,213.0
55.0,1,156.9,59.2,25.3,25.0,119.0
22.0,0,167.7,68.5,8.8,56.0,171.0
50.0,1,150.5,52.7,22.9,29.0,133.0
24.0,0,175.0,65.0,12.5,45.0,226.0
60.0,0,175.7,95.22,9.0,28.0,189.0
21.0,0,163.3,70.4,19.0,50.0,219.0
27.0,1,163.1,52.62,24.1,53.0,216.0
38.0,0,172.0,76.0,9.9,34.0,223.0
62.0,0,162.4,64.7,7.6,30.0,183.0
60.0,1,154.4,58.5,14.7,18.0,139.0
36.0,0,172.5,72.7,28.0,48.0,225.0
47.0,1,154.7,50.9,19.5,28.0,136.0
22.0,0,176.7,76.2,11.7,51.0,165.0
25.0,0,189.9,74.46,13.5,48.0,231.0
22.0,1,164.4,57.7,21.2,43.0,180.0
27.0,0,181.1,97.1,-18.4,39.0,167.0
28.0,0,171.6,69.8,7.1,42.0,211.0
46.0,1,153.1,64.8,9.7,20.0,142.0
30.0,0,178.3,77.8,6.9,38.0,217.0
31.0,0,172.0,73.4,5.3,49.0,224.0
24.0,0,167.3,56.1,23.1,44.0,208.0
28.0,0,176.2,70.0,2.5,39.0,201.0
47.0,1,159.7,60.6,12.6,25.0,148.0
53.0,1,158.4,62.2,27.5,11.0,146.0
63.0,1,156.1,50.5,20.5,26.0,131.0
42.0,0,173.6,70.6,4.6,30.0,182.0
31.0,1,161.8,52.5,15.5,34.0,172.0
23.0,1,157.9,63.1,17.6,17.0,131.0
35.0,0,166.7,71.2,20.7,47.0,225.0
27.0,0,175.0,74.1,17.0,55.0,230.0
56.0,0,176.4,73.7,7.8,45.0,161.0
37.0,1,160.0,57.6,19.0,28.0,102.0
27.0,0,172.8,66.4,1.8,36.0,177.0
44.0,0,173.8,72.0,18.0,48.0,223.0
28.0,0,168.1,74.3,18.4,57.0,219.0
61.0,0,169.6,73.7,3.5,21.0,169.0
50.0,0,165.4,68.7,13.5,40.0,206.0
29.0,1,157.6,55.6,20.9,31.0,169.0
55.0,1,158.2,64.4,23.3,5.0,132.0
30.0,1,160.3,51.5,23.0,26.0,168.0
51.0,0,173.8,68.7,11.2,38.0,223.0
25.0,0,181.8,92.44,10.5,48.0,237.0
41.0,0,175.0,75.2,5.4,38.0,181.0
48.0,0,166.7,64.0,7.2,49.0,206.0
54.0,0,172.5,70.9,8.6,39.0,182.0
41.0,0,169.7,79.2,9.2,47.0,199.0
64.0,1,153.0,53.2,20.8,13.0,136.0
49.0,0,179.3,75.8,14.2,41.0,220.0
55.0,0,171.1,76.4,-0.2,35.0,183.0
27.0,0,175.7,82.1,1.4,36.0,234.0
22.0,1,160.9,48.2,20.0,47.0,203.0
28.0,1,164.5,44.0,15.7,53.0,160.0
28.0,0,169.8,60.6,18.3,60.0,234.0
42.0,0,169.6,71.6,3.7,43.0,211.0
22.0,1,154.1,48.6,25.9,36.0,165.0
63.0,0,163.1,65.7,11.2,27.0,177.0
43.0,1,163.3,57.1,22.1,25.0,149.0
56.0,0,162.7,74.8,3.9,24.0,160.0
24.0,1,163.7,70.2,24.2,41.0,153.0
57.0,1,167.0,56.4,23.1,37.0,165.0
28.0,0,180.3,80.1,17.2,57.0,220.0
58.0,0,174.6,92.3,11.8,29.0,185.0
52.0,1,150.7,57.2,18.2,21.0,149.0
31.0,0,170.1,69.6,3.6,45.0,257.0
57.0,0,167.7,73.8,-4.5,27.0,139.0
62.0,0,167.9,70.3,18.6,44.0,195.0
63.0,0,167.9,68.5,8.8,29.0,185.0
27.0,0,172.9,87.9,18.0,52.0,227.0
55.0,1,155.2,57.5,24.7,35.0,185.0
35.0,0,176.7,76.5,22.5,56.0,228.0
29.0,1,153.9,55.82,5.3,23.0,147.0
40.0,0,178.9,77.3,21.9,43.0,221.0
21.0,0,177.3,81.4,5.9,51.0,202.0
30.0,1,158.6,54.2,24.8,55.0,171.0
25.0,1,165.6,54.9,23.5,56.0,192.0
54.0,0,166.8,67.5,18.6,34.0,148.0
58.0,0,168.6,64.0,20.1,37.0,209.0
43.0,0,177.1,81.1,12.7,45.0,193.0
23.0,0,173.2,80.1,14.3,49.0,234.0
24.0,0,170.0,75.6,15.6,56.0,233.0
48.0,1,169.2,56.9,20.0,26.0,148.0
63.0,0,173.0,78.0,13.2,25.0,190.0
26.0,0,189.0,83.0,16.8,48.0,259.0
50.0,1,152.0,63.6,19.0,28.0,160.0
26.0,1,160.6,53.4,24.4,37.0,128.0
33.0,0,176.2,73.6,16.8,41.0,219.0
26.0,0,182.2,79.3,17.8,45.0,235.0
35.0,0,170.9,64.5,5.8,50.0,190.0
50.0,1,158.5,48.1,17.2,28.0,156.0
46.0,0,171.3,63.9,20.3,35.0,173.0
25.0,1,163.0,67.9,26.2,41.0,175.0
24.0,0,173.7,67.4,20.7,64.0,244.0
23.0,1,168.1,55.9,15.5,35.0,160.0
29.0,0,169.3,63.1,5.3,53.0,191.0
30.0,0,168.5,70.2,5.1,50.0,218.0
24.0,0,181.4,87.0,18.6,59.0,239.0
54.0,1,160.0,52.0,22.0,15.0,160.0
60.0,0,168.3,66.58,7.0,34.0,167.0
31.0,1,171.0,61.68,24.0,30.0,172.0
56.0,1,158.3,56.2,20.4,8.0,150.0
25.0,1,158.7,83.1,7.2,0.0,131.0
26.0,0,165.8,68.1,18.1,57.0,224.0
42.0,0,175.8,79.1,19.1,50.0,229.0
21.0,0,172.9,73.6,11.4,52.0,214.0
46.0,0,164.4,63.6,42.0,42.0,210.0
22.0,0,179.9,72.4,14.5,57.0,234.0
39.0,0,166.5,62.4,18.9,52.0,219.0
38.0,0,172.2,79.2,21.9,51.0,220.0
31.0,1,162.9,47.8,23.8,21.0,171.0
25.0,0,170.1,108.6,1.5,34.0,198.0
30.0,1,170.3,61.2,24.1,50.0,181.0
51.0,0,175.1,74.1,7.3,46.0,214.0
23.0,1,159.1,69.88,20.1,41.0,169.0
49.0,0,171.9,72.4,18.6,60.0,204.0
29.0,0,181.1,84.44,23.3,58.0,240.0
51.0,1,170.5,66.5,17.1,24.0,125.0
30.0,0,174.5,78.9,4.5,47.0,203.0
64.0,0,165.6,52.1,12.1,21.0,146.0
32.0,1,171.0,67.8,23.4,44.0,152.0
22.0,1,160.1,55.1,19.8,58.0,171.0
30.0,0,175.5,61.2,25.2,32.0,218.0
46.0,0,176.8,89.5,-0.7,49.0,211.0
44.0,0,173.8,76.6,10.0,42.0,214.0
39.0,1,156.3,51.9,15.8,26.0,161.0
25.0,0,169.7,53.0,17.3,34.0,174.0
28.0,0,172.6,78.1,8.9,65.0,256.0
53.0,1,156.0,54.4,4.5,21.0,159.0
60.0,1,152.9,51.3,25.8,44.0,156.0
21.0,0,171.3,94.86,12.5,39.0,200.0
22.0,1,163.8,56.2,23.2,50.0,195.0
23.0,1,155.6,52.5,18.8,49.0,172.0
33.0,1,167.9,61.6,21.6,44.0,170.0
33.0,0,169.3,71.1,17.2,52.0,223.0
46.0,1,149.7,68.5,14.3,14.0,149.0
35.0,0,169.7,97.26,5.3,24.0,200.0
63.0,0,168.8,66.4,17.7,22.0,174.0
21.0,1,155.5,59.7,28.8,49.0,178.0
30.0,0,163.5,73.8,9.1,63.0,226.0
24.0,0,167.0,71.3,13.0,57.0,194.0
31.0,0,175.2,73.9,21.0,52.0,225.0
22.0,1,166.3,56.2,20.6,46.0,174.0
58.0,0,177.5,73.6,17.1,35.0,208.0
29.0,0,172.5,75.0,20.6,53.0,234.0
27.0,1,156.3,50.7,25.0,60.0,202.0
21.0,1,160.9,48.04,21.5,42.0,170.0
22.0,1,162.2,43.7,15.8,39.0,168.0
57.0,1,165.4,61.86,19.6,10.0,134.0
26.0,0,173.2,78.8,15.1,55.0,215.0
43.0,0,180.0,74.0,32.0,32.0,195.0
25.0,0,174.6,66.3,21.2,45.0,233.0
43.0,1,157.0,54.0,14.5,39.0,140.0
25.0,0,164.9,71.7,18.7,70.0,223.0
37.0,0,166.1,70.8,18.6,55.0,255.0
22.0,0,176.8,59.66,6.2,49.0,198.0
21.0,1,165.0,51.8,22.0,38.0,170.0
22.0,0,173.3,73.2,13.5,52.0,236.0
53.0,0,167.1,68.3,10.0,24.0,135.0
55.0,0,173.7,76.3,10.7,31.0,187.0
25.0,1,158.8,74.1,27.6,56.0,189.0
28.0,0,177.1,83.4,16.3,62.0,233.0
62.0,1,153.3,54.9,25.0,19.0,121.0
45.0,0,173.5,77.9,9.0,37.0,230.0
21.0,1,154.4,49.8,21.2,31.0,142.0
28.0,0,180.2,93.9,11.4,48.0,191.0
58.0,1,156.1,51.9,19.8,12.0,123.0
33.0,0,171.6,93.44,16.0,61.0,240.0
27.0,1,161.0,53.9,23.5,30.0,158.0
29.0,1,161.1,55.9,16.0,3.0,122.0
41.0,0,172.6,68.5,17.0,56.0,221.0
34.0,0,175.4,78.8,17.5,53.0,224.0
31.0,0,172.9,69.6,15.5,48.0,233.0
23.0,0,170.3,66.1,11.1,46.0,210.0
29.0,1,160.8,78.32,14.0,31.0,128.0
21.0,1,168.9,55.3,17.2,45.0,183.0
25.0,0,171.0,61.0,10.3,49.0,234.0
29.0,0,173.5,60.6,22.2,55.0,247.0
26.0,1,167.7,50.1,27.3,34.0,174.0
26.0,0,166.8,70.7,6.5,54.0,202.0
31.0,0,186.7,82.9,6.0,44.0,185.0
56.0,1,154.4,53.3,12.8,36.0,146.0
42.0,0,171.1,78.3,16.2,44.0,232.0
32.0,0,176.9,78.3,16.3,54.0,248.0
26.0,0,170.3,74.3,25.1,52.0,234.0
22.0,0,174.7,83.1,9.9,2.0,239.0
26.0,0,179.5,79.3,15.0,65.0,228.0
22.0,0,175.2,72.2,25.7,55.0,270.0
22.0,0,172.8,62.9,-13.1,61.0,223.0
28.0,0,175.1,75.5,11.4,66.0,247.0
23.0,1,165.4,47.4,20.8,36.0,202.0
50.0,1,156.4,39.8,8.0,26.0,160.0
34.0,0,170.7,53.7,18.1,48.0,199.0
21.0,0,175.1,103.6,-14.3,20.0,119.0
37.0,0,165.8,72.8,15.7,53.0,224.0
42.0,0,169.8,78.6,19.4,54.0,228.0
27.0,1,165.7,68.5,24.4,42.0,188.0
60.0,1,161.9,55.0,12.0,9.0,137.0
38.0,0,173.0,71.3,19.4,50.0,230.0
28.0,0,174.3,72.5,19.9,56.0,248.0
62.0,1,148.7,52.6,12.7,18.0,101.0
39.0,1,159.2,45.3,18.7,36.0,161.0
29.0,0,170.5,79.0,10.6,63.0,215.0
37.0,0,169.4,73.3,10.9,48.0,242.0
55.0,1,155.1,47.7,29.2,31.0,146.0
48.0,0,165.9,65.2,20.9,50.0,204.0
28.0,0,173.9,73.74,9.1,48.0,234.0
43.0,1,168.3,69.3,20.2,33.0,164.0
38.0,0,176.5,77.9,15.9,40.0,211.0
61.0,1,155.4,51.3,15.9,12.0,116.0
49.0,1,156.7,63.28,19.8,39.0,159.0
28.0,1,170.9,60.7,19.0,21.0,228.0
27.0,0,174.0,71.4,11.0,46.0,229.0
23.0,0,184.0,87.5,-7.7,24.0,164.0
44.0,0,179.3,69.2,-20.0,23.0,220.0
46.0,1,158.9,58.9,19.2,11.0,122.0
55.0,1,162.9,60.2,19.9,21.0,141.0
23.0,0,168.1,84.8,-7.9,41.0,183.0
26.0,1,158.1,62.8,18.0,25.0,139.0
60.0,0,163.4,75.9,16.2,15.0,161.0
55.0,1,161.6,60.9,21.8,22.0,154.0
28.0,0,172.6,73.9,14.3,48.0,192.0
24.0,0,173.3,75.6,7.5,45.0,211.0
35.0,0,171.3,77.2,25.0,48.0,228.0
26.0,0,164.5,56.1,27.5,43.0,241.0
25.0,1,156.3,53.3,12.9,40.0,190.0
28.0,0,175.7,77.2,22.5,60.0,228.0
32.0,0,190.9,107.6,20.7,32.0,230.0
31.0,0,174.2,76.9,7.1,53.0,230.0
62.0,1,161.7,58.3,19.2,36.0,145.0
22.0,1,165.8,56.5,-3.6,37.0,172.0
31.0,0,168.2,70.5,19.9,66.0,264.0
22.0,1,174.9,66.26,18.9,48.0,172.0
56.0,1,159.0,53.2,12.6,23.0,160.0
63.0,0,167.9,73.0,17.7,29.0,198.0
32.0,0,176.2,81.6,14.9,69.0,232.0
24.0,1,175.5,58.7,17.2,37.0,155.0
60.0,0,172.8,70.18,17.2,45.0,186.0
23.0,1,162.2,60.9,20.0,38.0,157.0
29.0,0,178.2,80.3,19.8,59.0,236.0
25.0,1,151.8,58.8,13.0,16.0,105.0
40.0,0,168.1,72.3,2.6,28.0,202.0
22.0,1,163.2,59.1,21.8,51.0,154.0
22.0,1,164.0,57.0,21.4,48.0,156.0
31.0,0,167.2,70.7,21.7,69.0,272.0
25.0,0,166.8,64.6,13.9,54.0,222.0
25.0,0,170.0,78.9,10.2,48.0,245.0
24.0,1,162.4,52.9,22.6,39.0,142.0
41.0,0,169.1,78.4,6.4,44.0,177.0
47.0,0,179.0,74.5,15.4,34.0,214.0
24.0,1,158.2,47.8,25.9,46.0,156.0
49.0,0,167.5,78.3,14.7,32.0,160.0
39.0,0,177.3,66.8,15.2,54.0,220.0
37.0,0,172.6,75.12,18.0,49.0,226.0
41.0,1,166.5,56.5,35.2,32.0,174.0
29.0,0,172.1,82.4,-16.0,41.0,181.0
22.0,1,167.7,57.3,24.2,50.0,174.0
36.0,0,171.5,80.5,16.8,53.0,220.0
22.0,1,161.3,57.8,8.2,9.0,115.0
41.0,0,177.9,92.5,-9.9,35.0,197.0
31.0,0,183.8,90.1,18.6,39.0,226.0
52.0,0,164.9,65.9,8.7,36.0,177.0
22.0,1,155.0,48.4,25.8,39.0,167.0
56.0,1,162.1,55.1,22.6,23.0,130.0
40.0,0,167.9,68.2,13.8,53.0,212.0
34.0,1,167.9,56.6,23.9,27.0,171.0
47.0,1,154.2,59.2,16.2,23.0,155.0
47.0,1,159.8,47.7,13.0,32.0,161.0
47.0,1,157.6,52.4,15.4,31.0,126.0
56.0,1,158.6,59.74,22.0,20.0,156.0
28.0,0,170.5,70.4,19.2,52.0,223.0
31.0,0,169.2,67.0,30.6,61.0,230.0
31.0,1,168.8,62.9,25.1,42.0,186.0
31.0,0,175.0,72.3,26.2,53.0,258.0
45.0,1,150.4,49.0,5.0,30.0,159.0
53.0,0,169.7,73.9,-2.0,15.0,165.0
27.0,0,172.0,81.4,16.2,46.0,225.0
27.0,0,180.4,86.5,3.1,42.0,214.0
42.0,1,163.2,78.4,10.5,37.0,166.0
25.0,0,167.8,64.4,12.6,45.0,221.0
42.0,0,175.6,95.4,-5.5,15.0,62.0
24.0,0,179.6,76.82,20.6,56.0,246.0
59.0,0,167.0,64.9,9.0,38.0,176.0
62.0,1,155.8,62.54,20.8,22.0,155.0
22.0,1,155.0,51.7,20.6,30.0,169.0
63.0,1,153.1,53.0,20.8,17.0,94.0
64.0,1,152.2,55.1,18.1,25.0,115.0
27.0,0,181.9,88.8,17.9,46.0,228.0
40.0,1,151.6,60.5,15.8,24.0,176.0
42.0,1,164.5,63.7,0.8,18.0,146.0
30.0,1,154.4,48.9,20.6,23.0,135.0
54.0,0,166.5,62.6,22.0,33.0,167.0
25.0,1,160.0,48.2,24.4,52.0,162.0
35.0,0,186.2,80.5,11.8,40.0,254.0
39.0,0,178.0,70.9,7.4,44.0,224.0
32.0,0,179.2,83.4,5.9,58.0,221.0
50.0,1,158.5,66.7,14.8,15.0,142.0
41.0,1,158.7,62.1,21.7,37.0,160.0
30.0,0,180.7,78.6,12.6,57.0,230.0
32.0,0,177.1,78.4,16.6,42.0,214.0
26.0,0,176.4,87.56,12.6,38.0,239.0
45.0,1,160.1,51.4,14.4,28.0,145.0
23.0,0,172.5,67.8,-20.0,51.0,246.0
29.0,0,171.8,67.16,13.2,35.0,200.0
28.0,1,143.8,72.6,0.1,4.0,20.0
53.0,0,167.0,65.7,14.2,32.0,185.0
25.0,0,170.0,60.1,16.0,46.0,223.0
32.0,1,157.0,47.3,15.3,30.0,166.0
23.0,0,180.5,85.78,17.5,43.0,182.0
47.0,0,169.4,83.0,13.8,45.0,201.0
59.0,0,165.7,57.6,13.5,41.0,186.0
25.0,0,171.4,64.7,20.2,59.0,250.0
27.0,0,172.9,80.5,7.7,44.0,232.0
58.0,0,164.2,64.0,18.3,38.0,205.0
41.0,0,177.2,81.82,-8.6,9.0,191.0
57.0,0,170.6,64.9,16.9,35.0,194.0
50.0,1,157.7,59.7,20.9,25.0,111.0
29.0,0,187.0,85.3,17.0,59.0,234.0
49.0,0,178.0,76.6,18.1,36.0,170.0
21.0,1,161.4,57.5,21.7,30.0,122.0
52.0,1,151.5,53.9,14.8,17.0,149.0
62.0,1,148.3,51.8,22.6,34.0,131.0
37.0,0,176.1,78.2,15.7,57.0,218.0
30.0,0,173.0,86.5,20.7,69.0,257.0
21.0,0,167.6,71.1,10.5,47.0,237.0
27.0,0,175.1,68.7,13.4,52.0,241.0
39.0,0,176.6,78.7,16.9,49.0,228.0
35.0,0,171.7,72.3,14.8,50.0,230.0
42.0,0,181.1,95.2,-3.0,35.0,203.0
25.0,0,179.0,81.2,19.9,53.0,226.0
22.0,1,166.3,66.4,22.3,47.0,190.0
21.0,0,185.8,88.5,20.3,69.0,240.0
41.0,1,168.7,55.0,-3.7,35.0,136.0
60.0,0,173.5,75.2,12.5,26.0,196.0
39.0,0,188.1,81.6,20.4,46.0,242.0
60.0,0,167.9,72.8,0.9,24.0,152.0
29.0,1,163.1,54.1,25.9,61.0,202.0
60.0,0,161.3,68.2,15.9,21.0,182.0
21.0,1,161.2,50.2,22.3,32.0,163.0
25.0,0,175.3,63.7,11.5,55.0,221.0
39.0,0,175.7,72.2,14.9,51.0,235.0
29.0,0,176.5,65.8,6.8,47.0,231.0
46.0,1,155.0,43.0,27.3,31.0,153.0
21.0,1,162.0,50.8,24.6,50.0,211.0
29.0,0,175.3,71.9,18.5,49.0,223.0
37.0,1,154.7,44.4,21.5,34.0,169.0
63.0,0,164.8,59.0,10.5,45.0,170.0
29.0,1,169.6,51.8,15.8,38.0,178.0
36.0,0,171.0,80.9,23.3,45.0,203.0
26.0,0,179.3,84.3,9.8,52.0,211.0
28.0,0,180.9,86.8,25.0,53.0,235.0
59.0,1,161.4,53.2,21.4,24.0,122.0
43.0,0,174.0,77.0,5.2,29.0,180.0
35.0,0,179.0,75.0,16.6,54.0,233.0
24.0,0,171.0,75.6,-11.4,36.0,190.0
28.0,0,167.4,51.8,24.9,50.0,178.0
26.0,0,172.7,71.3,22.3,56.0,243.0
51.0,1,157.2,46.3,19.5,33.0,162.0
27.0,0,169.9,73.9,19.5,65.0,226.0
24.0,0,183.8,73.0,16.7,59.0,239.0
23.0,0,180.7,76.0,17.1,60.0,239.0
59.0,0,163.2,61.7,11.8,34.0,204.0
22.0,0,172.4,72.6,15.1,54.0,224.0
44.0,1,167.8,63.8,14.8,43.0,170.0
21.0,1,158.6,53.8,16.3,32.0,165.0
47.0,0,164.4,72.9,7.6,36.0,192.0
21.0,1,164.0,62.1,28.9,27.0,194.0
52.0,0,174.6,66.7,-10.5,24.0,170.0
27.0,0,167.1,67.1,22.8,61.0,221.0
22.0,1,164.6,84.7,12.0,28.0,97.0
39.0,0,175.5,88.1,27.3,37.0,194.0
54.0,0,174.9,76.8,12.6,36.0,220.0
53.0,0,163.9,70.8,19.9,44.0,208.0
49.0,1,165.5,62.2,16.0,26.0,130.0
40.0,1,163.1,53.88,20.3,15.0,153.0
34.0,0,175.7,80.0,19.5,48.0,221.0
28.0,0,175.5,76.4,6.9,56.0,203.0
57.0,1,158.5,64.8,21.0,23.0,135.0
48.0,0,165.2,70.0,14.5,44.0,211.0
44.0,0,177.4,69.9,-15.0,39.0,222.0
26.0,1,170.3,63.1,26.0,51.0,170.0
30.0,0,179.7,79.3,16.0,53.0,252.0
61.0,1,153.2,65.5,17.8,24.0,144.0
28.0,1,158.0,48.1,20.5,22.0,124.0
22.0,1,170.6,68.1,22.9,42.0,201.0
39.0,1,150.2,60.9,14.0,31.0,149.0
51.0,1,155.9,51.2,20.6,28.0,150.0
60.0,0,167.3,60.6,5.3,20.0,180.0
47.0,1,161.1,66.7,19.4,22.0,136.0
31.0,0,182.2,72.9,0.7,43.0,180.0
33.0,0,177.6,78.7,13.1,47.0,213.0
23.0,0,182.7,91.7,-4.2,51.0,208.0
23.0,0,174.3,72.1,15.4,57.0,237.0
28.0,0,174.5,69.4,19.5,53.0,195.0
24.0,1,158.5,55.7,12.4,27.0,145.0
27.0,1,159.1,55.1,20.1,50.0,156.0
53.0,1,156.1,54.0,13.9,30.0,162.0
22.0,1,166.1,61.0,30.7,44.0,209.0
44.0,0,185.6,87.1,14.2,41.0,225.0
34.0,0,170.8,75.2,23.3,57.0,246.0
39.0,1,159.9,60.3,16.4,35.0,174.0
54.0,1,150.1,56.1,15.8,20.0,162.0
32.0,1,152.7,65.34,13.8,15.0,120.0
35.0,0,163.4,72.3,12.7,48.0,237.0
37.0,1,159.0,57.5,6.5,27.0,167.0
63.0,1,158.3,69.84,7.1,10.0,103.0
54.0,0,170.7,57.6,11.7,44.0,219.0
22.0,1,158.0,49.7,28.2,57.0,192.0
23.0,0,169.5,77.1,16.2,43.0,193.0
26.0,0,174.1,69.1,19.1,67.0,231.0
28.0,1,169.0,56.1,20.4,40.0,166.0
62.0,1,152.5,49.0,19.6,15.0,120.0
45.0,0,171.5,74.9,6.2,25.0,187.0
63.0,1,156.5,43.6,12.3,14.0,94.0
37.0,1,156.6,50.3,18.5,29.0,133.0
57.0,1,158.7,59.66,17.5,20.0,119.0
25.0,0,170.1,68.8,14.1,50.0,175.0
34.0,0,174.1,81.9,14.2,52.0,237.0
29.0,1,160.7,49.24,19.4,44.0,197.0
45.0,1,162.7,53.5,14.3,28.0,127.0
36.0,1,161.8,48.1,17.2,6.0,133.0
21.0,0,171.6,69.0,21.0,45.0,195.0
24.0,0,163.7,65.3,9.3,43.0,198.0
64.0,1,153.3,66.3,21.3,29.0,118.0
24.0,0,168.7,62.32,11.4,61.0,228.0
29.0,1,166.3,53.6,18.5,49.0,198.0
27.0,0,169.6,64.1,30.5,53.0,251.0
21.0,0,177.4,78.6,18.3,54.0,203.0
23.0,0,173.0,64.2,15.3,49.0,235.0
28.0,1,167.5,58.7,17.6,38.0,195.0
34.0,0,180.7,71.9,17.1,54.0,227.0
23.0,0,171.2,67.4,7.6,42.0,239.0
25.0,0,176.3,80.0,-0.9,32.0,175.0
21.0,1,154.6,48.0,2.0,30.0,135.0
38.0,0,169.3,64.5,9.8,18.0,190.0
26.0,1,164.6,57.3,18.6,47.0,172.0
45.0,1,145.3,56.9,20.4,22.0,132.0
30.0,0,174.9,74.1,15.3,48.0,239.0
41.0,1,161.6,70.4,19.5,34.0,175.0
22.0,0,172.0,70.0,14.1,55.0,230.0
49.0,1,164.3,58.2,19.2,36.0,167.0
24.0,0,180.6,61.9,0.6,35.0,237.0
36.0,1,156.1,48.9,24.5,30.0,166.0
46.0,1,156.9,63.9,21.2,6.0,116.0
24.0,1,160.4,52.0,26.0,25.0,127.0
37.0,0,171.1,71.9,4.4,45.0,233.0
29.0,0,176.9,63.1,12.1,44.0,244.0
47.0,1,169.3,61.6,18.5,32.0,135.0
58.0,0,165.0,70.8,17.5,14.0,162.0
32.0,0,178.9,63.2,11.1,47.0,213.0
61.0,1,157.6,56.9,20.8,20.0,121.0
38.0,0,174.5,89.7,6.0,43.0,200.0
58.0,0,164.3,86.0,-0.8,23.0,127.0
34.0,0,173.3,74.0,24.4,40.0,229.0
33.0,0,177.9,85.88,15.5,48.0,212.0
23.0,1,165.5,53.5,31.1,50.0,208.0
24.0,1,155.4,65.4,11.6,29.0,130.0
22.0,0,166.7,62.3,16.0,39.0,186.0
53.0,0,170.4,68.8,13.2,47.0,218.0
26.0,0,169.5,63.4,0.8,35.0,195.0
36.0,0,172.1,65.64,15.4,39.0,215.0
23.0,0,168.8,59.9,17.8,56.0,206.0
21.0,1,158.5,48.6,16.7,15.0,118.0
26.0,0,178.7,73.04,-6.2,51.0,202.0
36.0,1,157.3,52.2,19.2,40.0,156.0
21.0,0,168.0,56.2,6.6,42.0,199.0
44.0,0,177.6,80.7,19.5,48.0,235.0
50.0,1,157.3,51.8,19.1,30.0,144.0
30.0,1,166.1,59.5,19.3,49.0,172.0
63.0,0,153.1,39.1,6.6,16.0,138.0
32.0,0,170.7,90.5,11.4,33.0,188.0
22.0,1,167.9,66.7,27.7,51.0,176.0
30.0,1,155.7,52.0,10.6,33.0,160.0
29.0,1,164.0,53.9,19.4,49.0,194.0
33.0,0,181.0,79.0,6.2,50.0,186.0
64.0,1,159.7,49.34,14.9,22.0,101.0
58.0,1,164.6,62.3,14.9,29.0,146.0
28.0,0,175.0,75.3,14.5,54.0,223.0
59.0,1,145.7,51.6,20.1,12.0,122.0
26.0,1,164.7,61.1,22.2,42.0,197.0
22.0,1,168.6,71.0,30.6,30.0,212.0
24.0,0,179.6,80.9,-8.3,40.0,187.0
39.0,0,183.0,72.0,18.7,46.0,219.0
22.0,0,184.7,84.9,24.0,57.0,226.0
21.0,1,163.2,52.2,12.5,54.0,174.0
46.0,0,172.9,73.4,-1.1,18.0,211.0
32.0,0,165.9,74.8,17.1,54.0,229.0
21.0,1,162.0,54.5,21.4,63.0,187.0
36.0,0,173.0,71.7,19.6,57.0,228.0
43.0,0,169.4,93.9,12.4,35.0,215.0
47.0,0,168.0,63.2,10.7,36.0,210.0
32.0,0,170.2,69.5,-10.0,42.0,190.0
21.0,1,167.0,56.9,22.3,37.0,179.0
28.0,0,178.7,74.3,19.3,45.0,231.0
24.0,1,157.1,60.3,20.2,41.0,186.0
21.0,1,160.7,56.6,30.1,32.0,157.0
63.0,0,169.0,65.3,12.7,31.0,181.0
23.0,1,155.1,58.7,20.9,46.0,167.0
60.0,0,167.7,71.86,17.4,37.0,151.0
48.0,1,166.5,64.4,27.7,29.0,161.0
33.0,0,181.1,80.3,22.5,55.0,264.0
28.0,0,172.5,71.8,19.6,62.0,226.0
22.0,0,174.1,64.1,16.2,58.0,251.0
53.0,1,163.9,60.8,4.1,17.0,130.0
26.0,0,178.4,84.8,15.4,61.0,190.0
25.0,0,168.4,63.1,16.0,53.0,237.0
42.0,1,153.5,47.2,25.5,35.0,162.0
25.0,1,163.1,53.2,20.0,26.0,156.0
61.0,0,173.5,71.0,11.7,38.0,174.0
29.0,0,173.1,68.6,10.1,58.0,232.0
47.0,0,169.2,71.7,6.71,34.0,203.0
21.0,0,163.0,61.7,22.5,49.0,220.0
49.0,1,156.7,64.1,18.0,11.0,106.0
55.0,1,156.8,52.6,24.35,29.0,122.0
23.0,0,172.2,79.74,13.0,60.0,218.0
43.0,0,168.0,72.9,16.1,45.0,196.0
39.0,1,161.8,62.1,29.0,35.0,154.0
27.0,0,171.4,74.9,16.0,36.0,212.0
53.0,0,169.9,62.8,17.7,47.0,200.0
28.0,0,171.1,67.4,18.8,46.0,250.0
25.0,0,173.7,78.3,5.6,29.0,195.0
43.0,1,164.1,64.7,13.5,27.0,174.0
26.0,0,173.0,65.6,6.4,52.0,220.0
42.0,0,184.7,91.6,13.1,44.0,208.0
25.0,0,174.3,79.68,28.5,38.0,217.0
45.0,0,182.0,91.4,9.0,36.0,243.0
23.0,1,161.3,63.7,25.0,41.0,171.0
23.0,1,165.8,56.7,27.4,52.0,200.0
30.0,1,162.5,50.2,20.0,33.0,149.0
49.0,1,148.9,56.2,18.6,33.0,148.0
27.0,1,164.4,52.6,22.3,51.0,172.0
44.0,0,169.3,70.5,12.0,37.0,235.0
28.0,0,182.4,88.2,28.4,43.0,214.0
47.0,1,155.7,59.1,3.2,17.0,129.0
40.0,1,163.5,60.1,21.7,46.0,168.0
29.0,0,170.5,68.4,23.3,48.0,247.0
35.0,0,171.6,82.1,10.1,59.0,211.0
27.0,0,178.9,78.66,5.0,55.0,203.0
24.0,0,166.9,70.5,22.5,58.0,262.0
38.0,0,179.0,83.4,-14.1,32.0,182.0
43.0,0,180.7,80.1,-0.7,50.0,214.0
60.0,1,156.6,57.9,17.6,17.0,117.0
31.0,0,179.3,82.0,3.6,62.0,246.0
53.0,1,162.7,64.2,13.0,23.0,140.0
24.0,1,162.0,52.1,25.4,60.0,180.0
22.0,0,165.6,76.1,21.9,39.0,214.0
40.0,1,157.5,53.4,22.0,35.0,160.0
40.0,0,175.0,76.3,15.5,44.0,212.0
50.0,1,153.3,57.6,12.3,32.0,156.0
21.0,0,184.9,72.4,17.7,43.0,250.0
21.0,1,157.6,53.1,25.3,59.0,193.0
36.0,0,176.1,74.2,9.7,51.0,231.0
24.0,0,170.2,79.7,17.0,64.0,259.0
38.0,1,169.7,69.1,18.5,30.0,139.0
62.0,0,164.2,68.96,14.2,20.0,163.0
40.0,0,178.5,70.5,17.0,33.0,215.0
52.0,0,171.5,73.0,14.0,26.0,204.0
25.0,1,160.1,57.5,28.8,53.0,162.0
44.0,0,170.0,70.0,21.0,49.0,194.0
24.0,0,172.0,56.7,18.8,55.0,238.0
22.0,0,178.0,77.94,24.8,54.0,236.0
28.0,0,167.8,66.5,21.0,57.0,235.0
21.0,1,158.6,47.3,20.2,38.0,173.0
62.0,0,172.5,74.7,10.5,27.0,175.0
27.0,0,168.0,70.8,17.8,70.0,269.0
57.0,1,153.6,50.84,20.7,13.0,128.0
24.0,0,184.9,82.5,27.3,50.0,259.0
25.0,1,161.6,50.3,25.4,29.0,123.0
31.0,0,162.6,73.8,19.1,56.0,230.0
41.0,0,171.3,103.2,7.0,34.0,188.0
39.0,0,177.0,83.0,1.3,20.0,210.0
40.0,0,171.3,75.2,15.4,41.0,220.0
23.0,1,168.2,54.3,14.3,39.0,142.0
34.0,0,179.4,86.4,14.4,68.0,227.0
43.0,0,172.3,74.3,1.5,25.0,204.0
53.0,0,167.5,61.6,16.0,45.0,197.0
36.0,0,177.6,88.5,6.3,32.0,178.0
29.0,1,161.3,52.0,30.3,38.0,164.0
27.0,0,189.2,78.0,13.6,49.0,248.0
21.0,0,173.9,72.4,10.7,42.0,184.0
21.0,1,159.6,51.2,32.8,37.0,207.0
25.0,1,157.9,61.2,29.9,58.0,183.0
59.0,1,152.7,63.8,18.2,0.0,101.0
26.0,1,153.1,45.1,-2.8,26.0,140.0
25.0,0,169.9,78.2,23.2,61.0,242.0
40.0,0,171.0,75.8,-5.4,33.0,201.0
27.0,0,175.1,68.4,22.9,49.0,250.0
43.0,1,160.1,62.7,17.7,32.0,143.0
21.0,1,161.1,65.72,17.6,30.0,166.0
38.0,1,157.4,54.0,27.3,35.0,175.0
63.0,0,165.6,66.94,4.5,28.0,162.0
21.0,0,171.7,65.2,23.1,51.0,237.0
22.0,0,179.1,74.7,21.2,62.0,259.0
61.0,0,167.4,57.1,3.4,33.0,161.0
52.0,0,167.8,61.8,22.8,27.0,220.0
28.0,0,175.3,85.2,7.6,60.0,240.0
62.0,0,167.0,77.4,21.2,29.0,161.0
42.0,0,169.0,72.3,20.7,46.0,240.0
26.0,1,162.8,54.4,22.9,57.0,186.0
37.0,0,172.2,69.4,-1.9,39.0,214.0
43.0,1,162.5,64.8,14.6,23.0,126.0
22.0,1,160.7,45.8,32.2,35.0,143.0
36.0,0,173.6,74.1,8.9,35.0,238.0
37.0,0,173.9,76.3,14.1,45.0,216.0
62.0,0,168.4,74.4,21.2,25.0,181.0
31.0,1,163.6,60.2,18.5,42.0,174.0
22.0,0,170.5,64.5,28.1,48.0,215.0
45.0,0,177.7,70.1,-8.6,31.0,191.0
22.0,0,173.5,66.9,8.1,58.0,172.0
55.0,0,169.3,71.9,5.4,33.0,199.0
33.0,0,163.5,54.8,18.3,39.0,209.0
27.0,0,170.9,76.9,15.8,49.0,226.0
40.0,0,178.4,80.3,15.3,42.0,206.0
32.0,1,166.2,58.5,20.2,38.0,163.0
21.0,0,171.5,62.6,17.9,48.0,195.0
54.0,1,162.9,51.4,20.5,24.0,134.0
49.0,0,173.3,70.0,12.3,38.0,199.0
21.0,1,166.3,47.6,10.1,42.0,172.0
61.0,0,171.6,86.4,-2.4,12.0,162.0
55.0,1,157.1,56.1,19.9,24.0,129.0
23.0,1,164.4,54.3,31.7,44.0,186.0
42.0,1,163.2,64.8,15.9,29.0,158.0
26.0,1,167.6,52.0,28.5,20.0,180.0
61.0,0,163.3,60.3,8.6,29.0,185.0
22.0,1,158.0,53.5,22.8,40.0,153.0
61.0,0,173.6,84.7,11.3,14.0,178.0
50.0,1,166.7,62.6,15.0,20.0,52.0
59.0,0,160.8,69.36,-15.1,25.0,168.0
23.0,0,169.9,61.6,19.7,44.0,190.0
21.0,1,154.4,51.2,16.4,26.0,130.0
56.0,1,169.0,53.1,4.8,32.0,147.0
43.0,0,173.0,69.0,9.5,45.0,199.0
26.0,0,172.9,72.7,13.3,57.0,217.0
21.0,1,161.9,62.4,23.7,36.0,167.0
55.0,0,167.8,64.7,16.0,19.0,195.0
61.0,1,153.8,50.0,13.8,23.0,125.0
21.0,1,172.4,67.7,23.7,66.0,234.0
61.0,0,165.2,71.6,7.4,27.0,168.0
37.0,0,168.3,72.6,7.5,38.0,220.0
21.0,0,178.6,72.8,20.7,37.0,178.0
27.0,0,190.0,86.9,22.0,44.0,197.0
45.0,0,173.8,70.0,12.7,34.0,234.0
25.0,0,185.0,88.1,5.3,45.0,222.0
42.0,0,171.5,61.1,12.1,46.0,199.0
36.0,0,182.4,89.3,10.0,35.0,218.0
58.0,1,154.1,60.2,21.5,8.0,115.0
41.0,0,175.3,77.2,23.7,44.0,219.0
58.0,0,164.2,63.7,12.4,52.0,193.0
21.0,1,164.7,55.6,15.7,41.0,172.0
29.0,0,156.7,77.0,18.8,30.0,215.0
35.0,1,158.2,54.0,26.7,28.0,168.0
25.0,0,168.2,58.4,7.2,34.0,190.0
24.0,0,174.5,67.1,17.1,48.0,242.0
32.0,1,162.7,54.7,12.0,34.0,146.0
28.0,1,159.6,61.7,22.5,25.0,153.0
31.0,0,168.5,64.3,13.5,61.0,255.0
25.0,1,163.1,54.5,20.8,46.0,173.0
40.0,1,165.4,64.2,19.8,32.0,167.0
60.0,1,157.5,59.4,29.6,28.0,152.0
39.0,1,168.0,61.0,23.5,37.0,152.0
37.0,0,171.5,61.9,17.7,50.0,228.0
23.0,1,157.5,46.2,15.0,23.0,142.0
52.0,1,155.4,59.6,2.8,25.0,137.0
43.0,0,174.4,91.4,0.1,14.0,153.0
27.0,1,160.6,62.0,21.9,42.0,161.0
31.0,0,173.0,69.4,2.9,51.0,209.0
36.0,0,169.6,65.2,21.0,59.0,216.0
40.0,1,154.9,48.8,15.3,31.0,158.0
59.0,1,158.5,56.2,19.8,31.0,137.0
59.0,1,154.1,59.92,21.4,16.0,103.0
34.0,0,181.4,75.4,23.0,55.0,225.0
28.0,0,173.1,77.0,17.7,51.0,241.0
25.0,0,178.0,74.8,16.4,59.0,225.0
22.0,1,154.1,43.5,7.0,18.0,140.0
64.0,0,166.2,67.0,13.6,37.0,188.0
43.0,0,173.6,74.4,13.7,58.0,220.0
26.0,0,183.6,81.0,13.8,61.0,256.0
41.0,0,167.9,71.8,13.4,47.0,225.0
29.0,0,181.2,100.8,10.6,50.0,242.0
37.0,0,175.2,71.8,7.0,33.0,217.0
31.0,1,162.7,47.9,21.2,47.0,187.0
63.0,1,148.2,51.96,13.2,2.0,98.0
47.0,1,172.0,57.66,26.7,19.0,169.0
54.0,1,155.9,71.0,16.6,24.0,138.0
24.0,1,163.7,55.3,15.3,41.0,158.0
37.0,0,180.9,87.0,16.6,51.0,233.0
40.0,1,162.4,64.3,10.9,35.0,121.0
30.0,1,164.2,58.9,2.9,0.0,120.0
24.0,0,164.4,66.2,16.2,43.0,232.0
52.0,1,152.8,46.2,27.0,29.0,165.0
55.0,1,153.3,46.8,26.1,28.0,146.0
45.0,0,174.5,87.7,3.3,35.0,182.0
29.0,1,165.8,57.9,24.8,52.0,203.0
35.0,0,167.2,70.2,-6.2,42.0,197.0
52.0,0,153.5,48.9,-7.1,31.0,140.0
27.0,0,171.3,68.2,22.3,65.0,246.0
25.0,0,174.7,62.8,20.1,57.0,241.0
45.0,1,159.0,63.1,19.0,30.0,155.0
24.0,0,176.4,73.7,24.2,49.0,192.0
52.0,0,174.4,72.5,-1.2,47.0,168.0
49.0,0,170.3,89.1,14.6,47.0,211.0
21.0,0,176.1,82.8,17.6,56.0,240.0
46.0,1,163.2,58.08,32.3,35.0,171.0
28.0,0,181.8,114.0,12.7,42.0,225.0
61.0,1,149.6,48.54,25.0,20.0,133.0
21.0,1,148.0,42.0,23.8,26.0,155.0
21.0,0,175.0,64.0,16.4,60.0,231.0
49.0,0,174.8,74.5,2.9,40.0,178.0
40.0,1,158.5,52.7,10.7,26.0,145.0
34.0,0,170.8,78.1,1.0,25.0,143.0
54.0,0,170.7,64.5,20.3,50.0,182.0
27.0,1,169.8,64.4,22.3,19.0,141.0
25.0,0,181.3,78.2,6.2,39.0,193.0
49.0,0,170.8,77.8,6.0,43.0,220.0
21.0,0,167.5,71.8,16.4,63.0,224.0
30.0,0,171.8,79.7,5.0,42.0,171.0
21.0,1,162.4,59.2,16.4,48.0,158.0
51.0,1,158.2,55.5,18.8,26.0,137.0
35.0,1,154.5,53.4,24.0,19.0,136.0
48.0,1,153.9,52.76,7.3,10.0,147.0
23.0,0,168.9,66.96,8.2,45.0,201.0
36.0,0,170.1,68.68,15.3,51.0,219.0
57.0,1,152.6,50.0,9.6,14.0,111.0
22.0,1,162.0,57.4,18.6,36.0,128.0
31.0,0,174.0,69.5,19.9,56.0,256.0
35.0,1,160.6,56.3,23.3,9.0,135.0
32.0,0,167.9,58.7,12.1,51.0,226.0
49.0,1,160.4,55.7,25.3,24.0,155.0
57.0,1,156.8,54.2,20.9,24.0,130.0
46.0,0,170.0,75.2,20.0,43.0,219.0
22.0,0,170.6,93.9,1.7,28.0,210.0
63.0,0,167.2,73.3,24.6,31.0,189.0
30.0,0,174.0,72.3,-5.0,39.0,171.0
27.0,0,170.1,100.0,3.8,12.0,156.0
31.0,0,169.8,69.52,24.7,58.0,225.0
24.0,0,163.0,62.4,19.5,65.0,236.0
33.0,0,169.1,66.1,10.3,48.0,235.0
58.0,0,172.5,74.2,17.1,31.0,161.0
59.0,1,158.2,54.34,28.6,42.0,148.0
45.0,0,172.5,85.0,8.5,41.0,195.0
40.0,0,179.4,119.6,-2.6,37.0,164.0
34.0,0,177.7,88.5,5.0,50.0,217.0
27.0,1,166.2,78.5,22.4,43.0,166.0
36.0,0,171.4,69.0,17.9,55.0,242.0
39.0,0,171.8,75.3,12.0,45.0,237.0
45.0,0,164.7,72.48,6.8,30.0,186.0
21.0,0,164.8,51.7,-17.4,54.0,243.0
37.0,0,168.6,69.14,17.0,46.0,205.0
23.0,1,160.5,55.0,21.1,52.0,192.0
51.0,0,165.5,74.7,14.4,24.0,171.0
22.0,1,158.9,52.6,20.4,23.0,137.0
21.0,0,170.4,107.9,5.9,37.0,200.0
59.0,1,157.7,57.32,19.3,21.0,118.0
21.0,1,172.1,59.2,21.0,53.0,182.0
29.0,1,155.7,48.3,19.9,26.0,150.0
55.0,1,156.0,64.4,19.5,6.0,122.0
57.0,1,155.7,74.2,12.2,0.0,100.0
21.0,0,178.4,75.4,17.6,52.0,201.0
33.0,1,160.0,52.6,13.8,30.0,158.0
45.0,0,176.6,58.88,27.4,41.0,209.0
28.0,0,165.5,64.9,7.5,51.0,243.0
29.0,0,175.4,88.8,29.6,58.0,264.0
25.0,0,172.8,95.0,5.6,28.0,203.0
22.0,0,175.0,82.3,8.6,55.0,207.0
23.0,1,163.9,46.0,15.6,38.0,181.0
49.0,0,165.6,68.64,21.8,49.0,188.0
48.0,0,171.9,73.4,12.7,30.0,194.0
28.0,0,175.3,69.44,15.0,50.0,217.0
33.0,0,167.4,62.0,18.0,58.0,183.0
31.0,0,168.4,84.0,12.0,47.0,176.0
38.0,0,175.7,70.7,15.1,43.0,236.0
22.0,0,172.9,72.0,20.4,56.0,234.0
43.0,1,164.0,50.8,13.5,28.0,160.0
23.0,1,159.1,46.72,20.6,48.0,163.0
27.0,0,175.4,78.4,27.1,56.0,245.0
27.0,0,173.6,75.9,-0.7,48.0,183.0
22.0,1,173.6,57.9,14.7,34.0,154.0
62.0,0,170.5,62.6,13.9,25.0,175.0
23.0,0,190.8,79.4,-19.0,30.0,160.0
50.0,0,167.6,60.1,13.5,27.0,199.0
21.0,0,171.6,72.5,-3.0,33.0,203.0
26.0,0,167.6,71.6,23.3,51.0,230.0
62.0,1,166.0,59.4,15.2,20.0,101.0
22.0,0,172.7,73.7,24.3,60.0,246.0
41.0,0,178.9,69.2,19.1,36.0,223.0
58.0,1,155.3,58.2,20.4,24.0,136.0
43.0,0,170.4,60.8,12.2,33.0,227.0
54.0,0,173.4,56.9,7.5,44.0,181.0
61.0,0,167.2,68.6,13.9,39.0,165.0
24.0,0,172.5,62.1,0.0,34.0,180.0
44.0,0,170.5,71.6,11.3,41.0,195.0
47.0,0,168.5,75.9,11.9,47.0,174.0
39.0,0,167.0,58.4,12.6,35.0,222.0
61.0,1,159.1,53.6,22.3,18.0,118.0
58.0,1,157.7,59.8,19.9,38.0,170.0
23.0,0,174.7,71.8,12.5,50.0,212.0
28.0,0,169.1,70.8,12.3,38.0,205.0
46.0,0,177.5,80.5,6.6,25.0,196.0
63.0,1,155.7,57.8,7.1,0.0,93.0
48.0,0,168.6,71.0,7.0,39.0,225.0
43.0,0,166.8,75.6,14.6,51.0,198.0
46.0,1,165.5,56.7,18.9,31.0,161.0
22.0,0,171.3,67.0,6.6,48.0,217.0
22.0,0,171.2,67.1,16.2,72.0,275.0
23.0,0,179.2,86.2,17.5,56.0,205.0
50.0,1,161.7,58.5,24.9,33.0,161.0
36.0,0,177.0,87.1,6.0,36.0,204.0
46.0,0,172.2,71.1,7.0,38.0,223.0
60.0,0,171.3,65.0,12.5,47.0,200.0
23.0,0,174.0,70.7,24.9,63.0,245.0
28.0,0,170.4,61.7,-5.1,51.0,229.0
23.0,0,169.6,62.4,19.4,45.0,246.0
22.0,0,185.9,94.1,9.5,49.0,225.0
25.0,1,163.9,55.9,26.1,31.0,105.0
57.0,0,161.2,69.5,8.8,24.0,183.0
46.0,0,183.5,84.2,-3.1,31.0,226.0
25.0,0,171.7,73.8,19.4,44.0,228.0
47.0,0,174.9,58.5,5.6,39.0,207.0
39.0,1,156.4,55.5,10.2,20.0,155.0
26.0,0,177.5,77.84,20.3,60.0,242.0
62.0,1,161.6,50.5,21.5,14.0,107.0
50.0,0,162.7,59.3,15.9,39.0,158.0
28.0,1,153.1,50.4,22.5,36.0,159.0
43.0,1,162.0,72.3,4.0,22.0,110.0
23.0,0,183.2,89.5,22.4,38.0,264.0
27.0,0,179.5,69.3,10.8,58.0,236.0
36.0,0,169.9,75.2,3.8,53.0,205.0
31.0,0,173.4,84.9,1.4,33.0,190.0
26.0,0,170.3,64.6,2.1,53.0,228.0
46.0,0,166.4,87.2,-6.8,5.0,150.0
41.0,0,168.2,70.0,7.3,49.0,199.0
56.0,0,176.8,70.9,10.5,34.0,190.0
40.0,0,169.9,60.0,15.7,53.0,227.0
41.0,0,158.1,39.9,4.6,18.0,183.0
51.0,0,166.5,63.5,17.1,52.0,210.0
21.0,1,163.8,58.2,19.6,41.0,175.0
25.0,0,166.9,71.5,14.9,58.0,201.0
24.0,0,170.6,66.0,19.1,58.0,238.0
62.0,0,176.5,70.9,3.6,28.0,151.0
61.0,0,171.5,71.0,14.5,33.0,178.0
48.0,0,167.3,67.4,14.1,40.0,180.0
54.0,0,173.4,94.1,12.1,40.0,204.0
21.0,0,175.4,68.1,22.4,47.0,226.0
22.0,0,175.8,60.3,11.2,54.0,151.0
24.0,0,170.2,67.0,21.7,57.0,204.0
21.0,0,166.6,57.04,27.5,56.0,232.0
22.0,0,171.4,56.6,15.0,48.0,259.0
46.0,1,167.0,58.04,18.1,38.0,200.0
61.0,1,154.2,70.5,17.2,0.0,52.0
38.0,0,181.4,102.0,11.0,36.0,242.0
35.0,0,171.5,69.9,19.9,60.0,220.0
56.0,1,163.3,66.62,19.9,21.0,101.0
59.0,0,156.6,64.9,-9.7,22.0,145.0
31.0,0,172.2,64.1,10.8,37.0,200.0
51.0,0,163.1,67.7,5.3,42.0,197.0
48.0,1,163.1,63.1,34.0,34.0,154.0
42.0,0,172.3,72.8,5.6,24.0,202.0
33.0,0,178.1,81.1,22.1,54.0,249.0
26.0,0,163.5,65.7,17.4,60.0,219.0
59.0,1,161.9,56.1,23.7,32.0,147.0
64.0,0,167.0,82.4,19.8,31.0,167.0
62.0,1,162.5,67.4,7.3,8.0,122.0
36.0,0,167.0,73.1,14.1,45.0,227.0
23.0,0,174.2,68.2,15.3,48.0,213.0
41.0,0,170.2,85.4,13.4,42.0,225.0
35.0,0,172.2,82.0,23.4,63.0,252.0
49.0,0,175.9,74.4,10.1,42.0,218.0
25.0,0,171.4,85.7,3.6,40.0,215.0
60.0,0,174.5,71.2,2.0,32.0,135.0
28.0,0,188.1,93.7,20.8,40.0,221.0
62.0,1,156.2,57.72,23.7,12.0,125.0
36.0,0,180.2,76.3,18.6,60.0,243.0
26.0,0,169.1,72.3,8.2,52.0,218.0
55.0,1,153.6,52.8,18.0,24.0,155.0
57.0,1,149.2,62.2,21.9,10.0,131.0
22.0,0,169.1,59.08,15.1,41.0,246.0
31.0,0,183.0,76.3,19.0,56.0,231.0
26.0,0,177.4,70.6,16.8,53.0,226.0
21.0,0,179.8,70.3,8.9,45.0,190.0
56.0,1,157.3,70.2,14.7,4.0,107.0
28.0,0,170.3,72.3,29.1,59.0,239.0
22.0,1,167.0,50.3,23.3,39.0,168.0
55.0,0,186.0,88.02,10.2,55.0,198.0
61.0,1,154.7,54.1,24.8,12.0,117.0
47.0,0,173.1,73.25,19.7,35.0,206.0
44.0,0,171.4,87.1,0.5,37.0,180.0
27.0,0,171.9,67.9,14.5,53.0,233.0
26.0,0,182.4,83.6,15.1,63.0,234.0
23.0,0,176.0,83.9,22.7,61.0,230.0
36.0,0,168.4,68.8,22.1,55.0,214.0
21.0,0,173.0,70.3,15.4,54.0,260.0
36.0,0,170.2,66.2,16.3,30.0,202.0
22.0,0,166.9,67.8,8.0,56.0,204.0
37.0,1,160.7,46.7,24.2,45.0,164.0
42.0,0,168.7,68.5,10.2,44.0,203.0
41.0,0,173.1,66.7,-3.1,52.0,206.0
62.0,1,162.3,47.5,21.8,9.0,111.0
23.0,0,167.9,66.3,16.2,50.0,219.0
25.0,1,170.2,58.3,22.7,39.0,169.0
26.0,0,172.2,80.2,16.0,58.0,228.0
25.0,0,165.9,83.3,5.1,46.0,178.0
23.0,0,162.2,61.5,11.0,55.0,247.0
61.0,0,160.7,63.9,20.9,36.0,193.0
50.0,1,162.5,49.2,11.6,18.0,147.0
60.0,1,162.8,54.4,25.0,33.0,95.0
36.0,0,179.9,84.0,19.0,57.0,214.0
50.0,0,169.5,87.8,17.4,36.0,204.0
35.0,0,170.3,74.6,6.6,51.0,245.0
21.0,1,161.6,46.2,15.3,30.0,158.0
24.0,0,172.0,70.6,7.8,59.0,218.0
23.0,1,167.7,62.5,20.5,47.0,179.0
22.0,1,161.8,63.5,34.6,45.0,175.0
26.0,1,159.9,46.3,29.0,49.0,177.0
30.0,1,158.2,57.4,13.22,29.0,148.0
30.0,1,155.0,49.2,19.3,49.0,160.0
60.0,0,172.8,73.4,20.5,43.0,173.0
26.0,0,186.4,92.3,15.2,62.0,286.0
24.0,0,178.5,95.4,0.7,53.0,185.0
26.0,0,172.2,70.9,8.8,40.0,214.0
22.0,0,168.8,68.1,19.0,42.0,230.0
61.0,0,165.5,75.4,12.8,36.0,171.0
55.0,1,154.6,61.6,11.5,4.0,138.0
63.0,0,168.0,62.4,11.8,26.0,154.0
40.0,0,173.2,75.5,24.0,46.0,215.0
62.0,0,165.9,63.3,2.6,35.0,167.0
26.0,1,162.2,64.8,17.6,39.0,160.0
22.0,1,159.1,51.3,7.9,24.0,154.0
21.0,1,169.2,64.9,22.3,39.0,174.0
22.0,0,181.2,123.0,5.0,36.0,177.0
39.0,1,163.2,85.8,17.3,9.0,132.0
37.0,0,173.6,86.0,19.9,45.0,215.0
51.0,0,177.9,67.2,13.7,25.0,183.0
28.0,1,158.6,45.8,18.3,29.0,158.0
29.0,0,179.5,76.7,3.7,52.0,204.0
22.0,0,176.4,73.3,12.5,40.0,235.0
51.0,0,171.3,74.1,7.7,45.0,211.0
22.0,0,171.6,73.4,21.7,48.0,267.0
28.0,0,164.0,66.2,5.3,53.0,212.0
55.0,0,167.4,55.8,20.3,48.0,219.0
21.0,0,167.3,60.76,18.9,56.0,214.0
22.0,0,167.7,66.5,0.7,34.0,211.0
23.0,0,176.5,69.5,12.5,52.0,233.0
25.0,1,160.0,61.6,6.5,25.0,140.0
29.0,0,176.7,71.5,27.5,60.0,248.0
40.0,1,163.1,65.6,16.9,30.0,154.0
49.0,0,170.9,75.8,-5.6,29.0,167.0
60.0,0,163.7,72.7,23.0,38.0,185.0
54.0,0,172.0,69.2,19.5,43.0,183.0
36.0,0,172.5,71.8,21.4,42.0,221.0
38.0,1,169.9,68.8,24.6,38.0,177.0
29.0,0,168.3,56.4,2.5,45.0,215.0
55.0,1,166.9,60.9,17.7,13.0,131.0
21.0,1,167.8,55.2,19.2,47.0,144.0
27.0,0,173.0,85.04,21.2,44.0,224.0
30.0,0,162.1,62.0,10.3,53.0,195.0
24.0,0,164.9,57.4,13.9,45.0,226.0
23.0,0,170.5,60.4,14.2,43.0,232.0
25.0,1,163.7,61.6,25.0,40.0,161.0
27.0,0,175.4,65.5,23.0,71.0,235.0
26.0,1,159.3,49.8,22.6,53.0,165.0
56.0,1,147.8,51.94,20.8,32.0,121.0
25.0,0,175.0,72.54,18.7,48.0,212.0
41.0,0,170.7,70.6,24.6,47.0,237.0
38.0,0,171.7,91.6,16.1,58.0,237.0
36.0,0,180.7,78.9,6.0,41.0,198.0
22.0,0,185.0,89.3,18.1,43.0,224.0
33.0,0,177.7,82.76,18.9,50.0,229.0
22.0,0,177.0,65.28,20.7,55.0,243.0
51.0,0,166.7,78.4,15.0,39.0,215.0
24.0,0,175.0,68.0,12.4,48.0,219.0
36.0,0,170.2,60.7,7.8,46.0,229.0
32.0,0,167.3,66.6,5.4,19.0,210.0
34.0,0,175.2,75.8,14.6,57.0,247.0
35.0,0,171.3,90.7,17.4,47.0,213.0
52.0,1,159.0,59.5,23.0,32.0,160.0
63.0,1,159.2,46.7,3.7,0.0,107.0
31.0,0,177.2,101.1,9.5,42.0,213.0
26.0,0,180.0,67.0,15.0,53.0,248.0
33.0,0,177.8,80.9,19.0,57.0,230.0
28.0,1,162.9,63.1,31.0,49.0,176.0
49.0,0,173.8,63.04,4.6,31.0,202.0
44.0,0,169.3,75.6,10.6,40.0,227.0
21.0,0,187.9,74.7,7.7,45.0,221.0
22.0,0,175.3,103.3,-8.6,57.0,205.0
42.0,0,175.7,74.3,22.0,44.0,235.0
26.0,0,171.4,72.6,18.0,53.0,205.0
63.0,0,168.6,56.6,7.1,20.0,167.0
23.0,0,173.3,90.4,3.6,43.0,179.0
21.0,1,157.4,55.0,22.8,39.0,167.0
28.0,0,172.9,74.6,17.4,64.0,239.0
57.0,0,168.0,73.2,17.8,30.0,164.0
21.0,0,173.0,66.2,25.2,57.0,235.0
60.0,1,169.3,61.3,22.8,30.0,164.0
43.0,1,165.5,80.74,7.7,18.0,137.0
25.0,0,162.2,65.3,21.5,57.0,221.0
58.0,1,160.7,58.0,13.0,17.0,119.0
45.0,0,178.0,71.6,13.5,41.0,212.0
63.0,1,145.6,40.9,19.7,8.0,143.0
21.0,1,163.9,55.1,24.0,33.0,183.0
43.0,0,181.0,74.3,23.4,58.0,238.0
28.0,0,175.6,76.9,8.7,57.0,217.0
24.0,1,160.1,56.2,21.7,36.0,182.0
63.0,1,153.6,58.2,25.0,18.0,120.0
27.0,1,164.0,53.0,10.3,32.0,155.0
43.0,1,161.0,65.8,18.0,36.0,100.0
32.0,0,174.2,77.7,13.3,46.0,238.0
25.0,0,178.2,74.0,16.3,52.0,230.0
38.0,0,177.0,75.0,17.8,62.0,257.0
36.0,0,177.9,67.0,13.9,53.0,240.0
21.0,1,163.2,75.8,14.2,31.0,158.0
50.0,0,168.8,76.8,5.5,39.0,197.0
49.0,1,157.6,46.9,20.0,41.0,155.0
29.0,1,160.9,54.5,7.5,44.0,167.0
54.0,1,169.0,64.4,20.1,16.0,145.0
23.0,0,170.0,67.1,11.2,50.0,231.0
30.0,0,163.1,64.4,16.7,47.0,209.0
26.0,0,180.0,63.0,22.0,60.0,220.0
21.0,1,162.3,58.9,17.5,39.0,180.0
32.0,1,153.0,44.8,15.3,32.0,158.0
45.0,1,164.0,51.7,-14.3,12.0,150.0
53.0,1,155.5,49.6,24.9,34.0,126.0
40.0,0,173.0,76.4,14.0,35.0,218.0
23.0,1,156.9,47.4,9.2,30.0,113.0
36.0,0,176.5,73.0,2.9,20.0,203.0
35.0,0,169.8,70.82,12.6,42.0,219.0
31.0,0,177.7,74.0,24.2,57.0,222.0
21.0,1,161.0,58.4,28.5,34.0,144.0
46.0,0,173.9,72.5,13.8,42.0,219.0
59.0,0,174.9,68.7,21.1,36.0,188.0
46.0,1,166.8,64.5,12.7,18.0,161.0
55.0,1,160.1,70.2,20.0,22.0,118.0
30.0,1,162.1,58.4,17.9,59.0,186.0
33.0,0,180.9,66.2,9.6,38.0,235.0
21.0,0,174.4,62.42,-6.6,30.0,207.0
21.0,1,165.2,50.2,23.2,31.0,162.0
21.0,1,160.5,47.7,21.9,47.0,162.0
58.0,0,167.4,65.52,19.2,40.0,181.0
21.0,0,179.7,73.6,11.1,40.0,227.0
28.0,0,175.3,82.8,14.6,62.0,205.0
62.0,1,153.0,56.5,13.0,21.0,118.0
59.0,1,161.3,51.4,4.2,10.0,100.0
23.0,0,168.1,106.3,6.1,15.0,164.0
28.0,1,168.6,60.2,18.9,32.0,159.0
26.0,1,160.0,63.56,17.1,23.0,128.0
30.0,0,165.0,58.72,14.5,53.0,229.0
33.0,0,179.0,73.8,21.8,50.0,225.0
38.0,0,171.4,71.7,21.3,54.0,216.0
31.0,1,155.3,51.0,13.3,22.0,153.0
21.0,0,174.4,69.7,3.1,38.0,199.0
22.0,1,150.8,41.3,27.9,36.0,157.0
21.0,1,157.1,69.9,21.2,48.0,165.0
55.0,1,154.6,60.4,6.2,9.0,95.0
45.0,1,156.2,68.1,16.9,28.0,169.0
61.0,0,154.0,53.0,4.5,19.0,175.0
41.0,1,165.1,57.2,9.4,21.0,159.0
48.0,0,175.6,73.1,21.1,45.0,220.0
22.0,0,175.7,67.9,19.2,55.0,232.0
53.0,0,176.4,67.4,13.3,33.0,197.0
24.0,1,161.8,50.7,20.2,40.0,169.0
22.0,1,159.5,60.9,28.5,54.0,214.0
21.0,1,155.7,52.5,20.6,44.0,182.0
49.0,0,173.5,70.2,18.4,50.0,218.0
21.0,1,165.7,56.0,17.8,40.0,191.0
38.0,0,175.5,78.4,16.9,51.0,238.0
22.0,0,183.0,76.5,16.0,59.0,217.0
21.0,1,168.7,56.4,24.4,40.0,150.0
38.0,1,156.8,49.8,17.2,26.0,158.0
28.0,1,157.1,52.5,21.6,42.0,165.0
49.0,1,166.3,65.3,18.1,23.0,102.0
34.0,0,172.2,67.7,14.9,59.0,230.0
51.0,1,154.9,63.7,20.6,38.0,118.0
28.0,0,171.4,79.8,22.9,66.0,258.0
30.0,0,185.2,108.9,27.7,52.0,231.0
45.0,0,173.4,72.0,17.4,47.0,231.0
50.0,0,172.1,73.62,6.3,31.0,209.0
21.0,1,160.8,49.4,22.1,37.0,177.0
64.0,1,157.7,74.8,14.7,4.0,125.0
61.0,1,159.8,53.3,29.5,39.0,169.0
35.0,0,188.5,87.3,6.9,39.0,217.0
30.0,1,161.9,46.8,20.0,41.0,188.0
35.0,1,159.2,46.8,16.5,39.0,153.0
60.0,0,170.0,68.9,21.0,30.0,183.0
28.0,0,176.3,86.2,1.5,37.0,205.0
60.0,1,162.6,63.2,16.2,11.0,120.0
24.0,1,157.0,52.6,20.3,43.0,174.0
22.0,1,165.4,58.7,30.1,55.0,174.0
44.0,1,160.3,52.8,13.2,19.0,132.0
26.0,1,156.0,50.7,16.6,31.0,116.0
21.0,0,180.6,72.8,21.4,64.0,233.0
56.0,0,170.0,74.0,12.2,37.0,166.0
27.0,0,179.2,78.26,-3.2,39.0,199.0
21.0,1,162.4,62.2,22.2,41.0,185.0
63.0,1,157.4,48.2,28.0,27.0,157.0
55.0,0,166.8,59.5,9.9,28.0,166.0
25.0,1,159.2,51.0,15.7,30.0,135.0
21.0,0,165.1,66.8,9.2,48.0,209.0
25.0,1,162.6,55.4,28.9,57.0,177.0
64.0,1,148.2,50.7,26.7,26.0,124.0
30.0,0,171.6,78.3,15.1,67.0,181.0
23.0,0,173.6,85.7,9.1,41.0,249.0
23.0,0,172.6,64.3,13.4,47.0,220.0
24.0,1,166.8,53.5,23.6,43.0,158.0
25.0,0,170.7,66.8,20.2,56.0,245.0
30.0,0,191.8,91.0,16.4,53.0,248.0
21.0,0,179.4,103.3,5.9,40.0,218.0
22.0,1,169.0,52.1,3.6,49.0,159.0
62.0,1,156.3,67.28,-1.5,0.0,129.0
22.0,0,178.4,92.0,-5.5,40.0,188.0
36.0,0,183.0,106.6,12.7,50.0,233.0
22.0,0,183.5,81.2,17.1,57.0,241.0
26.0,0,167.7,68.94,14.1,44.0,238.0
55.0,0,165.2,64.7,20.3,50.0,205.0
63.0,1,154.8,46.0,28.5,24.0,137.0
51.0,0,167.8,65.8,10.6,34.0,216.0
44.0,0,176.3,68.3,13.2,34.0,217.0
42.0,0,175.8,69.3,9.6,44.0,191.0
57.0,1,167.2,87.3,-3.4,0.0,65.0
26.0,0,177.9,74.74,23.0,58.0,230.0
30.0,0,160.6,53.3,14.3,71.0,241.0
21.0,0,168.4,74.88,20.9,53.0,244.0
61.0,1,152.8,45.3,18.1,18.0,127.0
29.0,0,170.6,47.0,18.7,65.0,247.0
23.0,1,166.5,57.5,18.8,42.0,178.0
28.0,0,167.5,71.0,-10.5,34.0,183.0
22.0,0,173.8,53.6,11.1,48.0,231.0
52.0,0,161.7,64.5,20.7,36.0,204.0
48.0,1,160.0,109.2,8.2,0.0,159.0
24.0,1,160.2,52.7,13.2,51.0,181.0
24.0,0,177.9,83.8,18.8,54.0,226.0
34.0,0,164.0,66.1,7.1,51.0,180.0
29.0,0,173.3,77.7,6.2,31.0,218.0
24.0,1,161.9,50.8,21.1,40.0,171.0
23.0,0,172.5,70.0,9.6,53.0,187.0
35.0,0,173.1,77.6,16.7,47.0,216.0
26.0,0,183.3,77.7,14.3,50.0,218.0
57.0,0,172.1,72.8,-1.7,8.0,134.0
58.0,1,159.2,48.2,23.0,49.0,189.0
24.0,1,150.8,49.1,26.0,47.0,184.0
29.0,0,170.8,81.8,8.2,31.0,215.0
30.0,0,176.1,77.5,29.0,53.0,240.0
27.0,0,172.7,56.6,19.7,53.0,210.0
61.0,0,167.4,60.4,12.9,23.0,163.0
23.0,1,166.5,61.2,30.4,38.0,181.0
48.0,0,174.1,86.1,1.9,30.0,224.0
22.0,0,178.1,73.6,26.1,59.0,242.0
59.0,0,179.1,62.1,18.4,31.0,182.0
61.0,1,155.5,62.1,22.0,10.0,115.0
45.0,0,176.6,72.3,18.6,35.0,222.0
38.0,1,162.9,49.22,23.9,36.0,170.0
21.0,0,178.4,71.0,17.9,56.0,238.0
48.0,1,159.2,45.7,34.3,30.0,160.0
60.0,0,172.2,80.0,16.1,30.0,180.0
47.0,1,158.0,59.2,17.5,32.0,175.0
48.0,0,174.3,76.8,20.1,49.0,243.0
22.0,1,160.4,55.0,17.6,33.0,145.0
23.0,1,163.3,51.8,28.2,44.0,146.0
37.0,0,171.0,72.4,11.0,50.0,182.0
54.0,1,156.8,68.4,13.5,16.0,133.0
28.0,1,167.1,71.2,19.1,48.0,146.0
28.0,0,175.5,89.6,0.3,37.0,208.0
22.0,1,160.3,49.5,27.4,38.0,144.0
57.0,1,158.5,59.0,7.1,16.0,115.0
28.0,0,177.2,79.3,10.3,48.0,187.0
51.0,1,155.6,65.0,24.4,12.0,141.0
62.0,1,150.4,50.9,16.2,16.0,85.0
26.0,1,156.2,64.0,24.6,26.0,170.0
36.0,0,181.5,76.8,17.7,40.0,211.0
58.0,0,172.4,64.7,7.3,44.0,174.0
22.0,1,153.5,49.7,22.0,44.0,168.0
50.0,0,169.5,82.8,0.9,36.0,169.0
26.0,0,171.6,74.7,12.6,47.0,204.0
40.0,0,167.6,71.0,7.0,35.0,182.0
63.0,0,162.6,68.7,18.6,34.0,189.0
24.0,1,171.1,72.5,29.5,52.0,197.0
35.0,1,158.3,70.1,21.4,41.0,149.0
29.0,0,177.9,73.3,18.0,57.0,260.0
28.0,0,166.9,70.5,8.2,53.0,206.0
28.0,1,160.6,53.3,19.0,52.0,157.0
30.0,1,153.3,54.6,19.1,37.0,152.0
25.0,1,165.6,63.2,24.5,56.0,186.0
25.0,1,161.8,57.7,26.6,50.0,190.0
23.0,0,174.8,60.8,20.1,56.0,221.0
63.0,0,165.5,79.4,12.6,28.0,189.0
56.0,1,162.7,49.0,23.4,21.0,164.0
38.0,1,159.6,49.5,17.5,25.0,125.0
46.0,0,172.0,74.5,15.2,53.0,208.0
22.0,0,178.1,67.9,12.7,48.0,159.0
27.0,0,168.9,67.2,19.9,54.0,235.0
23.0,1,168.9,58.4,20.5,31.0,174.0
29.0,0,180.1,79.8,22.7,56.0,246.0
31.0,1,162.8,60.5,23.5,38.0,179.0
22.0,0,172.1,63.8,16.7,60.0,225.0
63.0,0,164.8,71.2,21.4,28.0,157.0
60.0,1,162.2,67.3,19.5,0.0,0.0
47.0,0,166.3,67.4,6.0,38.0,181.0
23.0,0,172.0,57.5,18.6,29.0,177.0
55.0,0,172.4,68.5,18.5,28.0,192.0
50.0,1,160.3,59.1,3.0,16.0,130.0
29.0,0,181.9,98.78,16.6,64.0,226.0
47.0,1,154.3,53.7,29.3,33.0,152.0
21.0,0,187.9,114.8,9.1,41.0,182.0
22.0,0,183.0,78.3,5.6,62.0,206.0
28.0,0,173.6,71.4,15.7,53.0,218.0
48.0,0,178.4,73.8,10.4,46.0,180.0
59.0,0,165.5,84.7,-1.5,18.0,171.0
24.0,1,161.1,48.1,24.7,46.0,164.0
23.0,0,170.8,60.3,20.1,45.0,232.0
30.0,0,169.3,71.6,8.5,44.0,220.0
25.0,0,180.7,76.7,19.4,34.0,217.0
21.0,1,161.7,59.7,22.8,15.0,181.0
32.0,0,174.6,79.7,20.4,48.0,226.0
26.0,0,186.0,79.3,5.3,45.0,176.0
27.0,1,160.1,58.4,8.8,22.0,151.0
38.0,1,169.0,53.3,28.1,32.0,149.0
63.0,0,163.7,83.7,9.2,29.0,170.0
23.0,0,172.5,67.5,2.2,57.0,241.0
25.0,1,160.0,48.9,23.6,44.0,200.0
25.0,0,175.1,71.0,7.5,49.0,227.0
22.0,0,171.5,75.0,13.0,57.0,218.0
23.0,0,178.4,68.0,8.4,48.0,225.0
21.0,0,172.6,82.1,11.1,48.0,215.0
64.0,0,163.4,62.1,15.5,27.0,175.0
24.0,0,178.3,86.3,24.9,51.0,249.0
31.0,0,176.5,85.4,3.7,44.0,175.0
61.0,0,166.6,65.4,18.9,40.0,200.0
56.0,1,156.0,51.1,23.0,23.0,0.0
31.0,1,162.0,54.3,24.3,33.0,181.0
59.0,1,157.7,47.2,26.5,30.0,132.0
29.0,0,173.8,77.5,16.0,51.0,228.0
49.0,0,180.4,80.6,15.7,32.0,226.0
38.0,1,160.8,53.5,27.6,30.0,164.0
51.0,1,155.0,57.2,11.7,24.0,132.0
23.0,0,167.3,53.5,9.2,40.0,182.0
27.0,1,163.6,54.9,29.6,30.0,177.0
40.0,0,174.1,87.2,18.8,46.0,234.0
39.0,1,167.8,65.7,23.8,43.0,174.0
63.0,1,157.8,49.2,26.3,27.0,121.0
23.0,1,162.2,63.1,19.7,47.0,180.0
60.0,1,147.5,48.5,19.0,5.0,130.0
36.0,0,175.3,74.9,13.0,50.0,246.0
29.0,1,157.9,59.0,14.0,34.0,123.0
25.0,1,165.2,47.6,24.8,34.0,150.0
45.0,0,171.9,67.3,7.5,50.0,196.0
32.0,0,175.0,80.3,16.5,45.0,179.0
35.0,0,181.3,84.4,11.7,46.0,251.0
56.0,0,176.7,77.5,15.7,36.0,203.0
56.0,0,168.2,53.5,13.3,34.0,197.0
51.0,0,164.2,58.8,19.6,39.0,212.0
25.0,0,170.3,68.3,18.5,49.0,209.0
23.0,1,162.5,56.2,21.7,47.0,169.0
56.0,1,162.7,57.8,27.0,19.0,175.0
22.0,0,178.0,72.3,8.2,51.0,239.0
23.0,0,170.8,74.1,21.2,48.0,255.0
24.0,1,159.9,47.7,-10.3,12.0,129.0
23.0,0,177.3,87.0,17.3,51.0,221.0
32.0,0,175.2,82.1,21.5,50.0,250.0
50.0,0,183.6,83.9,21.5,46.0,227.0
55.0,1,167.9,61.8,19.6,30.0,182.0
51.0,0,166.2,70.84,15.7,42.0,209.0
53.0,1,155.0,48.0,12.4,25.0,129.0
25.0,0,172.6,64.2,18.8,54.0,214.0
24.0,0,180.0,75.1,15.2,60.0,234.0
57.0,1,154.4,52.9,24.9,48.0,162.0
39.0,0,173.8,80.7,14.9,38.0,215.0
47.0,0,178.6,79.1,23.3,50.0,216.0
27.0,0,169.2,72.5,10.9,60.0,203.0
38.0,0,175.6,74.5,4.6,37.0,235.0
27.0,1,157.0,49.1,19.7,51.0,167.0
48.0,1,168.8,46.1,24.7,32.0,174.0
63.0,0,172.9,69.5,17.2,38.0,208.0
53.0,1,151.6,45.4,21.7,22.0,142.0
23.0,1,167.8,59.42,23.7,40.0,176.0
64.0,1,154.6,53.5,21.7,19.0,84.0
47.0,1,160.5,61.6,13.0,7.0,132.0
50.0,1,167.2,55.6,23.0,43.0,174.0
51.0,0,165.7,68.0,25.0,41.0,212.0
62.0,1,149.7,54.7,18.1,10.0,107.0
42.0,0,169.1,75.8,17.4,47.0,226.0
39.0,0,169.5,69.1,16.0,47.0,236.0
37.0,0,171.5,89.2,11.8,36.0,199.0
31.0,0,183.8,84.9,15.5,50.0,221.0
36.0,0,169.5,70.6,23.4,50.0,236.0
61.0,0,172.6,73.0,15.0,37.0,188.0
33.0,0,172.7,66.1,18.0,51.0,221.0
25.0,1,158.1,57.9,13.7,59.0,157.0
26.0,1,159.4,54.6,26.4,50.0,180.0
48.0,0,167.2,70.4,16.0,42.0,196.0
58.0,1,153.8,55.5,15.5,15.0,114.0
63.0,1,153.7,53.3,16.3,1.0,35.0
22.0,1,162.4,60.84,31.7,55.0,201.0
60.0,0,166.1,72.7,17.3,38.0,180.0
58.0,1,156.2,47.1,23.4,38.0,135.0
38.0,0,172.4,69.3,14.7,63.0,214.0
25.0,0,170.1,59.6,5.0,44.0,205.0
28.0,1,165.0,76.5,23.0,39.0,185.0
46.0,0,176.7,68.6,-0.6,26.0,225.0
62.0,0,173.3,71.38,9.0,20.0,153.0
62.0,0,167.2,67.4,21.1,42.0,187.0
23.0,0,174.0,78.1,19.1,43.0,212.0
40.0,1,168.6,61.0,29.8,26.0,192.0
23.0,0,174.4,71.5,18.1,53.0,204.0
39.0,1,164.2,60.62,7.2,34.0,143.0
28.0,1,161.1,59.3,12.9,26.0,174.0
25.0,0,162.9,60.3,9.5,38.0,195.0
23.0,0,167.7,66.6,15.7,57.0,218.0
59.0,1,160.2,61.7,20.8,9.0,114.0
32.0,1,151.6,54.0,21.3,42.0,160.0
34.0,0,180.7,84.9,15.3,57.0,255.0
40.0,1,159.1,51.9,27.9,52.0,182.0
25.0,0,177.5,69.7,14.9,47.0,216.0
64.0,1,156.0,55.1,16.4,0.0,91.0
51.0,0,170.0,71.8,8.5,48.0,197.0
24.0,0,174.1,90.7,11.1,27.0,194.0
54.0,0,177.5,83.6,9.2,30.0,155.0
39.0,0,171.2,69.9,18.2,49.0,208.0
29.0,1,161.1,73.52,20.5,30.0,178.0
21.0,1,161.7,63.3,23.7,41.0,180.0
61.0,1,154.2,57.78,16.7,10.0,78.0
55.0,1,154.7,50.6,18.8,20.0,142.0
43.0,0,173.3,64.76,20.0,48.0,238.0
34.0,0,175.0,74.0,7.2,45.0,216.0
48.0,1,157.1,63.6,21.9,0.0,130.0
22.0,1,162.3,51.0,22.9,33.0,160.0
61.0,0,169.0,72.4,23.8,37.0,187.0
23.0,0,182.5,93.8,15.0,40.0,245.0
26.0,0,173.5,68.4,15.4,71.0,243.0
32.0,0,182.3,78.72,17.4,56.0,238.0
29.0,0,175.1,76.22,17.2,53.0,222.0
60.0,0,170.3,68.9,13.0,34.0,192.0
26.0,0,179.9,71.5,17.8,61.0,239.0
32.0,0,172.3,77.6,8.9,36.0,208.0
21.0,1,154.9,75.16,20.8,31.0,140.0
29.0,1,159.0,49.6,10.5,26.0,138.0
63.0,0,168.7,67.6,21.3,35.0,184.0
41.0,0,174.0,69.1,24.4,66.0,244.0
55.0,0,174.0,70.5,18.2,32.0,199.0
38.0,1,162.7,54.0,21.8,33.0,166.0
27.0,1,162.4,59.7,31.0,44.0,189.0
26.0,0,179.0,79.2,19.8,59.0,233.0
44.0,0,168.8,77.7,12.6,47.0,212.0
26.0,1,155.3,57.1,21.0,28.0,162.0
31.0,0,171.2,74.0,5.8,54.0,193.0
62.0,0,170.5,75.8,12.4,32.0,177.0
29.0,0,183.9,83.5,21.7,46.0,222.0
31.0,1,154.5,55.2,16.0,31.0,158.0
26.0,0,175.2,85.3,20.5,57.0,266.0
42.0,1,154.2,51.6,17.5,24.0,153.0
21.0,1,167.4,63.2,27.5,43.0,181.0
63.0,1,159.3,60.9,13.4,19.0,104.0
61.0,1,154.9,56.3,25.3,30.0,137.0
50.0,0,156.7,56.1,21.2,55.0,208.0
23.0,0,172.0,65.0,-1.2,28.0,216.0
33.0,0,182.6,89.4,6.0,37.0,193.0
57.0,1,157.3,54.1,21.5,27.0,130.0
37.0,0,176.0,81.3,25.1,64.0,236.0
21.0,0,172.9,76.4,14.5,50.0,220.0
55.0,1,146.0,39.1,22.6,21.0,120.0
44.0,0,172.0,79.3,11.4,48.0,192.0
40.0,0,165.2,77.9,17.5,50.0,222.0
24.0,1,166.8,58.5,23.1,57.0,185.0
37.0,0,163.4,59.8,20.7,53.0,236.0
23.0,0,167.4,78.2,7.3,61.0,189.0
33.0,0,179.4,65.9,17.8,41.0,231.0
40.0,1,162.6,54.2,24.2,16.0,141.0
34.0,1,157.2,43.9,24.4,40.0,183.0
30.0,0,166.7,73.2,18.8,55.0,216.0
21.0,1,155.9,51.1,10.2,44.0,173.0
41.0,0,178.3,75.4,19.3,63.0,241.0
42.0,1,157.9,48.5,24.3,41.0,186.0
21.0,0,177.7,70.7,25.0,55.0,230.0
26.0,0,169.9,95.5,11.9,30.0,190.0
23.0,1,157.5,47.1,16.4,40.0,186.0
31.0,0,160.4,63.1,15.8,49.0,273.0
28.0,0,173.7,70.4,8.4,64.0,200.0
43.0,0,169.2,57.2,9.3,40.0,226.0
21.0,0,168.0,68.0,14.3,57.0,233.0
60.0,0,163.7,65.3,17.1,50.0,185.0
45.0,0,180.3,79.7,-9.5,30.0,175.0
29.0,1,155.5,67.3,14.3,23.0,130.0
22.0,1,162.2,60.4,22.6,37.0,148.0
21.0,0,178.3,73.14,21.6,53.0,224.0
28.0,0,166.1,62.7,-3.9,47.0,200.0
63.0,1,155.6,52.7,23.1,23.0,125.0
37.0,0,180.0,87.7,10.0,30.0,202.0
22.0,0,168.5,65.0,14.0,50.0,258.0
24.0,1,166.0,64.4,18.8,42.0,154.0
21.0,0,181.7,84.7,-2.7,46.0,223.0
29.0,1,157.2,47.9,19.5,40.0,157.0
23.0,0,184.1,86.9,23.7,62.0,242.0
21.0,1,167.0,61.9,14.9,56.0,177.0
22.0,0,179.7,72.2,26.0,61.0,285.0
39.0,0,170.7,108.8,12.8,35.0,199.0
26.0,0,172.8,65.3,10.4,48.0,218.0
31.0,0,179.7,81.7,18.0,47.0,211.0
23.0,1,164.5,46.4,24.9,42.0,163.0
38.0,0,173.2,94.1,3.0,44.0,170.0
22.0,0,171.4,73.9,12.9,58.0,258.0
23.0,1,159.4,56.6,20.4,45.0,167.0
21.0,1,157.2,56.0,23.8,40.0,160.0
63.0,0,164.0,65.0,-3.2,23.0,178.0
41.0,0,168.1,60.1,12.2,42.0,195.0
32.0,0,170.2,70.0,11.9,57.0,221.0
23.0,0,170.2,79.5,2.3,28.0,156.0
34.0,0,174.8,70.4,9.1,54.0,233.0
60.0,1,159.1,54.8,25.8,36.0,152.0
39.0,0,184.4,85.7,13.7,46.0,223.0
21.0,1,164.0,59.0,21.4,53.0,211.0
36.0,0,179.8,90.8,14.0,39.0,229.0
21.0,1,156.4,48.7,21.0,37.0,160.0
29.0,0,179.4,77.6,27.0,54.0,248.0
52.0,1,150.8,68.8,21.3,23.0,145.0
46.0,0,162.8,78.2,21.4,27.0,206.0
45.0,1,155.1,53.0,21.2,22.0,133.0
27.0,1,160.2,54.5,22.5,35.0,171.0
21.0,0,180.3,65.9,14.8,32.0,196.0
27.0,0,172.6,79.6,14.2,57.0,206.0
22.0,0,184.7,85.0,21.5,55.0,266.0
29.0,0,175.9,66.1,1.0,28.0,181.0
28.0,1,159.8,62.68,22.0,41.0,164.0
27.0,0,179.0,76.3,21.2,61.0,256.0
30.0,0,182.9,80.6,16.8,50.0,226.0
23.0,0,170.6,90.2,8.0,45.0,161.0
32.0,0,172.5,73.9,10.6,45.0,200.0
63.0,0,170.7,76.84,9.6,30.0,151.0
31.0,0,175.3,84.2,0.2,43.0,219.0
60.0,0,162.7,79.7,7.7,24.0,167.0
59.0,0,175.1,75.08,12.5,47.0,220.0
23.0,0,179.1,65.5,6.5,41.0,252.0
24.0,1,164.8,52.0,24.7,42.0,153.0
35.0,1,158.1,65.26,21.0,36.0,146.0
39.0,1,160.1,46.6,11.5,20.0,150.0
60.0,0,164.9,70.4,14.8,27.0,162.0
45.0,1,155.7,43.3,14.2,17.0,133.0
26.0,0,180.1,74.1,3.7,49.0,198.0
56.0,1,148.2,54.7,10.7,0.0,134.0
35.0,0,164.6,66.0,27.3,46.0,198.0
25.0,1,166.6,51.98,12.5,34.0,166.0
41.0,0,163.2,61.9,10.0,42.0,198.0
22.0,1,169.3,62.3,16.4,35.0,160.0
41.0,0,168.7,70.0,18.4,47.0,207.0
24.0,1,153.8,51.3,19.7,41.0,161.0
23.0,1,161.8,58.7,10.3,44.0,126.0
38.0,0,178.7,73.3,19.2,47.0,219.0
33.0,0,187.7,86.2,30.2,50.0,211.0
56.0,1,151.9,48.0,20.8,19.0,160.0
30.0,0,176.4,71.7,24.3,56.0,210.0
27.0,0,175.8,69.1,21.6,64.0,249.0
62.0,0,168.4,71.6,17.1,45.0,213.0
63.0,1,153.1,56.3,7.5,2.0,70.0
49.0,1,158.3,55.3,20.0,36.0,154.0
25.0,0,178.2,77.9,12.1,51.0,228.0
56.0,1,158.6,52.9,26.9,33.0,91.0
59.0,1,157.0,50.7,18.9,20.0,155.0
40.0,0,174.4,70.2,15.2,44.0,215.0
31.0,0,175.3,96.0,18.6,50.0,226.0
25.0,0,181.2,70.1,13.4,40.0,220.0
38.0,1,164.3,57.0,23.0,31.0,202.0
48.0,0,173.7,82.9,3.4,30.0,170.0
29.0,0,161.9,57.6,9.8,38.0,195.0
21.0,0,168.7,61.2,30.8,48.0,295.0
39.0,0,178.7,65.1,15.7,39.0,208.0
52.0,0,167.9,69.7,18.0,60.0,206.0
64.0,1,157.4,52.3,22.4,31.0,143.0
62.0,0,168.1,73.9,22.0,43.0,194.0
55.0,0,169.6,71.8,16.0,26.0,210.0
24.0,0,181.3,70.8,17.9,57.0,246.0
23.0,1,165.3,82.3,14.3,2.0,138.0
21.0,0,177.7,63.4,13.5,53.0,230.0
63.0,0,170.6,74.7,14.2,31.0,175.0
37.0,0,174.3,78.4,11.9,45.0,236.0
24.0,0,185.9,73.0,9.8,36.0,218.0
30.0,1,164.6,57.9,25.0,36.0,158.0
59.0,0,163.7,66.4,16.6,30.0,166.0
59.0,0,176.9,80.8,13.2,38.0,194.0
23.0,0,176.9,71.8,8.0,40.0,204.0
27.0,0,171.4,67.3,15.5,51.0,214.0
42.0,0,170.5,65.4,19.7,30.0,214.0
34.0,0,183.6,76.82,14.2,55.0,220.0
43.0,1,171.4,65.6,23.2,26.0,147.0
24.0,1,152.4,42.5,14.2,50.0,184.0
21.0,1,165.0,53.4,24.8,25.0,136.0
63.0,0,164.0,67.0,3.9,37.0,137.0
39.0,0,170.5,77.2,13.5,46.0,222.0
62.0,0,175.1,63.4,16.2,30.0,181.0
21.0,0,177.5,71.4,6.0,61.0,275.0
29.0,0,169.1,71.3,5.8,42.0,217.0
24.0,0,163.7,57.6,14.5,42.0,182.0
23.0,0,179.0,87.4,12.4,50.0,211.0
29.0,0,163.0,80.6,9.6,39.0,212.0
29.0,0,178.2,83.1,15.0,57.0,188.0
22.0,0,175.8,66.6,2.9,52.0,240.0
46.0,0,168.5,65.6,21.4,35.0,220.0
61.0,1,161.1,64.4,20.1,26.0,148.0
30.0,0,181.0,91.6,15.4,48.0,227.0
63.0,0,163.0,60.9,9.9,28.0,195.0
47.0,1,161.7,56.6,22.0,43.0,170.0
42.0,1,165.4,65.9,26.2,50.0,184.0
60.0,0,167.4,63.2,11.9,31.0,185.0
27.0,0,175.5,85.0,7.0,45.0,212.0
56.0,1,157.1,51.4,11.1,29.0,120.0
38.0,0,170.7,65.8,14.3,44.0,242.0
41.0,0,181.1,93.3,-9.9,20.0,167.0
64.0,0,169.0,54.6,16.6,24.0,159.0
28.0,0,172.2,71.9,10.9,46.0,211.0
30.0,0,167.9,74.5,22.5,50.0,224.0
43.0,0,168.8,75.7,20.1,57.0,212.0
60.0,0,172.6,65.2,22.3,42.0,162.0
21.0,1,167.5,50.98,20.2,40.0,168.0
23.0,0,167.7,68.72,16.1,51.0,247.0
24.0,1,158.4,54.34,15.6,37.0,169.0
50.0,1,159.3,60.4,21.4,21.0,142.0
22.0,1,169.1,62.6,17.0,17.0,175.0
35.0,0,178.4,79.0,14.7,68.0,260.0
38.0,0,164.2,61.0,10.0,38.0,233.0
64.0,0,172.7,81.3,22.2,36.0,177.0
56.0,0,172.3,71.7,21.0,42.0,201.0
58.0,0,166.3,73.6,8.6,36.0,183.0
22.0,1,163.8,54.2,19.4,41.0,155.0
25.0,0,178.5,94.1,11.7,40.0,221.0
26.0,0,178.0,67.4,20.9,58.0,229.0
25.0,0,174.2,63.0,15.1,52.0,219.0
42.0,1,159.2,57.9,18.0,24.0,45.0
23.0,1,161.0,58.9,19.1,43.0,203.0
26.0,0,169.4,69.7,11.3,29.0,222.0
33.0,0,180.3,83.3,16.3,52.0,239.0
21.0,0,172.5,64.2,9.2,59.0,231.0
31.0,0,177.3,86.4,20.8,63.0,248.0
27.0,0,181.5,98.28,11.3,51.0,217.0
23.0,0,184.5,70.5,10.9,37.0,181.0
64.0,0,176.1,72.7,9.3,39.0,186.0
46.0,0,170.9,76.6,11.2,26.0,184.0
37.0,0,181.3,81.3,31.4,53.0,273.0
35.0,0,179.9,79.3,26.0,51.0,238.0
24.0,0,164.9,78.3,7.9,19.0,171.0
30.0,0,193.8,93.4,11.0,54.0,230.0
28.0,0,179.4,67.4,8.6,48.0,219.0
43.0,0,169.5,67.9,16.4,35.0,226.0
28.0,1,165.5,69.6,21.9,46.0,159.0
25.0,1,173.8,61.9,24.0,41.0,163.0
47.0,1,152.8,53.6,20.4,25.0,147.0
26.0,0,162.6,81.1,10.7,53.0,194.0
47.0,1,159.1,50.6,20.0,21.0,130.0
35.0,0,175.4,73.9,15.0,41.0,223.0
24.0,0,172.5,65.4,21.3,57.0,200.0
21.0,0,172.2,68.0,12.8,49.0,218.0
23.0,0,176.0,66.6,14.5,51.0,253.0
27.0,1,168.9,59.2,24.7,43.0,188.0
61.0,0,166.9,69.3,17.9,39.0,222.0
44.0,1,164.3,53.9,14.3,23.0,133.0
21.0,0,171.5,65.5,24.0,56.0,250.0
53.0,0,177.3,88.48,6.4,18.0,183.0
29.0,0,179.9,87.3,-5.0,24.0,225.0
31.0,0,185.3,93.14,14.5,51.0,230.0
49.0,0,166.2,63.2,16.9,44.0,207.0
39.0,0,168.1,63.6,4.1,46.0,195.0
51.0,0,161.2,56.3,7.2,20.0,183.0
43.0,1,162.7,51.1,17.1,20.0,136.0
23.0,1,169.1,68.5,21.1,47.0,181.0
29.0,1,161.6,56.1,13.3,40.0,181.0
31.0,0,169.2,74.6,18.9,60.0,250.0
42.0,0,180.0,81.4,15.8,24.0,211.0
57.0,1,153.0,57.6,20.4,35.0,139.0
27.0,0,164.0,59.0,18.4,62.0,244.0
36.0,1,164.5,50.8,15.5,43.0,168.0
38.0,1,162.1,64.1,17.8,41.0,210.0
33.0,1,163.7,49.1,13.9,38.0,191.0
51.0,0,169.3,73.2,15.2,36.0,204.0
56.0,0,184.6,90.5,-18.0,20.0,211.0
22.0,0,176.8,92.0,12.6,43.0,232.0
42.0,0,166.8,66.5,16.0,39.0,232.0
31.0,0,170.0,70.6,16.0,48.0,220.0
45.0,0,166.9,68.2,16.0,50.0,198.0
24.0,0,180.9,77.6,20.7,50.0,219.0
37.0,0,173.6,78.2,16.7,53.0,223.0
21.0,0,169.9,70.6,19.2,60.0,246.0
41.0,1,159.6,53.5,14.5,45.0,151.0
57.0,0,171.6,82.0,9.2,33.0,224.0
60.0,0,168.2,66.9,22.6,31.0,194.0
37.0,0,178.6,85.8,11.2,43.0,232.0
63.0,1,157.8,57.1,14.7,20.0,154.0
28.0,0,185.1,83.0,13.8,45.0,214.0
21.0,0,173.3,61.7,6.4,53.0,203.0
48.0,1,153.8,53.7,5.3,28.0,143.0
24.0,0,177.7,84.5,11.0,44.0,241.0
22.0,0,182.5,80.04,13.0,37.0,230.0
62.0,1,159.6,59.3,22.6,21.0,131.0
25.0,1,164.4,55.5,23.5,50.0,165.0
24.0,1,166.9,54.3,19.9,42.0,190.0
21.0,0,173.1,67.36,10.0,44.0,176.0
27.0,0,176.1,75.4,19.2,61.0,236.0
61.0,0,174.6,70.0,17.9,48.0,211.0
59.0,0,166.9,73.8,15.5,39.0,215.0
21.0,0,180.9,77.7,9.1,43.0,215.0
50.0,0,178.5,89.4,9.9,35.0,209.0
29.0,1,161.4,61.8,18.7,41.0,168.0
34.0,1,167.5,65.8,20.5,50.0,174.0
39.0,0,170.8,82.5,-3.5,32.0,182.0
30.0,1,165.4,57.7,25.9,45.0,188.0
27.0,0,181.2,73.8,18.2,49.0,228.0
33.0,1,163.3,60.2,10.2,25.0,165.0
38.0,1,154.2,46.3,16.5,32.0,120.0
42.0,1,158.1,51.0,20.3,30.0,121.0
21.0,0,168.7,80.3,18.8,48.0,244.0
24.0,0,175.1,75.5,0.3,44.0,212.0
31.0,1,171.0,58.8,10.3,39.0,170.0
24.0,1,163.3,51.3,21.6,35.0,161.0
45.0,1,161.8,56.9,17.5,38.0,135.0
45.0,1,161.3,55.0,3.0,24.0,136.0
21.0,0,176.0,61.2,0.4,60.0,83.0
47.0,1,164.6,60.4,15.4,21.0,150.0
29.0,0,163.3,68.8,21.0,58.0,212.0
57.0,0,170.6,64.52,10.1,42.0,181.0
36.0,1,158.7,60.9,27.9,27.0,154.0
32.0,0,170.3,93.5,10.6,38.0,189.0
57.0,0,171.8,75.3,13.8,35.0,197.0
21.0,1,161.7,55.0,21.6,48.0,190.0
21.0,0,181.2,70.0,15.8,57.0,217.0
43.0,1,166.4,59.2,-1.0,22.0,130.0
29.0,0,175.0,73.6,14.9,39.0,246.0
56.0,0,166.7,64.9,14.1,33.0,166.0
21.0,1,165.5,64.9,26.5,57.0,197.0
22.0,1,170.2,56.0,31.3,46.0,202.0
43.0,1,148.2,50.2,23.4,59.0,147.0
61.0,1,156.0,55.4,24.4,27.0,116.0
58.0,1,157.9,57.4,23.1,16.0,135.0
62.0,0,165.9,69.9,6.2,22.0,148.0
25.0,0,181.0,79.88,13.8,38.0,194.0
21.0,0,171.5,80.0,8.9,44.0,243.0
32.0,0,168.5,73.6,7.6,56.0,200.0
50.0,0,177.8,69.9,10.3,37.0,205.0
53.0,1,154.0,48.4,7.9,22.0,126.0
46.0,0,174.0,69.9,7.9,44.0,206.0
28.0,0,168.5,76.9,24.0,59.0,235.0
49.0,0,166.5,61.4,8.5,51.0,194.0
62.0,0,164.6,49.3,15.2,21.0,157.0
41.0,1,156.3,52.7,26.8,40.0,149.0
60.0,0,171.8,73.0,14.9,40.0,191.0
24.0,0,170.6,78.6,18.3,59.0,237.0
22.0,0,174.3,85.0,16.6,40.0,240.0
22.0,0,174.0,60.4,20.5,51.0,247.0
52.0,0,167.9,73.8,21.4,31.0,210.0
28.0,0,182.4,97.3,1.9,41.0,204.0
21.0,1,162.2,55.3,24.2,46.0,207.0
24.0,1,169.0,61.3,20.6,49.0,183.0
28.0,0,174.2,62.64,7.3,44.0,225.0
40.0,0,169.4,68.8,23.5,51.0,232.0
55.0,0,170.6,75.4,11.2,17.0,157.0
27.0,0,182.7,90.5,17.4,55.0,227.0
24.0,1,158.0,46.1,21.4,32.0,149.0
44.0,0,176.1,74.4,16.9,47.0,225.0
51.0,1,165.1,61.7,15.0,20.0,157.0
63.0,1,158.3,54.76,19.4,23.0,142.0
39.0,1,164.9,52.3,12.7,32.0,185.0
21.0,1,160.6,59.0,24.4,45.0,210.0
21.0,0,169.9,65.44,-1.6,45.0,183.0
43.0,1,163.3,70.1,26.0,22.0,154.0
38.0,1,160.7,52.7,23.6,45.0,186.0
30.0,0,186.0,76.0,22.9,54.0,241.0
33.0,1,153.2,49.0,-0.4,1.0,144.0
30.0,0,173.9,64.92,14.8,42.0,204.0
36.0,0,169.3,57.9,11.9,53.0,238.0
55.0,0,167.4,69.2,14.9,39.0,209.0
23.0,1,157.5,50.8,21.7,42.0,185.0
26.0,0,168.8,63.7,16.8,49.0,222.0
30.0,0,171.2,69.3,11.0,51.0,185.0
42.0,0,169.1,69.0,18.2,34.0,206.0
61.0,1,158.0,65.02,21.4,19.0,118.0
47.0,1,162.0,61.6,-2.3,12.0,140.0
27.0,0,182.1,80.8,8.0,49.0,223.0
36.0,0,173.0,73.44,23.0,54.0,232.0
60.0,1,152.6,52.8,20.4,10.0,123.0
36.0,0,177.3,92.4,23.3,53.0,226.0
26.0,1,155.5,54.66,27.8,37.0,169.0
64.0,0,170.4,66.0,12.0,25.0,164.0
22.0,0,179.1,62.7,11.3,55.0,230.0
39.0,0,173.0,73.2,14.9,60.0,219.0
23.0,1,178.4,75.5,12.6,51.0,183.0
24.0,0,170.9,63.1,8.4,42.0,229.0
28.0,1,159.1,49.1,11.3,41.0,135.0
33.0,0,174.9,71.0,18.3,64.0,232.0
22.0,0,169.3,67.0,10.8,58.0,191.0
28.0,0,168.6,59.1,16.1,62.0,187.0
22.0,0,180.2,68.4,7.3,62.0,284.0
46.0,0,167.2,68.8,11.0,43.0,213.0
58.0,0,171.4,69.9,10.9,25.0,165.0
52.0,1,153.8,61.7,19.4,24.0,143.0
55.0,1,153.4,63.2,2.6,6.0,117.0
43.0,1,153.2,51.7,15.6,31.0,160.0
33.0,0,172.6,79.3,16.1,51.0,200.0
27.0,0,174.4,71.8,30.7,59.0,259.0
41.0,0,179.3,73.4,17.3,47.0,246.0
26.0,0,174.9,86.2,7.6,42.0,191.0
46.0,1,165.5,58.0,27.6,54.0,181.0
29.0,0,177.2,68.0,14.0,59.0,233.0
22.0,0,183.5,76.9,22.8,56.0,253.0
21.0,0,177.5,74.2,11.4,64.0,233.0
21.0,0,177.3,67.0,3.4,26.0,219.0
28.0,0,175.8,97.4,5.3,35.0,210.0
29.0,0,180.4,79.1,7.2,47.0,234.0
34.0,1,159.9,50.2,17.0,35.0,150.0
32.0,0,162.0,73.8,14.9,34.0,189.0
60.0,1,143.4,52.2,21.8,22.0,71.0
30.0,0,175.4,82.8,22.5,58.0,259.0
23.0,0,174.1,82.62,21.2,50.0,232.0
39.0,1,163.2,57.2,14.7,11.0,124.0
34.0,0,169.0,72.7,20.7,49.0,233.0
54.0,1,154.0,54.5,12.5,13.0,120.0
49.0,0,172.1,80.6,15.7,51.0,233.0
24.0,1,162.4,44.26,13.0,48.0,166.0
32.0,0,163.5,70.4,15.7,46.0,196.0
22.0,0,181.5,80.4,18.9,58.0,245.0
21.0,0,171.3,83.9,-7.3,45.0,161.0
60.0,0,169.8,66.6,15.2,38.0,220.0
21.0,0,175.4,72.4,12.0,47.0,169.0
26.0,1,170.4,66.8,16.2,48.0,153.0
46.0,0,171.7,60.8,16.4,53.0,194.0
40.0,0,169.5,75.6,19.1,28.0,209.0
29.0,0,174.3,74.4,15.7,41.0,232.0
40.0,0,179.7,81.2,12.7,32.0,247.0
22.0,1,164.7,63.7,16.0,56.0,200.0
51.0,1,156.4,63.0,15.4,25.0,144.0
21.0,1,159.5,51.3,2.1,5.0,105.0
34.0,0,171.1,66.3,17.9,55.0,245.0
29.0,0,166.8,67.2,23.5,63.0,223.0
58.0,0,172.5,62.3,11.7,45.0,184.0
63.0,1,147.3,52.1,15.6,3.0,116.0
21.0,0,176.9,60.7,7.3,47.0,233.0
35.0,0,172.3,72.3,19.1,47.0,215.0
60.0,0,181.2,78.5,15.3,35.0,197.0
62.0,0,167.3,57.0,17.4,32.0,167.0
53.0,0,176.6,86.1,10.9,60.0,192.0
26.0,0,163.1,64.8,14.8,42.0,182.0
21.0,0,177.6,85.8,20.8,43.0,248.0
48.0,1,158.4,52.3,18.7,14.0,162.0
27.0,0,169.2,64.5,17.4,49.0,241.0
27.0,1,167.8,63.6,17.4,45.0,161.0
44.0,0,167.0,69.0,12.2,25.0,191.0
46.0,0,165.8,65.0,11.1,45.0,185.0
28.0,1,161.7,54.5,18.5,34.0,159.0
21.0,0,178.9,75.5,15.4,55.0,213.0
55.0,1,150.3,60.7,19.7,20.0,145.0
21.0,0,169.7,62.7,24.2,49.0,227.0
28.0,1,169.3,68.1,24.8,33.0,175.0
27.0,1,166.1,63.1,20.9,43.0,154.0
60.0,1,156.9,73.2,7.6,0.0,68.0
42.0,0,172.1,65.74,3.7,26.0,214.0
23.0,0,177.1,74.2,23.4,57.0,213.0
37.0,0,180.8,73.3,-0.4,47.0,230.0
59.0,1,150.9,55.8,19.2,7.0,117.0
36.0,0,169.4,66.5,10.4,46.0,182.0
30.0,0,175.0,70.3,27.0,64.0,250.0
63.0,1,150.2,51.9,18.8,19.0,123.0
24.0,1,159.2,55.9,26.4,48.0,188.0
39.0,1,170.9,71.5,5.1,13.0,159.0
22.0,0,169.0,78.9,14.4,52.0,215.0
23.0,1,163.1,69.0,15.3,51.0,260.0
33.0,0,172.5,70.9,10.1,49.0,215.0
37.0,0,176.6,93.0,10.0,27.0,196.0
41.0,1,163.6,56.1,9.8,29.0,143.0
21.0,0,174.7,71.7,17.2,60.0,234.0
21.0,1,155.9,45.6,14.6,27.0,135.0
26.0,1,154.9,58.92,19.6,43.0,133.0
48.0,0,174.2,87.0,10.8,26.0,215.0
50.0,0,167.2,67.3,21.2,39.0,210.0
24.0,0,170.9,68.3,4.3,33.0,173.0
60.0,0,170.5,72.1,17.6,33.0,208.0
64.0,1,149.0,47.6,20.4,24.0,127.0
45.0,0,170.5,72.3,-5.1,22.0,177.0
26.0,0,171.3,78.0,20.0,41.0,227.0
61.0,1,166.1,57.6,20.3,12.0,117.0
64.0,0,165.1,63.2,7.4,26.0,161.0
24.0,0,169.6,67.2,2.4,32.0,207.0
54.0,1,162.9,63.9,11.5,29.0,90.0
38.0,0,175.6,75.4,7.9,48.0,198.0
39.0,0,167.5,72.8,8.6,46.0,205.0
62.0,0,162.0,73.1,6.1,15.0,113.0
28.0,0,170.0,74.0,6.0,50.0,193.0
33.0,1,166.2,57.4,30.2,40.0,158.0
59.0,0,161.1,68.6,17.5,30.0,174.0
29.0,0,181.6,83.9,20.2,55.0,238.0
28.0,0,171.3,59.6,7.4,49.0,190.0
22.0,1,154.8,49.9,13.0,30.0,181.0
61.0,0,171.7,71.4,13.9,24.0,174.0
26.0,0,165.7,62.5,18.7,56.0,206.0
49.0,1,160.8,57.0,2.6,12.0,134.0
23.0,1,165.6,58.6,13.7,24.0,156.0
62.0,1,160.3,62.9,24.4,21.0,123.0
45.0,1,162.0,51.4,27.0,35.0,135.0
57.0,1,151.0,46.1,22.2,21.0,137.0
32.0,1,171.0,79.6,30.1,45.0,205.0
64.0,1,157.8,61.4,19.6,25.0,157.0
25.0,0,165.8,72.3,6.8,48.0,206.0
26.0,0,176.7,74.88,15.2,52.0,231.0
37.0,0,178.2,70.0,19.1,45.0,219.0
31.0,0,180.5,78.5,15.0,49.0,168.0
37.0,1,162.8,53.0,22.8,51.0,193.0
30.0,0,171.2,69.3,-2.7,38.0,160.0
24.0,0,174.8,72.4,17.5,52.0,259.0
31.0,0,166.7,81.0,2.1,30.0,233.0
24.0,1,168.1,55.1,22.5,28.0,157.0
28.0,1,171.9,61.2,19.5,40.0,191.0
27.0,0,179.0,72.52,15.9,53.0,252.0
27.0,0,169.5,56.52,-0.3,38.0,202.0
22.0,1,165.8,55.4,8.7,31.0,152.0
33.0,0,162.3,70.2,14.2,44.0,210.0
24.0,0,171.1,68.1,15.1,53.0,232.0
38.0,0,177.4,72.1,21.5,46.0,265.0
64.0,0,165.5,77.9,16.1,27.0,95.0
27.0,1,166.1,58.2,28.6,40.0,187.0
25.0,1,154.3,55.7,29.7,43.0,175.0
25.0,0,169.9,84.06,-8.2,24.0,166.0
44.0,0,177.2,70.6,18.3,52.0,233.0
22.0,0,176.8,87.6,13.6,50.0,260.0
39.0,0,175.0,78.2,14.1,47.0,238.0
35.0,0,178.3,78.3,5.0,38.0,215.0
36.0,1,154.0,56.7,14.3,25.0,150.0
29.0,0,179.6,87.8,17.6,45.0,220.0
29.0,1,163.0,54.7,32.9,66.0,207.0
55.0,0,178.0,65.9,13.0,30.0,186.0
24.0,0,182.4,74.1,11.3,53.0,249.0
50.0,1,162.9,66.3,20.9,32.0,155.0
60.0,0,167.9,65.6,13.5,49.0,187.0
23.0,1,167.5,57.0,10.8,30.0,146.0
52.0,1,161.3,56.0,14.9,21.0,131.0
44.0,0,165.4,59.7,12.2,48.0,225.0
27.0,1,169.6,56.2,20.5,40.0,168.0
50.0,1,167.0,57.0,28.6,17.0,175.0
57.0,0,166.3,67.5,15.0,51.0,177.0
57.0,0,159.1,60.8,16.2,42.0,199.0
26.0,0,174.2,64.5,10.6,51.0,203.0
24.0,1,167.0,73.1,28.2,47.0,170.0
45.0,1,158.6,62.4,22.5,19.0,117.0
28.0,0,175.6,72.6,28.8,56.0,251.0
36.0,0,178.1,79.1,18.5,53.0,245.0
24.0,1,169.0,55.6,26.9,36.0,169.0
21.0,1,162.6,60.8,17.1,34.0,150.0
58.0,1,154.9,58.66,25.2,0.0,86.0
21.0,0,174.6,65.0,15.9,57.0,227.0
33.0,1,161.7,57.6,19.4,56.0,173.0
21.0,0,179.8,80.3,2.8,46.0,207.0
40.0,0,176.7,73.0,6.2,35.0,222.0
23.0,1,165.8,51.4,27.8,46.0,179.0
21.0,0,168.4,67.5,13.2,48.0,166.0
21.0,1,160.3,48.7,18.8,32.0,175.0
23.0,0,165.8,68.9,14.2,45.0,203.0
60.0,0,166.6,68.1,19.9,38.0,170.0
58.0,1,158.9,55.2,21.5,0.0,100.0
45.0,0,175.0,81.7,21.6,54.0,249.0
25.0,1,161.9,49.5,13.3,43.0,168.0
40.0,0,173.8,80.6,18.3,33.0,208.0
24.0,1,163.7,61.0,7.9,0.0,113.0
26.0,1,172.9,65.4,29.2,50.0,188.0
55.0,1,157.9,50.8,24.8,30.0,125.0
37.0,0,170.8,64.66,14.9,53.0,221.0
32.0,0,170.7,68.6,20.9,46.0,226.0
53.0,1,157.3,56.2,26.3,26.0,150.0
31.0,1,168.9,64.6,29.3,34.0,200.0
49.0,0,164.5,67.44,14.6,30.0,179.0
31.0,0,177.2,75.12,21.1,60.0,227.0
50.0,0,167.0,64.8,15.9,20.0,186.0
23.0,0,175.3,69.3,7.1,49.0,219.0
27.0,1,170.8,67.2,2.2,53.0,168.0
26.0,0,179.9,83.4,-5.3,60.0,233.0
46.0,0,170.1,55.8,17.5,57.0,208.0
45.0,1,162.1,55.0,14.6,25.0,146.0
22.0,0,178.6,78.1,29.1,65.0,251.0
31.0,0,165.6,60.8,13.6,52.0,229.0
42.0,0,176.8,76.7,-3.4,26.0,174.0
21.0,0,178.1,67.9,10.1,46.0,240.0
24.0,0,179.3,73.4,13.0,53.0,230.0
27.0,0,172.8,70.2,23.8,52.0,222.0
24.0,1,156.0,44.5,24.7,25.0,142.0
25.0,0,184.0,75.7,21.8,58.0,230.0
30.0,0,181.1,64.7,9.7,56.0,235.0
41.0,0,171.0,74.0,15.9,54.0,223.0
56.0,0,173.6,77.4,8.2,30.0,206.0
62.0,1,155.1,55.6,18.5,25.0,126.0
25.0,0,172.1,71.8,17.4,47.0,198.0
30.0,0,181.5,74.34,11.5,50.0,226.0
27.0,0,181.0,83.18,-0.1,22.0,220.0
50.0,0,170.9,90.0,15.2,39.0,213.0
22.0,0,174.2,85.9,14.2,35.0,222.0
36.0,0,165.8,64.3,21.6,53.0,220.0
42.0,0,172.1,69.1,18.7,55.0,213.0
29.0,1,158.7,47.2,19.9,37.0,171.0
24.0,0,177.7,100.5,11.0,46.0,218.0
30.0,0,178.5,70.1,15.4,52.0,245.0
57.0,1,159.8,63.7,-10.0,17.0,90.0
61.0,1,147.4,51.3,19.6,14.0,123.0
37.0,0,170.0,74.0,14.9,48.0,190.0
24.0,0,177.8,81.64,7.0,44.0,244.0
26.0,0,173.2,85.2,10.6,45.0,212.0
28.0,0,171.6,62.2,11.4,39.0,235.0
40.0,0,173.0,68.5,18.4,38.0,229.0
31.0,0,179.0,75.3,21.5,55.0,235.0
51.0,0,169.0,69.0,12.8,27.0,224.0
62.0,0,169.8,68.78,4.2,35.0,188.0
23.0,0,169.6,65.1,19.6,56.0,230.0
21.0,0,183.0,80.1,21.0,52.0,238.0
27.0,1,157.0,49.1,19.7,51.0,167.0
47.0,0,167.3,64.3,9.7,42.0,195.0
39.0,0,167.4,89.3,14.8,49.0,218.0
33.0,0,179.0,74.4,12.3,49.0,218.0
52.0,0,172.6,76.4,16.3,40.0,184.0
46.0,0,175.3,67.5,17.0,38.0,203.0
35.0,0,191.6,125.7,9.2,52.0,228.0
23.0,1,167.7,60.7,18.8,39.0,155.0
38.0,1,169.8,58.8,19.0,26.0,128.0
57.0,0,163.2,61.2,9.5,31.0,173.0
32.0,0,183.0,90.7,20.8,47.0,217.0
27.0,0,187.1,101.7,27.4,39.0,187.0
41.0,0,167.5,73.5,3.1,39.0,165.0
63.0,0,178.3,100.6,8.9,3.0,135.0
60.0,0,171.3,65.3,11.5,34.0,164.0
62.0,1,158.7,56.0,26.0,18.0,145.0
64.0,1,155.9,60.1,23.0,17.0,114.0
60.0,1,154.6,73.5,9.8,11.0,98.0
48.0,0,167.2,68.5,7.0,31.0,195.0
43.0,0,169.6,79.1,15.6,51.0,193.0
63.0,0,175.8,86.7,0.1,22.0,150.0
51.0,0,176.6,91.2,1.5,29.0,155.0
36.0,0,168.3,64.5,20.5,47.0,226.0
60.0,0,166.7,61.9,19.7,33.0,178.0
41.0,1,160.0,50.0,22.6,38.0,178.0
21.0,1,161.8,62.28,34.5,49.0,171.0
22.0,1,162.5,53.8,24.6,44.0,201.0
24.0,1,177.4,62.7,21.5,49.0,213.0
31.0,0,172.6,88.4,21.5,51.0,234.0
30.0,1,161.6,48.3,29.0,32.0,177.0
21.0,1,167.3,63.5,29.9,48.0,183.0
26.0,0,179.0,79.4,16.6,56.0,199.0
21.0,1,166.4,67.6,27.1,40.0,180.0
21.0,0,174.6,80.5,21.6,57.0,242.0
28.0,0,177.6,72.5,4.3,39.0,221.0
22.0,0,179.4,78.6,18.2,56.0,245.0
61.0,1,156.3,58.3,26.6,23.0,132.0
21.0,0,160.9,63.5,-8.9,35.0,183.0
32.0,1,160.4,58.7,21.4,42.0,158.0
36.0,0,174.6,85.1,-2.4,45.0,208.0
59.0,1,152.9,55.2,15.3,15.0,146.0
24.0,0,168.0,74.8,23.2,62.0,249.0
26.0,0,175.4,78.8,21.2,69.0,233.0
25.0,0,178.9,71.4,16.0,51.0,243.0
29.0,1,161.8,63.2,26.8,56.0,224.0
29.0,0,171.2,70.36,17.4,53.0,214.0
62.0,1,152.4,38.1,21.7,21.0,121.0
60.0,0,173.0,71.3,2.7,33.0,149.0
27.0,1,166.0,62.3,24.6,40.0,165.0
25.0,0,175.3,63.4,11.0,48.0,220.0
33.0,1,165.3,91.6,9.4,19.0,121.0
28.0,0,177.4,74.44,19.1,52.0,235.0
21.0,1,148.0,43.7,28.9,55.0,185.0
33.0,0,169.2,63.8,30.0,60.0,241.0
29.0,0,180.1,72.4,15.2,52.0,223.0
28.0,0,187.0,98.54,15.2,54.0,184.0
34.0,0,181.1,70.5,12.7,40.0,217.0
21.0,1,158.5,61.6,13.0,23.0,124.0
26.0,1,162.1,56.9,24.2,37.0,147.0
39.0,1,162.5,51.9,8.4,16.0,164.0
28.0,0,166.1,71.0,-6.0,33.0,167.0
42.0,0,172.5,76.3,12.7,48.0,221.0
25.0,0,171.9,71.4,5.8,43.0,208.0
30.0,0,182.3,93.6,20.6,71.0,220.0
48.0,1,154.5,50.7,12.4,20.0,138.0
54.0,0,169.7,64.5,20.0,15.0,187.0
31.0,1,161.0,56.5,16.8,26.0,156.0
22.0,0,177.9,81.2,11.5,48.0,249.0
30.0,0,176.3,85.4,17.0,24.0,210.0
51.0,1,156.9,53.8,18.5,34.0,166.0
21.0,1,161.4,57.5,2.5,18.0,153.0
62.0,0,171.9,70.2,19.4,30.0,196.0
59.0,1,159.0,62.3,20.2,23.0,150.0
58.0,1,146.2,51.7,15.4,13.0,110.0
60.0,0,172.5,73.9,13.5,36.0,189.0
22.0,1,157.1,52.1,22.8,47.0,174.0
24.0,1,160.9,50.5,27.3,30.0,133.0
21.0,0,180.6,71.6,21.4,67.0,268.0
25.0,0,170.9,58.4,1.6,37.0,223.0
49.0,1,162.5,52.7,16.4,24.0,138.0
60.0,0,164.2,66.0,15.7,35.0,184.0
26.0,0,170.0,74.5,13.5,56.0,194.0
21.0,0,175.0,78.5,3.8,45.0,217.0
48.0,0,172.6,71.2,13.2,40.0,215.0
28.0,0,184.5,91.6,26.0,58.0,241.0
29.0,0,167.9,70.7,16.2,53.0,181.0
64.0,1,156.7,56.4,19.8,19.0,132.0
23.0,1,163.7,58.0,22.1,43.0,182.0
62.0,0,164.8,78.8,10.0,28.0,169.0
29.0,1,156.8,54.2,23.7,55.0,162.0
25.0,0,175.1,68.2,6.7,46.0,203.0
27.0,0,177.6,79.7,1.8,59.0,219.0
32.0,0,177.8,72.5,17.7,55.0,239.0
62.0,1,161.2,58.1,12.0,7.0,108.0
25.0,0,177.2,75.4,22.8,59.0,276.0
35.0,0,163.0,78.6,17.4,60.0,258.0
59.0,0,171.8,82.0,-13.6,23.0,175.0
28.0,0,167.2,64.5,13.4,51.0,232.0
32.0,0,166.5,67.8,11.4,46.0,197.0
53.0,0,169.3,76.7,14.3,41.0,211.0
45.0,0,174.5,68.1,17.9,46.0,209.0
53.0,0,171.6,61.2,20.8,44.0,211.0
30.0,0,168.6,80.3,25.1,62.0,265.0
58.0,0,165.2,67.6,-7.6,23.0,164.0
27.0,0,166.4,67.7,16.6,50.0,211.0
64.0,0,169.0,69.8,9.2,31.0,169.0
22.0,0,177.4,84.5,14.3,53.0,255.0
21.0,0,172.1,77.3,20.6,52.0,220.0
48.0,0,177.5,78.5,-0.5,60.0,212.0
42.0,0,169.2,65.4,16.0,68.0,211.0
33.0,0,176.1,82.0,5.3,35.0,222.0
23.0,1,168.7,62.14,21.1,30.0,161.0
24.0,0,178.0,63.4,5.6,43.0,254.0
22.0,0,166.0,76.1,17.8,61.0,226.0
59.0,0,161.5,53.9,13.1,34.0,181.0
52.0,1,161.5,54.2,24.6,37.0,175.0
26.0,1,168.7,59.1,29.8,39.0,191.0
30.0,0,166.0,61.5,23.4,60.0,227.0
27.0,0,158.9,68.3,18.9,56.0,209.0
28.0,1,162.5,64.3,18.7,43.0,164.0
46.0,0,168.4,75.0,16.4,41.0,195.0
25.0,0,171.5,73.18,12.9,47.0,228.0
32.0,0,178.5,74.6,7.2,56.0,193.0
24.0,0,174.5,79.94,20.2,62.0,268.0
29.0,0,170.2,70.14,-0.4,54.0,230.0
26.0,0,172.0,76.7,-25.0,22.0,197.0
58.0,0,166.7,73.5,19.7,42.0,190.0
26.0,0,177.8,71.0,-6.0,35.0,190.0
58.0,1,150.0,55.7,17.5,18.0,120.0
30.0,0,166.8,70.3,19.2,60.0,234.0
41.0,0,165.7,61.0,-2.7,28.0,158.0
31.0,0,171.3,61.4,2.3,44.0,184.0
37.0,1,163.5,52.7,-8.2,31.0,135.0
63.0,0,163.9,57.6,15.9,33.0,182.0
22.0,0,179.6,66.3,16.8,61.0,233.0
22.0,0,189.4,98.3,4.5,55.0,224.0
54.0,1,155.9,62.7,10.0,12.0,100.0
57.0,0,168.5,53.3,10.3,25.0,162.0
25.0,0,172.2,65.1,17.2,30.0,203.0
24.0,1,155.0,49.7,18.0,36.0,155.0
22.0,1,166.6,77.0,22.2,46.0,173.0
24.0,0,168.3,69.4,13.7,52.0,211.0
36.0,1,162.5,57.8,19.5,43.0,183.0
58.0,0,175.0,73.8,9.5,33.0,197.0
31.0,0,168.0,64.1,13.9,35.0,225.0
25.0,0,181.3,73.0,9.0,56.0,236.0
34.0,0,167.3,71.8,9.2,30.0,192.0
21.0,1,165.3,61.5,20.0,24.0,153.0
61.0,1,152.6,56.4,20.2,4.0,125.0
58.0,1,164.4,60.9,23.8,8.0,109.0
28.0,0,174.4,73.4,7.8,46.0,216.0
62.0,0,175.9,66.0,5.4,20.0,159.0
36.0,0,176.0,80.9,3.5,46.0,221.0
22.0,1,163.7,56.36,8.4,47.0,186.0
21.0,1,169.2,55.4,20.5,45.0,181.0
21.0,1,174.0,64.64,18.5,28.0,160.0
64.0,0,178.5,77.5,10.7,46.0,157.0
26.0,1,164.9,67.4,19.7,26.0,161.0
57.0,0,175.3,82.42,18.5,46.0,184.0
64.0,1,166.0,59.3,15.0,15.0,115.0
50.0,1,160.7,63.6,10.6,0.0,111.0
23.0,0,172.5,73.8,20.0,68.0,178.0
41.0,1,160.5,50.9,13.2,19.0,160.0
42.0,0,179.8,80.0,22.2,51.0,239.0
61.0,0,171.7,75.54,8.4,34.0,172.0
30.0,0,183.1,82.0,15.1,49.0,214.0
44.0,0,173.4,72.6,18.2,50.0,222.0
32.0,0,175.0,73.0,22.0,55.0,243.0
31.0,0,183.4,89.9,21.0,53.0,235.0
26.0,0,172.5,61.8,2.4,33.0,156.0
37.0,0,168.8,73.1,25.3,54.0,268.0
28.0,0,171.5,72.9,23.0,52.0,219.0
46.0,1,168.5,57.0,27.2,32.0,170.0
62.0,0,162.1,65.4,15.3,30.0,183.0
52.0,0,172.3,72.9,16.9,46.0,191.0
62.0,1,156.3,58.5,12.6,17.0,90.0
42.0,0,172.0,76.3,-20.0,20.0,100.0
28.0,0,178.7,86.0,12.7,48.0,263.0
34.0,0,169.9,74.7,19.0,78.0,250.0
26.0,0,177.2,78.2,16.0,58.0,218.0
35.0,0,174.1,65.4,6.9,42.0,218.0
36.0,0,176.6,75.2,20.9,49.0,241.0
21.0,0,173.7,79.5,22.1,63.0,209.0
60.0,0,175.5,81.5,22.9,38.0,186.0
27.0,0,172.7,76.0,12.7,57.0,229.0
60.0,1,149.8,57.0,9.7,0.0,90.0
61.0,1,155.7,49.6,23.0,16.0,120.0
48.0,1,162.0,46.8,29.6,41.0,170.0
40.0,1,154.6,46.2,20.9,47.0,161.0
36.0,0,165.9,59.1,15.3,54.0,202.0
26.0,1,157.7,51.1,23.1,39.0,207.0
33.0,1,159.6,59.9,26.6,17.0,122.0
31.0,0,169.5,65.9,11.5,56.0,233.0
21.0,0,172.9,67.9,-2.2,45.0,184.0
42.0,0,180.0,75.4,19.3,37.0,217.0
54.0,1,156.6,54.5,19.8,26.0,145.0
24.0,0,178.0,79.6,20.4,66.0,265.0
55.0,0,174.2,65.5,9.2,48.0,207.0
23.0,0,175.4,68.1,20.1,50.0,230.0
25.0,0,167.1,64.2,21.8,60.0,224.0
62.0,1,162.4,68.1,12.5,18.0,140.0
28.0,1,160.0,60.0,20.6,39.0,213.0
27.0,0,176.1,78.42,13.5,46.0,240.0
40.0,1,152.8,48.5,14.2,27.0,173.0
41.0,0,182.4,77.72,5.6,32.0,212.0
25.0,1,169.5,57.56,24.7,37.0,182.0
47.0,1,162.7,63.2,16.0,17.0,160.0
28.0,1,166.6,61.0,15.9,29.0,154.0
60.0,0,173.8,76.1,14.0,42.0,190.0
36.0,1,154.7,52.4,22.5,60.0,149.0
48.0,1,157.0,47.6,27.3,66.0,204.0
24.0,1,165.8,44.1,23.1,19.0,182.0
64.0,0,166.2,62.5,13.3,32.0,177.0
56.0,0,162.0,72.0,-20.0,30.0,183.0
28.0,1,153.9,48.3,8.3,32.0,157.0
63.0,1,152.1,66.7,10.1,4.0,117.0
45.0,0,164.5,60.0,12.0,32.0,179.0
27.0,1,162.7,58.9,19.9,59.0,182.0
33.0,1,160.7,49.3,25.0,38.0,160.0
37.0,0,180.3,86.3,19.1,50.0,235.0
41.0,1,164.4,62.7,19.0,30.0,180.0
25.0,0,172.3,82.5,20.5,58.0,227.0
30.0,0,175.0,64.7,-3.4,32.0,196.0
28.0,1,171.0,63.8,32.8,46.0,200.0
37.0,0,178.3,72.4,18.0,40.0,249.0
59.0,1,160.3,55.0,5.4,1.0,116.0
25.0,0,175.0,70.1,16.2,44.0,247.0
34.0,1,166.0,55.4,23.3,35.0,157.0
56.0,0,164.7,66.8,14.2,40.0,214.0
54.0,1,162.0,59.8,-5.3,19.0,161.0
25.0,0,172.0,74.0,12.2,47.0,230.0
29.0,0,170.4,64.7,20.2,42.0,182.0
22.0,0,167.0,71.1,6.5,35.0,192.0
22.0,0,173.4,76.0,9.8,56.0,215.0
23.0,1,164.3,53.5,24.8,51.0,181.0
62.0,1,151.3,62.3,20.8,21.0,103.0
31.0,1,166.9,64.1,21.5,37.0,150.0
46.0,1,158.1,58.5,10.6,23.0,151.0
34.0,0,168.9,70.9,24.8,58.0,221.0
24.0,0,175.9,85.3,14.6,58.0,220.0
60.0,0,174.1,61.0,17.9,36.0,210.0
27.0,0,181.5,87.6,11.3,46.0,240.0
60.0,1,155.0,45.3,22.3,0.0,140.0
26.0,1,157.6,50.6,15.3,50.0,165.0
35.0,0,177.9,73.6,17.9,58.0,219.0
23.0,1,165.8,59.84,13.6,30.0,144.0
60.0,0,171.7,77.6,27.9,50.0,211.0
48.0,1,160.0,57.34,18.9,20.0,140.0
26.0,0,174.5,73.5,11.2,38.0,210.0
42.0,0,174.0,76.7,17.0,64.0,222.0
37.0,0,171.5,77.9,15.5,52.0,210.0
60.0,1,152.3,52.5,24.9,28.0,159.0
24.0,0,170.5,66.7,9.5,35.0,253.0
32.0,1,173.6,63.8,18.2,40.0,175.0
25.0,1,162.5,51.6,15.9,37.0,156.0
64.0,1,149.4,55.0,21.0,30.0,101.0
31.0,1,165.4,62.9,24.7,56.0,179.0
57.0,1,152.4,52.2,17.8,11.0,197.0
52.0,0,171.0,80.5,5.7,24.0,176.0
24.0,1,155.4,53.7,24.1,47.0,191.0
36.0,0,184.0,87.7,22.3,63.0,253.0
21.0,1,167.4,72.18,-4.0,21.0,94.0
46.0,0,171.0,73.6,14.4,43.0,206.0
25.0,0,178.1,80.6,22.6,57.0,261.0
39.0,1,163.8,73.3,12.4,9.0,125.0
32.0,1,158.4,49.4,16.7,30.0,194.0
30.0,0,167.2,60.6,9.6,41.0,193.0
22.0,0,178.7,76.4,20.4,53.0,230.0
53.0,1,150.7,47.6,10.9,10.0,119.0
22.0,0,172.2,78.7,17.2,57.0,233.0
27.0,0,175.4,86.4,20.6,48.0,213.0
51.0,1,150.0,62.3,12.9,2.0,80.0
53.0,1,155.5,53.3,19.6,24.0,147.0
51.0,0,172.7,77.12,19.4,39.0,218.0
25.0,0,171.0,69.2,28.3,80.0,267.0
23.0,1,159.5,52.8,13.0,40.0,135.0
21.0,1,172.8,54.8,18.8,39.0,172.0
26.0,0,173.9,85.1,9.0,57.0,200.0
52.0,1,160.3,57.48,4.2,27.0,148.0
21.0,1,169.8,67.0,30.2,39.0,183.0
64.0,1,169.0,63.7,22.0,27.0,140.0
30.0,0,169.6,75.9,17.5,51.0,217.0
26.0,0,174.3,75.4,25.3,45.0,233.0
47.0,1,164.9,60.7,2.0,11.0,152.0
59.0,1,158.6,59.9,22.6,24.0,135.0
26.0,0,170.9,67.5,15.1,52.0,247.0
22.0,0,182.3,78.4,2.7,57.0,209.0
21.0,0,172.5,66.4,6.3,46.0,178.0
21.0,1,155.4,66.1,16.3,55.0,135.0
26.0,0,175.6,75.3,16.3,57.0,243.0
21.0,0,172.8,76.7,10.8,54.0,242.0
33.0,0,174.0,93.5,-2.8,31.0,165.0
62.0,0,176.7,69.0,2.8,38.0,179.0
23.0,0,170.6,69.4,13.9,55.0,228.0
60.0,0,164.5,60.8,3.6,29.0,174.0
60.0,0,171.4,66.4,10.9,31.0,213.0
24.0,1,160.2,57.88,23.6,48.0,145.0
27.0,1,161.0,52.6,27.3,35.0,176.0
39.0,1,164.9,60.6,31.6,37.0,177.0
39.0,1,154.3,51.7,15.3,19.0,135.0
43.0,0,175.0,69.5,19.8,51.0,227.0
43.0,0,169.4,69.7,15.0,41.0,222.0
28.0,0,178.3,73.5,16.9,55.0,258.0
28.0,0,178.4,83.3,8.7,46.0,229.0
22.0,1,173.5,69.7,19.4,48.0,203.0
50.0,0,163.0,58.3,15.4,38.0,203.0
58.0,0,168.4,69.7,23.2,31.0,178.0
25.0,1,158.7,47.9,23.8,48.0,178.0
28.0,1,164.3,52.7,17.0,57.0,182.0
21.0,0,180.9,78.5,21.8,60.0,236.0
25.0,0,184.5,85.9,17.0,52.0,195.0
29.0,0,179.5,89.0,21.0,43.0,255.0
31.0,0,168.5,69.24,18.6,58.0,218.0
60.0,0,171.6,73.5,17.4,40.0,211.0
38.0,1,171.4,56.3,-11.1,20.0,140.0
41.0,0,178.0,67.9,10.0,45.0,200.0
37.0,0,177.9,78.3,14.6,57.0,217.0
63.0,0,176.9,82.0,7.7,12.0,115.0
54.0,1,156.3,66.6,13.2,14.0,121.0
27.0,0,177.1,69.3,19.7,63.0,244.0
48.0,0,178.1,89.7,-7.5,26.0,180.0
46.0,0,166.2,51.1,20.9,39.0,197.0
47.0,0,171.6,73.5,11.8,48.0,221.0
45.0,0,177.6,89.2,15.8,49.0,225.0
43.0,0,168.1,75.8,18.4,38.0,206.0
46.0,0,172.0,61.0,0.0,27.0,130.0
37.0,1,159.4,53.8,21.1,22.0,142.0
41.0,0,183.0,90.9,0.2,43.0,220.0
62.0,0,169.4,65.9,16.7,43.0,195.0
62.0,1,150.2,47.7,23.3,38.0,115.0
27.0,1,160.4,55.68,24.5,64.0,173.0
61.0,0,171.6,78.7,22.2,47.0,182.0
64.0,0,173.5,68.4,18.2,40.0,178.0
34.0,0,172.4,74.4,22.0,39.0,218.0
25.0,1,160.0,57.4,31.0,51.0,200.0
31.0,0,172.4,76.4,14.5,57.0,217.0
34.0,0,179.8,79.9,10.6,51.0,255.0
49.0,1,163.1,61.0,18.3,24.0,146.0
23.0,1,162.9,50.1,15.2,32.0,165.0
41.0,1,161.0,54.5,12.2,20.0,148.0
28.0,0,175.5,86.8,9.0,56.0,167.0
54.0,0,168.2,72.5,7.7,30.0,144.0
30.0,0,179.2,76.5,16.7,50.0,215.0
25.0,0,172.9,85.3,14.8,60.0,186.0
27.0,1,167.3,71.1,27.0,39.0,188.0
31.0,1,169.6,51.3,14.2,29.0,176.0
57.0,1,151.8,40.3,13.6,33.0,160.0
23.0,0,173.9,65.9,16.3,55.0,185.0
24.0,1,158.4,53.7,19.9,40.0,162.0
31.0,1,160.9,61.6,23.5,46.0,159.0
28.0,0,167.0,62.1,11.3,48.0,229.0
25.0,0,170.4,70.9,12.9,52.0,206.0
59.0,1,153.5,52.8,12.4,50.0,152.0
29.0,0,178.9,83.1,21.2,55.0,254.0
30.0,0,170.2,62.9,27.8,65.0,240.0
22.0,0,175.5,79.3,15.0,51.0,225.0
54.0,1,160.6,53.82,17.4,31.0,132.0
31.0,0,177.5,79.5,18.4,62.0,208.0
35.0,0,171.6,69.9,5.7,20.0,206.0
31.0,1,161.4,53.8,22.7,58.0,148.0
25.0,0,174.4,64.6,5.5,45.0,236.0
27.0,0,175.7,78.9,6.7,46.0,203.0
23.0,1,166.6,57.3,26.6,51.0,186.0
27.0,0,175.7,65.0,7.9,61.0,217.0
30.0,0,185.4,88.6,1.9,61.0,227.0
33.0,1,164.2,60.4,19.6,25.0,134.0
50.0,0,171.2,67.3,24.3,47.0,201.0
30.0,0,170.7,76.8,14.5,50.0,235.0
27.0,0,178.8,71.5,14.8,40.0,253.0
21.0,0,170.0,56.0,24.0,42.0,230.0
48.0,0,179.2,79.7,17.0,31.0,215.0
61.0,1,162.6,65.4,24.9,19.0,106.0
38.0,0,167.7,67.9,20.9,57.0,225.0
21.0,1,163.9,54.0,24.8,45.0,194.0
34.0,1,159.4,69.2,22.4,31.0,168.0
23.0,1,151.8,46.9,28.9,50.0,178.0
44.0,0,181.4,100.08,9.0,44.0,214.0
25.0,1,165.8,54.0,18.0,47.0,153.0
23.0,0,175.5,67.2,20.8,55.0,233.0
22.0,0,170.2,73.5,4.2,29.0,177.0
24.0,0,171.7,78.1,-14.5,37.0,136.0
27.0,0,170.2,76.3,8.0,49.0,204.0
36.0,0,180.8,79.3,21.4,50.0,227.0
50.0,0,166.0,66.2,17.3,47.0,202.0
33.0,0,184.9,104.3,6.5,46.0,220.0
35.0,0,180.3,77.3,11.1,44.0,210.0
22.0,0,171.9,54.8,2.3,24.0,183.0
21.0,0,169.7,65.6,18.7,42.0,208.0
25.0,0,173.7,87.9,7.5,45.0,195.0
34.0,0,173.5,72.4,16.5,67.0,236.0
64.0,0,164.3,66.82,19.3,41.0,178.0
22.0,0,175.9,73.3,18.8,43.0,213.0
27.0,1,161.1,55.7,22.6,37.0,170.0
35.0,1,154.3,73.8,17.3,24.0,140.0
27.0,0,176.7,78.0,13.6,33.0,238.0
55.0,0,171.3,82.34,11.0,30.0,189.0
41.0,0,174.3,79.0,-16.9,47.0,205.0
60.0,0,166.2,76.28,13.9,38.0,187.0
62.0,1,154.0,55.1,18.4,36.0,93.0
58.0,0,168.6,57.3,24.3,40.0,187.0
64.0,1,155.7,52.6,26.5,22.0,154.0
58.0,1,154.9,59.4,14.6,13.0,120.0
28.0,0,177.9,59.7,23.0,70.0,247.0
23.0,0,176.5,85.7,-4.0,49.0,207.0
23.0,0,179.2,75.4,10.8,64.0,233.0
45.0,1,158.2,73.5,21.0,10.0,150.0
54.0,0,161.4,63.0,17.7,39.0,205.0
62.0,1,157.3,54.2,13.5,30.0,135.0
22.0,0,174.0,80.9,4.9,50.0,195.0
23.0,0,175.0,78.7,2.4,44.0,193.0
29.0,0,174.3,77.2,15.5,55.0,240.0
31.0,0,179.6,76.9,23.2,54.0,235.0
28.0,0,176.4,86.0,23.4,62.0,239.0
57.0,0,164.9,52.7,4.8,30.0,178.0
31.0,1,156.6,56.04,20.0,34.0,159.0
22.0,0,171.1,77.5,9.2,54.0,230.0
25.0,0,176.1,83.0,20.0,61.0,241.0
61.0,1,157.0,54.9,12.2,17.0,115.0
23.0,0,180.1,65.9,18.1,56.0,234.0
53.0,1,166.2,56.1,19.6,31.0,137.0
33.0,1,162.2,52.5,26.0,28.0,144.0
48.0,0,168.5,61.6,9.1,41.0,226.0
49.0,0,158.9,58.7,12.7,39.0,177.0
63.0,0,164.9,61.3,7.3,42.0,178.0
51.0,1,156.5,52.6,19.5,28.0,140.0
54.0,0,161.6,59.3,16.5,44.0,184.0
26.0,0,177.8,74.1,11.7,57.0,277.0
21.0,0,173.0,75.0,20.0,56.0,225.0
21.0,0,173.9,76.7,6.5,44.0,237.0
53.0,1,155.0,52.5,14.0,36.0,150.0
59.0,0,174.5,72.4,15.8,39.0,194.0
30.0,0,184.3,80.5,25.7,49.0,209.0
56.0,0,168.6,73.8,16.9,51.0,213.0
23.0,1,157.9,52.2,15.8,25.0,100.0
36.0,0,167.7,77.7,10.3,32.0,207.0
63.0,0,169.0,49.7,14.2,22.0,125.0
26.0,1,163.0,51.2,31.7,50.0,162.0
59.0,0,166.0,67.6,5.9,33.0,163.0
53.0,1,148.1,48.0,23.5,29.0,143.0
44.0,0,170.0,63.3,11.6,49.0,196.0
29.0,0,169.5,76.2,21.3,61.0,225.0
34.0,1,164.8,59.9,28.7,45.0,186.0
22.0,0,184.9,73.9,18.2,67.0,275.0
62.0,0,170.8,76.9,20.3,42.0,194.0
21.0,0,175.7,71.8,25.0,62.0,262.0
44.0,0,169.6,69.1,2.9,49.0,198.0
28.0,0,168.9,74.7,10.0,42.0,225.0
23.0,1,157.6,60.2,28.1,57.0,173.0
31.0,0,174.0,67.6,5.1,38.0,225.0
37.0,1,155.3,48.3,23.3,33.0,146.0
40.0,0,178.7,91.5,10.8,39.0,195.0
59.0,0,167.9,64.9,14.4,36.0,201.0
25.0,0,172.0,65.9,12.2,54.0,227.0
26.0,1,164.1,53.5,23.7,36.0,180.0
22.0,1,160.3,62.4,20.4,33.0,174.0
24.0,0,176.0,77.5,9.3,38.0,200.0
40.0,0,168.2,77.8,10.4,24.0,209.0
47.0,1,162.8,55.1,16.1,1.0,112.0
21.0,1,164.1,56.9,20.0,29.0,203.0
54.0,1,163.6,78.6,9.6,11.0,135.0
32.0,1,159.5,57.8,19.1,45.0,174.0
30.0,0,165.0,75.6,3.5,41.0,200.0
59.0,1,164.6,70.4,16.2,6.0,110.0
39.0,0,180.5,69.3,19.4,48.0,223.0
60.0,1,148.3,46.5,8.2,6.0,60.0
21.0,1,171.4,70.94,24.6,54.0,197.0
64.0,1,149.0,65.3,8.0,12.0,92.0
22.0,1,155.1,59.9,21.8,54.0,177.0
45.0,1,158.1,62.9,23.4,17.0,86.0
38.0,0,170.0,78.6,4.5,42.0,208.0
39.0,0,175.8,89.2,3.0,51.0,240.0
28.0,0,171.7,77.6,19.7,53.0,257.0
56.0,0,161.2,60.1,14.0,34.0,190.0
46.0,0,172.2,76.1,-1.9,21.0,189.0
21.0,1,162.4,61.0,21.2,32.0,146.0
21.0,0,177.5,74.1,8.2,42.0,202.0
21.0,0,174.2,70.1,25.2,63.0,259.0
31.0,0,179.6,78.0,12.0,49.0,181.0
21.0,0,165.9,64.0,17.5,57.0,218.0
29.0,1,160.1,52.5,26.3,54.0,170.0
61.0,1,154.9,54.3,24.3,28.0,101.0
60.0,0,171.9,60.9,10.9,28.0,190.0
58.0,1,156.4,59.5,21.3,20.0,153.0
62.0,1,144.9,50.8,10.7,2.0,83.0
55.0,1,154.7,43.2,18.1,39.0,155.0
29.0,0,173.4,76.0,13.5,55.0,230.0
48.0,0,163.8,70.6,14.6,37.0,198.0
64.0,1,148.9,47.4,28.1,0.0,72.0
22.0,0,169.3,62.3,3.7,42.0,217.0
52.0,1,160.2,55.6,17.6,29.0,135.0
28.0,0,163.4,59.7,10.8,42.0,211.0
26.0,0,175.3,66.3,19.2,51.0,249.0
21.0,1,158.0,45.6,19.7,43.0,164.0
60.0,0,168.0,59.0,15.9,37.0,191.0
23.0,1,169.9,54.2,22.8,21.0,133.0
59.0,0,157.1,60.3,16.5,36.0,192.0
48.0,0,169.1,72.2,20.0,52.0,202.0
27.0,0,175.1,82.4,17.1,54.0,205.0
37.0,0,172.8,79.3,5.8,49.0,239.0
27.0,0,178.8,66.4,8.9,39.0,268.0
36.0,0,175.5,83.6,13.6,50.0,221.0
37.0,1,160.8,54.5,22.0,44.0,171.0
23.0,0,182.3,82.4,22.7,43.0,249.0
57.0,0,173.7,67.7,16.3,36.0,220.0
54.0,0,165.7,68.1,2.5,21.0,180.0
30.0,0,171.5,58.2,6.8,57.0,222.0
40.0,0,169.8,86.4,2.9,27.0,191.0
26.0,1,164.9,59.5,16.7,44.0,198.0
26.0,0,170.4,68.1,5.9,57.0,203.0
26.0,1,161.3,49.0,10.4,42.0,166.0
64.0,1,152.0,62.1,21.0,17.0,135.0
40.0,0,176.0,70.7,15.0,48.0,218.0
39.0,0,175.5,72.82,6.8,45.0,201.0
28.0,0,177.1,70.3,14.2,66.0,236.0
24.0,0,171.3,72.0,14.7,56.0,245.0
22.0,0,157.8,62.2,18.1,49.0,195.0
22.0,0,180.2,79.6,25.2,50.0,260.0
28.0,1,156.9,51.5,23.4,37.0,164.0
25.0,1,161.7,61.3,24.1,29.0,183.0
58.0,0,176.9,83.9,27.3,54.0,230.0
47.0,1,166.7,55.7,24.0,35.0,180.0
25.0,1,157.6,59.8,19.1,51.0,170.0
60.0,0,169.8,77.5,11.9,40.0,168.0
28.0,0,178.8,73.5,14.0,49.0,253.0
37.0,0,172.7,69.9,12.1,57.0,233.0
29.0,0,167.5,76.2,16.6,61.0,254.0
21.0,0,175.4,85.4,13.95,55.0,228.0
36.0,1,156.1,67.6,12.4,24.0,156.0
45.0,0,178.8,81.3,13.2,52.0,213.0
28.0,1,139.9,52.2,-5.2,0.0,113.0
28.0,1,160.8,54.0,16.4,46.0,166.0
21.0,0,171.0,67.3,22.5,57.0,260.0
25.0,1,160.2,58.2,10.6,35.0,163.0
31.0,0,181.3,110.0,21.0,44.0,211.0
28.0,0,176.1,76.7,19.0,57.0,265.0
21.0,0,172.7,66.3,16.7,60.0,253.0
25.0,0,170.4,80.0,12.1,56.0,248.0
23.0,0,172.7,71.34,7.5,45.0,199.0
32.0,0,171.9,65.4,20.4,58.0,234.0
26.0,0,175.4,74.7,-6.8,53.0,215.0
23.0,0,178.6,77.0,10.5,53.0,238.0
35.0,0,163.0,59.3,33.1,45.0,243.0
53.0,0,173.7,64.7,19.4,43.0,215.0
35.0,0,159.4,64.2,6.0,34.0,199.0
46.0,1,164.3,71.2,10.5,21.0,156.0
39.0,0,172.0,74.8,22.3,41.0,247.0
44.0,0,169.5,66.48,8.9,36.0,202.0
54.0,0,168.6,66.0,4.3,17.0,143.0
41.0,1,163.3,53.7,22.9,34.0,162.0
21.0,0,182.0,77.3,17.1,57.0,262.0
29.0,1,164.6,53.6,23.3,41.0,162.0
40.0,1,158.7,52.8,22.4,39.0,174.0
42.0,0,180.5,79.8,-3.9,21.0,194.0
45.0,0,164.7,56.1,14.5,48.0,216.0
22.0,1,161.2,57.9,23.6,53.0,180.0
21.0,1,154.6,54.8,25.5,44.0,155.0
40.0,1,165.0,70.5,16.7,39.0,154.0
30.0,0,178.5,66.7,0.4,51.0,240.0
54.0,1,152.3,48.2,26.0,26.0,136.0
24.0,0,179.5,78.9,6.2,45.0,167.0
26.0,1,162.0,60.4,26.5,36.0,175.0
46.0,1,157.3,57.12,12.1,30.0,168.0
21.0,1,169.8,54.4,-9.6,27.0,123.0
55.0,0,168.4,71.3,19.1,32.0,189.0
60.0,0,167.2,72.1,7.1,44.0,170.0
61.0,0,162.3,53.04,13.1,35.0,173.0
32.0,0,166.8,73.4,15.8,69.0,247.0
56.0,1,160.2,62.4,20.7,15.0,133.0
32.0,0,183.0,93.3,16.9,45.0,217.0
52.0,1,160.4,56.7,22.4,19.0,106.0
58.0,1,158.9,55.7,26.3,31.0,132.0
63.0,0,168.2,77.3,12.0,13.0,174.0
45.0,0,163.5,88.4,-1.2,15.0,188.0
56.0,1,156.2,57.5,20.2,24.0,139.0
61.0,0,170.0,80.2,3.0,29.0,151.0
28.0,1,167.2,60.0,22.3,46.0,173.0
55.0,1,154.9,56.2,19.4,13.0,126.0
37.0,0,170.5,69.3,4.3,41.0,186.0
32.0,0,182.9,71.5,10.1,47.0,221.0
26.0,0,169.3,56.8,23.7,21.0,197.0
36.0,0,169.6,81.3,7.2,40.0,183.0
61.0,1,148.6,54.8,13.5,9.0,122.0
22.0,0,168.0,60.8,15.9,57.0,233.0
64.0,0,166.5,60.92,4.9,13.0,143.0
21.0,1,162.4,49.2,28.0,41.0,186.0
48.0,1,154.3,60.4,13.2,21.0,130.0
44.0,0,167.0,62.0,15.6,45.0,210.0
56.0,1,157.2,60.4,14.3,16.0,132.0
36.0,0,173.0,83.0,13.7,62.0,281.0
35.0,0,165.6,88.5,7.4,6.0,151.0
22.0,1,168.1,101.1,14.2,28.0,171.0
26.0,0,180.1,81.4,16.0,54.0,222.0
34.0,0,169.4,77.1,25.9,47.0,217.0
31.0,0,167.8,61.36,10.9,41.0,203.0
27.0,0,177.9,81.4,16.7,51.0,226.0
22.0,0,169.2,56.3,8.4,62.0,209.0
25.0,1,166.2,60.9,29.2,55.0,205.0
56.0,0,174.9,71.3,21.9,40.0,198.0
36.0,0,175.0,82.0,19.2,55.0,223.0
27.0,1,166.4,53.6,20.2,44.0,154.0
23.0,0,172.5,72.8,14.1,55.0,198.0
30.0,0,178.7,83.6,15.9,54.0,246.0
22.0,0,173.8,92.5,16.5,60.0,215.0
61.0,1,154.8,54.6,24.8,25.0,151.0
27.0,0,182.8,96.3,9.2,30.0,180.0
24.0,0,178.1,73.14,19.3,56.0,225.0
29.0,1,159.6,61.9,20.3,27.0,146.0
57.0,0,169.2,73.5,14.8,39.0,206.0
23.0,0,181.8,78.8,6.1,55.0,208.0
25.0,0,174.7,59.3,3.4,43.0,219.0
21.0,0,169.1,78.0,9.6,57.0,241.0
30.0,1,162.6,59.6,24.6,42.0,177.0
21.0,0,162.5,53.3,28.8,39.0,232.0
52.0,1,149.4,50.7,19.6,28.0,147.0
45.0,0,173.8,72.1,24.7,56.0,210.0
23.0,0,177.2,70.8,27.9,52.0,236.0
52.0,0,186.6,103.26,3.0,37.0,184.0
21.0,1,168.8,63.38,27.5,37.0,186.0
60.0,1,161.0,63.2,21.0,39.0,127.0
42.0,1,156.6,63.0,14.8,31.0,148.0
32.0,0,173.2,76.1,26.9,60.0,232.0
26.0,0,173.0,83.8,11.0,40.0,232.0
59.0,1,157.2,55.8,25.6,8.0,137.0
26.0,0,170.1,62.6,17.9,56.0,237.0
52.0,0,177.4,75.5,4.0,27.0,178.0
22.0,0,171.3,69.0,17.5,44.0,259.0
26.0,0,178.3,83.1,22.1,57.0,255.0
22.0,0,172.9,62.3,22.7,49.0,242.0
38.0,0,179.8,82.5,-2.1,40.0,204.0
38.0,0,176.6,69.1,27.5,53.0,250.0
42.0,1,160.1,66.7,19.3,23.0,150.0
32.0,0,167.6,71.6,-5.2,24.0,207.0
21.0,0,174.5,69.0,20.5,33.0,195.0
34.0,1,157.5,46.1,6.7,43.0,173.0
23.0,0,174.2,75.2,15.5,51.0,240.0
29.0,0,167.1,59.2,23.1,51.0,199.0
49.0,1,157.4,49.1,29.0,29.0,140.0
56.0,0,168.1,78.9,6.3,36.0,207.0
24.0,0,177.6,76.5,19.7,63.0,248.0
59.0,1,152.9,47.9,12.6,17.0,90.0
54.0,1,160.9,58.7,23.0,23.0,117.0
62.0,1,158.0,57.3,-0.2,10.0,133.0
23.0,0,168.4,55.6,16.9,51.0,204.0
27.0,0,172.0,60.4,17.3,57.0,254.0
26.0,1,166.0,73.6,17.7,34.0,149.0
58.0,1,160.4,47.9,19.8,19.0,142.0
55.0,1,158.5,51.8,28.0,32.0,150.0
30.0,1,160.4,57.3,14.0,39.0,139.0
40.0,0,176.1,79.1,9.7,28.0,222.0
38.0,0,189.0,79.2,8.0,41.0,258.0
22.0,1,166.0,54.9,21.5,46.0,167.0
59.0,1,156.7,55.82,14.2,22.0,136.0
21.0,0,175.1,71.4,28.6,57.0,241.0
23.0,0,166.4,65.2,10.2,53.0,212.0
31.0,1,164.0,52.4,18.0,34.0,170.0
27.0,1,156.5,48.9,29.0,22.0,190.0
38.0,1,162.1,51.7,30.6,40.0,166.0
42.0,1,153.9,50.1,15.9,13.0,152.0
34.0,0,188.5,118.8,2.2,34.0,125.0
21.0,1,164.5,66.7,16.0,36.0,162.0
43.0,1,158.3,54.0,23.1,42.0,154.0
23.0,0,179.1,68.4,7.1,46.0,217.0
24.0,1,167.9,55.9,9.8,21.0,170.0
58.0,0,163.2,54.1,14.1,46.0,187.0
58.0,1,167.6,68.6,17.6,26.0,161.0
25.0,1,164.4,57.7,14.8,51.0,177.0
27.0,1,161.3,72.6,27.3,37.0,148.0
27.0,0,164.6,67.1,16.3,65.0,257.0
55.0,1,155.1,66.5,18.2,13.0,102.0
46.0,1,161.4,79.8,-6.6,13.0,137.0
38.0,1,168.5,75.8,23.1,46.0,191.0
44.0,0,172.0,71.0,28.7,52.0,203.0
23.0,1,163.6,64.0,18.5,47.0,180.0
31.0,1,167.8,52.8,5.5,30.0,166.0
38.0,0,184.3,94.1,27.4,50.0,244.0
21.0,0,168.7,70.3,8.6,47.0,196.0
30.0,1,167.0,52.9,15.4,33.0,168.0
23.0,1,162.4,62.1,16.2,37.0,156.0
32.0,1,160.1,51.8,23.8,37.0,180.0
22.0,0,176.8,83.8,0.8,48.0,178.0
57.0,0,167.6,75.8,27.2,40.0,178.0
61.0,1,160.6,67.26,13.9,10.0,84.0
54.0,0,176.5,75.3,28.4,45.0,229.0
45.0,1,156.6,60.6,-4.5,20.0,128.0
27.0,0,178.2,68.6,19.3,39.0,223.0
23.0,1,155.5,46.5,7.5,24.0,165.0
56.0,0,160.9,59.5,16.7,35.0,156.0
37.0,0,174.5,79.0,22.0,55.0,234.0
27.0,0,178.4,75.3,5.4,47.0,203.0
37.0,0,172.6,80.2,17.3,58.0,235.0
32.0,1,174.1,63.6,25.9,34.0,206.0
21.0,0,175.5,61.7,19.4,48.0,232.0
22.0,1,166.8,63.0,24.7,45.0,188.0
26.0,1,154.5,60.4,22.3,28.0,165.0
58.0,0,178.0,72.8,23.5,30.0,168.0
51.0,1,163.3,55.0,16.4,25.0,126.0
48.0,0,170.5,66.5,15.6,42.0,212.0
25.0,0,171.3,70.4,-8.0,45.0,196.0
49.0,0,173.3,81.7,18.5,33.0,164.0
24.0,1,160.0,49.94,24.5,15.0,138.0
25.0,0,177.1,76.3,2.2,50.0,254.0
23.0,0,172.0,75.5,15.7,56.0,220.0
61.0,0,169.0,68.1,15.1,37.0,190.0
36.0,0,170.0,73.5,24.7,42.0,213.0
33.0,0,188.6,90.3,18.3,59.0,242.0
24.0,1,160.7,58.2,21.5,31.0,187.0
47.0,0,186.2,96.4,2.4,32.0,204.0
33.0,0,174.9,75.6,21.8,55.0,242.0
26.0,1,156.3,45.9,10.4,26.0,105.0
26.0,0,167.8,65.1,16.3,62.0,224.0
48.0,1,151.3,49.4,8.5,21.0,149.0
60.0,1,152.0,49.8,10.9,20.0,111.0
63.0,0,175.2,75.4,12.1,31.0,162.0
27.0,0,178.0,85.7,23.3,54.0,209.0
57.0,1,163.5,57.1,20.0,22.0,151.0
28.0,0,181.9,78.4,26.4,55.0,258.0
26.0,0,168.9,65.7,18.4,54.0,223.0
61.0,0,166.6,62.7,9.7,28.0,141.0
27.0,0,173.8,87.0,22.5,50.0,189.0
48.0,1,156.7,60.6,24.1,32.0,153.0
44.0,0,164.1,72.1,7.1,5.0,120.0
32.0,0,172.2,70.5,15.7,46.0,207.0
27.0,0,172.2,69.4,23.9,59.0,235.0
21.0,0,172.8,79.5,0.9,53.0,227.0
40.0,0,176.4,72.4,10.8,39.0,241.0
37.0,0,171.1,69.6,6.6,38.0,230.0
27.0,1,166.6,66.4,18.5,15.0,132.0
46.0,1,164.0,59.14,13.1,20.0,155.0
25.0,1,174.5,66.6,4.5,15.0,143.0
36.0,0,182.0,82.9,16.6,50.0,232.0
58.0,1,150.4,60.8,7.3,22.0,122.0
39.0,0,176.8,86.0,0.6,34.0,218.0
25.0,1,167.0,51.2,20.1,21.0,130.0
52.0,0,173.6,84.9,9.0,43.0,185.0
26.0,1,164.9,62.6,11.1,41.0,156.0
45.0,1,164.1,63.9,14.3,29.0,130.0
42.0,0,175.2,83.6,11.8,36.0,232.0
24.0,1,164.9,55.4,24.6,47.0,168.0
39.0,0,167.0,69.1,6.0,36.0,220.0
31.0,1,167.0,58.1,14.9,19.0,142.0
28.0,1,159.2,68.7,27.5,43.0,194.0
34.0,1,155.4,54.0,10.7,33.0,152.0
60.0,0,179.3,82.1,16.4,37.0,194.0
23.0,1,164.0,72.9,21.3,32.0,146.0
28.0,0,174.6,74.7,15.8,50.0,236.0
57.0,1,154.4,55.5,16.5,16.0,113.0
26.0,1,161.2,47.0,25.4,42.0,168.0
21.0,0,184.0,95.0,-5.1,55.0,229.0
26.0,1,166.2,58.5,4.5,17.0,142.0
33.0,0,178.7,77.0,7.4,43.0,209.0
22.0,0,190.0,104.7,7.6,48.0,188.0
21.0,0,176.5,78.4,17.6,42.0,221.0
23.0,1,161.2,58.4,15.0,50.0,165.0
55.0,1,156.4,51.6,16.8,20.0,143.0
35.0,1,164.0,58.0,13.0,50.0,145.0
39.0,1,165.7,64.8,-0.9,24.0,159.0
45.0,1,159.2,59.1,21.7,35.0,137.0
23.0,1,158.3,61.2,28.5,42.0,180.0
26.0,0,173.4,74.1,15.4,58.0,223.0
34.0,1,160.2,73.3,-2.8,5.0,135.0
43.0,1,162.7,48.3,13.5,20.0,140.0
23.0,0,181.7,91.0,4.3,51.0,219.0
36.0,0,172.3,87.5,12.5,41.0,200.0
42.0,0,177.0,75.9,5.0,29.0,196.0
48.0,0,172.7,85.0,15.4,47.0,201.0
24.0,0,176.0,67.2,17.2,55.0,242.0
21.0,1,155.5,57.4,25.7,14.0,131.0
28.0,1,157.9,52.3,19.4,57.0,155.0
27.0,0,179.3,67.5,18.2,62.0,242.0
31.0,0,175.9,76.8,-6.1,35.0,193.0
49.0,0,156.6,64.6,13.0,22.0,194.0
40.0,1,165.4,64.6,11.0,24.0,154.0
34.0,1,164.2,56.9,28.8,31.0,156.0
22.0,1,169.3,58.4,12.9,27.0,169.0
50.0,1,156.7,47.9,13.4,13.0,152.0
57.0,1,154.5,57.8,19.2,26.0,140.0
57.0,0,162.7,74.5,7.8,24.0,169.0
59.0,1,159.8,64.9,16.2,26.0,125.0
43.0,1,166.2,51.8,15.8,40.0,165.0
27.0,0,174.0,70.5,10.7,42.0,246.0
26.0,0,172.5,70.7,12.9,56.0,221.0
21.0,1,156.7,49.2,20.9,56.0,204.0
38.0,0,191.3,91.74,13.9,53.0,233.0
41.0,0,174.7,75.2,22.0,46.0,211.0
53.0,1,160.4,59.3,-5.0,13.0,150.0
21.0,0,175.2,66.3,18.6,55.0,255.0
34.0,0,190.5,101.1,-0.5,41.0,227.0
60.0,1,153.2,61.4,5.3,0.0,70.0
49.0,1,166.9,66.8,26.1,27.0,145.0
21.0,1,154.7,58.8,25.3,50.0,193.0
63.0,0,172.9,68.2,7.6,32.0,184.0
63.0,0,167.5,71.9,-20.0,20.0,132.0
41.0,1,165.7,50.1,20.6,42.0,190.0
24.0,1,166.4,53.7,11.8,14.0,132.0
31.0,0,169.4,78.4,14.3,38.0,151.0
60.0,0,179.4,89.74,17.2,23.0,162.0
38.0,0,179.0,79.6,19.0,41.0,226.0
22.0,0,172.0,61.5,13.9,53.0,234.0
56.0,0,166.5,57.5,11.4,29.0,186.0
64.0,1,149.8,64.6,12.8,2.0,83.0
23.0,1,154.6,63.9,21.5,15.0,138.0
52.0,1,161.8,69.3,0.1,21.0,101.0
44.0,1,167.4,60.4,21.6,21.0,141.0
24.0,0,175.8,81.8,6.0,43.0,209.0
24.0,0,171.9,96.2,5.7,30.0,185.0
39.0,0,176.5,72.5,14.3,51.0,220.0
38.0,1,161.0,70.8,13.4,24.0,120.0
32.0,0,173.8,72.3,15.6,49.0,225.0
28.0,0,171.7,65.98,5.5,46.0,228.0
34.0,0,182.1,79.1,9.9,35.0,204.0
39.0,1,170.0,51.5,23.5,29.0,140.0
43.0,0,169.1,66.5,10.4,51.0,209.0
25.0,0,176.4,68.54,17.2,58.0,187.0
24.0,0,172.8,68.7,-1.1,49.0,223.0
24.0,0,173.9,64.1,20.9,58.0,225.0
21.0,0,177.9,69.0,-3.5,45.0,185.0
45.0,1,157.9,54.5,23.3,28.0,151.0
39.0,0,177.6,94.5,13.2,26.0,188.0
63.0,1,153.5,58.16,-2.1,11.0,98.0
28.0,0,175.0,67.0,-10.2,44.0,239.0
23.0,0,170.9,72.5,8.4,42.0,211.0
31.0,0,168.3,59.0,9.7,47.0,231.0
52.0,1,154.1,60.1,24.2,25.0,141.0
31.0,1,168.0,58.9,4.1,43.0,165.0
24.0,0,179.7,72.3,14.1,55.0,229.0
47.0,0,155.0,57.1,14.8,35.0,202.0
59.0,0,169.4,65.4,19.1,27.0,195.0
41.0,0,164.9,69.8,-3.6,26.0,198.0
25.0,0,171.0,77.4,17.4,49.0,223.0
26.0,0,175.3,82.9,10.4,53.0,238.0
26.0,0,181.7,76.1,19.1,47.0,175.0
28.0,0,176.5,87.2,13.9,57.0,218.0
29.0,0,175.4,74.4,23.5,48.0,245.0
53.0,1,156.7,62.6,9.5,10.0,138.0
38.0,0,180.9,85.1,17.8,40.0,245.0
48.0,1,150.0,51.0,20.1,20.0,150.0
42.0,1,165.4,49.9,16.0,27.0,125.0
52.0,0,157.8,62.9,18.4,43.0,216.0
34.0,1,167.6,54.88,24.8,37.0,168.0
45.0,0,176.7,82.6,-2.7,35.0,172.0
56.0,1,160.6,55.96,2.0,25.0,127.0
64.0,1,157.4,50.2,23.2,27.0,122.0
31.0,0,169.4,67.3,19.4,48.0,247.0
63.0,1,156.7,66.5,13.5,0.0,65.0
22.0,0,165.3,61.0,18.1,44.0,219.0
28.0,0,174.4,74.9,19.1,45.0,187.0
45.0,1,158.1,65.8,17.5,39.0,187.0
30.0,0,174.5,76.4,21.2,53.0,220.0
48.0,0,174.0,72.7,16.3,46.0,193.0
33.0,0,163.4,72.6,-1.4,36.0,168.0
24.0,0,180.3,80.2,19.0,57.0,235.0
25.0,0,182.0,93.5,21.2,47.0,192.0
22.0,1,161.6,61.3,24.2,40.0,190.0
25.0,0,180.0,67.2,16.7,62.0,239.0
21.0,0,181.0,91.1,11.0,51.0,249.0
22.0,1,165.0,63.86,23.0,40.0,161.0
53.0,1,161.1,70.5,22.6,9.0,148.0
25.0,1,154.8,56.78,18.8,35.0,172.0
24.0,0,173.5,80.7,9.7,41.0,222.0
32.0,1,160.2,57.4,15.5,39.0,163.0
22.0,1,164.8,65.4,18.8,37.0,170.0
28.0,0,171.8,64.7,19.7,54.0,230.0
50.0,0,163.9,57.8,17.0,41.0,221.0
48.0,1,158.1,62.3,26.5,40.0,163.0
56.0,1,160.1,61.0,15.5,10.0,151.0
29.0,1,157.7,45.66,19.3,38.0,175.0
46.0,0,172.4,77.1,12.9,48.0,188.0
22.0,0,174.4,69.3,16.7,55.0,242.0
21.0,0,176.1,72.3,20.0,65.0,249.0
34.0,0,173.0,63.6,17.8,53.0,217.0
25.0,1,165.8,55.4,20.6,19.0,152.0
33.0,1,163.8,55.66,12.0,27.0,162.0
23.0,0,173.2,66.7,19.2,57.0,218.0
25.0,0,174.8,67.5,20.5,53.0,217.0
60.0,0,165.5,74.2,7.4,27.0,146.0
21.0,0,182.8,68.9,-7.0,42.0,188.0
31.0,0,173.3,68.3,1.8,30.0,245.0
56.0,1,156.5,73.9,12.5,10.0,110.0
21.0,1,156.2,52.3,19.3,46.0,208.0
30.0,0,179.7,69.0,12.6,53.0,238.0
25.0,0,174.4,65.3,23.1,46.0,222.0
40.0,1,167.8,51.7,23.4,39.0,182.0
22.0,1,161.3,54.3,31.1,37.0,180.0
62.0,1,167.0,69.8,3.6,13.0,93.0
22.0,0,173.2,62.0,15.8,55.0,247.0
45.0,0,174.9,81.1,8.5,41.0,215.0
55.0,1,159.5,59.5,18.5,19.0,103.0
43.0,0,175.9,90.0,0.0,33.0,221.0
49.0,1,154.1,50.7,20.5,34.0,151.0
27.0,1,165.8,66.0,30.4,50.0,188.0
48.0,0,173.6,75.8,21.1,44.0,201.0
62.0,0,168.6,95.0,3.7,8.0,147.0
27.0,1,152.3,55.5,16.1,37.0,113.0
21.0,1,161.9,48.2,10.1,36.0,192.0
29.0,0,180.6,65.5,7.6,49.0,232.0
25.0,1,167.1,59.5,18.7,58.0,195.0
22.0,0,176.7,79.3,-3.3,53.0,212.0
61.0,0,177.8,78.1,3.5,47.0,140.0
22.0,1,161.0,57.2,17.8,30.0,182.0
30.0,0,175.7,69.3,16.9,45.0,211.0
25.0,0,171.4,73.9,27.6,60.0,269.0
25.0,0,168.3,72.4,23.5,56.0,215.0
22.0,0,174.5,61.7,11.9,54.0,247.0
40.0,1,164.7,41.7,-7.2,7.0,49.0
27.0,0,170.2,65.3,13.2,55.0,230.0
52.0,0,168.8,74.3,22.4,23.0,188.0
54.0,0,169.4,71.2,19.3,44.0,200.0
51.0,0,165.9,59.9,18.0,41.0,181.0
59.0,0,165.7,74.2,2.7,26.0,202.0
39.0,1,157.0,52.9,24.0,15.0,140.0
55.0,0,164.0,64.5,26.9,50.0,187.0
55.0,0,162.4,64.38,10.1,28.0,124.0
21.0,0,170.0,50.1,6.4,44.0,210.0
33.0,0,180.8,73.64,7.5,48.0,223.0
29.0,1,162.3,43.2,17.1,31.0,175.0
22.0,1,162.6,49.6,28.6,46.0,181.0
21.0,1,157.2,48.5,30.3,37.0,177.0
48.0,0,174.1,80.1,19.4,48.0,204.0
45.0,0,175.6,76.9,10.2,53.0,222.0
54.0,0,178.9,78.9,14.6,48.0,221.0
22.0,0,167.2,76.5,2.8,21.0,181.0
25.0,0,167.2,69.5,23.8,60.0,215.0
22.0,0,162.9,78.0,4.4,45.0,191.0
31.0,0,168.4,86.5,1.2,32.0,174.0
25.0,0,168.2,63.0,5.7,47.0,193.0
28.0,0,175.5,80.0,19.2,57.0,254.0
29.0,0,171.0,66.6,8.1,46.0,222.0
62.0,0,165.8,63.8,18.0,35.0,197.0
60.0,0,172.4,80.2,7.7,30.0,169.0
26.0,0,171.3,69.2,17.6,56.0,225.0
56.0,1,158.0,57.9,20.5,20.0,155.0
61.0,0,171.8,83.1,18.3,38.0,193.0
63.0,0,171.1,68.3,22.3,31.0,212.0
58.0,1,162.0,52.0,5.2,28.0,124.0
37.0,1,170.7,71.3,15.5,38.0,175.0
23.0,0,171.0,85.0,8.2,42.0,241.0
31.0,0,175.0,95.7,6.5,42.0,204.0
37.0,0,170.5,76.7,15.4,40.0,177.0
21.0,0,187.0,81.9,21.4,50.0,240.0
64.0,1,157.8,50.0,13.4,3.0,62.0
39.0,0,174.1,76.7,7.2,52.0,242.0
24.0,0,163.9,64.8,13.2,47.0,224.0
52.0,1,155.1,47.3,12.5,18.0,149.0
45.0,0,166.2,62.9,10.4,35.0,225.0
22.0,0,167.3,61.4,19.9,67.0,240.0
29.0,1,164.7,53.9,7.5,12.0,154.0
24.0,1,160.6,60.24,8.6,28.0,151.0
52.0,0,176.2,90.9,8.3,44.0,193.0
64.0,1,153.0,52.3,28.4,18.0,125.0
27.0,0,162.7,75.3,15.2,65.0,240.0
48.0,1,157.2,60.6,0.1,2.0,112.0
36.0,0,180.5,79.7,13.1,46.0,239.0
34.0,0,175.0,71.0,20.5,57.0,233.0
21.0,0,179.6,89.4,29.4,59.0,270.0
21.0,0,169.1,66.7,7.7,61.0,200.0
22.0,1,158.9,54.9,9.0,43.0,153.0
24.0,0,178.8,84.5,16.6,54.0,231.0
39.0,0,173.5,68.5,26.7,59.0,233.0
63.0,0,169.8,77.9,6.5,12.0,166.0
24.0,1,159.3,68.9,19.3,30.0,168.0
21.0,0,163.3,49.2,5.0,32.0,235.0
56.0,1,158.0,59.4,22.0,30.0,148.0
38.0,0,158.9,69.9,2.5,26.0,145.0
35.0,0,158.0,61.9,8.3,46.0,194.0
39.0,0,162.4,69.8,18.6,68.0,196.0
23.0,1,156.7,52.0,24.4,48.0,172.0
31.0,0,171.9,96.6,5.4,18.0,188.0
26.0,1,161.0,48.6,23.6,50.0,169.0
23.0,0,173.3,74.6,12.3,44.0,212.0
35.0,1,161.5,48.3,26.0,32.0,186.0
47.0,0,174.4,86.5,-0.4,30.0,206.0
35.0,0,169.1,78.12,17.4,52.0,229.0
42.0,0,175.6,75.12,11.9,40.0,189.0
25.0,0,168.0,61.4,-10.4,46.0,160.0
21.0,1,175.8,54.4,19.7,34.0,175.0
60.0,0,166.4,69.8,22.9,27.0,192.0
22.0,0,179.9,74.1,13.1,21.0,212.0
39.0,0,181.5,79.5,23.8,55.0,277.0
24.0,0,165.4,68.0,16.9,58.0,240.0
26.0,0,175.3,70.0,16.3,49.0,246.0
21.0,0,183.5,88.7,-5.3,26.0,201.0
37.0,1,150.4,47.7,8.7,6.0,112.0
61.0,1,158.4,54.7,21.0,17.0,139.0
56.0,0,165.2,61.6,7.6,25.0,100.0
21.0,0,172.0,74.3,16.3,68.0,240.0
24.0,0,185.0,83.4,7.0,45.0,200.0
24.0,0,170.9,71.8,18.2,45.0,218.0
56.0,0,173.1,77.5,28.8,55.0,221.0
40.0,0,173.3,66.3,11.3,49.0,200.0
49.0,1,151.5,48.4,23.3,32.0,132.0
37.0,0,175.2,73.5,-3.9,39.0,220.0
60.0,1,153.3,64.9,13.8,0.0,105.0
21.0,0,166.4,93.3,20.3,36.0,218.0
24.0,0,174.9,70.5,16.5,61.0,219.0
24.0,0,174.5,60.9,12.7,50.0,235.0
27.0,1,162.5,57.0,29.6,50.0,182.0
57.0,1,163.3,65.1,26.1,10.0,118.0
45.0,0,180.1,94.1,-13.0,23.0,177.0
44.0,1,167.1,58.4,12.1,12.0,127.0
39.0,0,172.3,74.0,15.4,34.0,186.0
42.0,0,178.3,72.9,14.7,48.0,242.0
54.0,1,158.7,63.0,12.6,14.0,118.0
23.0,1,155.2,49.6,28.5,55.0,191.0
29.0,1,150.3,54.5,26.0,26.0,150.0
37.0,0,162.5,57.7,15.5,59.0,221.0
25.0,0,174.4,67.6,24.7,41.0,231.0
35.0,0,168.3,57.5,13.2,40.0,220.0
39.0,1,164.6,46.9,10.3,24.0,155.0
36.0,0,173.9,89.2,16.0,40.0,206.0
38.0,1,168.0,74.0,17.4,40.0,178.0
33.0,1,164.0,63.6,21.1,57.0,207.0
37.0,0,178.3,82.0,15.5,57.0,232.0
29.0,1,153.6,46.2,24.3,41.0,163.0
29.0,0,170.6,66.0,16.1,52.0,236.0
29.0,1,158.5,53.32,19.2,43.0,169.0
24.0,1,163.7,53.4,12.1,37.0,181.0
36.0,0,170.0,63.6,16.6,62.0,233.0
48.0,0,180.2,87.0,16.8,42.0,227.0
25.0,0,171.7,61.6,0.7,37.0,207.0
40.0,1,157.1,61.1,21.2,34.0,166.0
39.0,1,148.3,66.56,-9.3,18.0,152.0
21.0,0,180.6,86.5,9.2,41.0,227.0
29.0,0,183.9,75.7,8.9,40.0,206.0
25.0,0,179.1,87.3,15.1,54.0,226.0
50.0,0,169.3,78.3,2.8,45.0,190.0
57.0,0,170.3,65.8,8.4,46.0,187.0
21.0,0,172.9,74.0,16.4,57.0,248.0
27.0,0,180.3,92.4,11.4,50.0,242.0
44.0,0,174.7,76.2,16.5,36.0,195.0
22.0,0,182.5,82.0,16.0,50.0,237.0
45.0,1,157.4,56.4,19.4,36.0,158.0
62.0,0,173.6,71.64,1.4,38.0,181.0
63.0,0,171.6,66.1,16.8,19.0,205.0
60.0,0,169.1,60.5,20.6,43.0,198.0
26.0,0,188.0,73.3,16.9,45.0,216.0
31.0,1,153.8,58.2,19.8,33.0,168.0
24.0,1,177.3,63.3,22.8,36.0,176.0
22.0,0,183.5,71.4,-10.1,44.0,208.0
23.0,1,166.0,58.38,29.4,58.0,194.0
22.0,1,166.5,63.6,14.3,45.0,198.0
64.0,1,152.7,59.8,23.7,12.0,134.0
23.0,0,185.2,79.3,8.8,55.0,234.0
46.0,0,173.9,69.4,14.5,46.0,237.0
34.0,0,168.8,65.0,12.3,41.0,225.0
28.0,0,187.2,82.7,12.7,54.0,212.0
28.0,0,175.9,82.04,18.2,60.0,237.0
29.0,0,183.7,92.5,11.0,55.0,230.0
47.0,1,152.4,62.4,10.5,2.0,160.0
30.0,0,173.2,69.1,15.6,52.0,245.0
43.0,0,173.6,74.0,-1.5,26.0,157.0
61.0,0,172.5,69.8,18.7,42.0,189.0
50.0,1,162.0,61.0,4.0,16.0,110.0
44.0,0,171.2,74.8,8.4,49.0,210.0
23.0,0,171.1,70.8,7.6,60.0,238.0
40.0,1,160.4,86.5,3.5,5.0,91.0
22.0,1,161.8,52.4,25.6,67.0,192.0
36.0,0,176.0,89.8,13.2,44.0,213.0
28.0,1,168.3,55.3,24.6,36.0,182.0
29.0,0,175.8,72.1,22.7,54.0,226.0
39.0,0,178.1,82.3,-3.8,44.0,219.0
31.0,0,185.6,84.4,12.6,49.0,228.0
31.0,1,162.7,67.2,21.8,35.0,161.0
53.0,1,159.0,61.1,23.7,22.0,130.0
28.0,0,183.6,88.2,7.1,42.0,266.0
27.0,0,171.8,70.4,13.8,55.0,247.0
31.0,0,175.5,87.08,12.3,39.0,193.0
32.0,1,160.4,48.3,26.2,31.0,139.0
25.0,1,159.7,51.8,21.9,34.0,192.0
22.0,0,170.0,58.2,8.2,53.0,186.0
21.0,0,174.4,72.8,17.8,42.0,229.0
22.0,0,170.0,66.0,19.2,61.0,204.0
42.0,0,180.6,88.8,-0.7,35.0,213.0
21.0,0,184.5,76.9,10.7,53.0,255.0
60.0,0,171.3,50.8,0.6,14.0,170.0
53.0,1,165.5,55.3,10.0,50.0,182.0
27.0,1,170.8,59.72,20.9,40.0,167.0
22.0,1,167.3,55.3,24.7,40.0,176.0
25.0,1,163.4,54.9,11.5,25.0,177.0
45.0,1,158.7,51.8,22.0,44.0,172.0
24.0,0,174.3,70.8,6.6,52.0,215.0
24.0,1,164.1,59.9,16.6,27.0,179.0
39.0,0,171.8,70.1,15.8,58.0,220.0
34.0,1,165.5,49.1,16.1,49.0,177.0
62.0,0,169.3,76.1,17.1,33.0,184.0
45.0,0,170.2,66.3,14.5,46.0,206.0
28.0,0,174.5,68.5,28.2,56.0,251.0
28.0,0,168.6,76.9,9.9,40.0,212.0
64.0,0,162.3,59.4,15.1,35.0,176.0
21.0,0,163.0,83.3,-2.8,36.0,155.0
29.0,0,179.2,76.9,24.3,58.0,271.0
40.0,1,156.6,59.1,24.1,58.0,172.0
37.0,0,172.8,80.8,14.7,45.0,238.0
22.0,0,175.3,73.1,15.2,59.0,201.0
44.0,0,171.1,70.2,3.5,27.0,184.0
26.0,1,159.5,53.4,21.1,55.0,183.0
61.0,1,147.5,52.2,19.3,20.0,122.0
27.0,0,180.4,72.4,17.5,52.0,200.0
56.0,1,153.5,46.3,17.1,28.0,145.0
30.0,1,157.1,55.0,18.3,35.0,149.0
21.0,0,174.4,64.6,21.3,48.0,256.0
58.0,0,177.7,73.9,12.7,31.0,170.0
61.0,0,164.7,57.2,8.6,12.0,148.0
26.0,0,186.9,100.36,2.1,20.0,180.0
25.0,0,185.1,87.2,15.4,55.0,196.0
38.0,1,149.1,60.96,8.7,7.0,139.0
31.0,0,177.5,79.1,22.1,48.0,244.0
63.0,1,154.0,47.0,-4.0,0.0,70.0
26.0,0,183.4,83.6,16.0,51.0,231.0
29.0,0,179.6,64.5,22.0,47.0,214.0
28.0,0,174.3,81.2,11.6,40.0,186.0
22.0,1,159.9,66.6,4.1,27.0,129.0
27.0,0,173.9,65.9,17.9,59.0,235.0
26.0,0,171.5,72.1,18.3,62.0,241.0
59.0,1,153.7,49.7,23.3,36.0,140.0
30.0,0,168.4,56.5,8.3,57.0,232.0
24.0,0,171.9,80.1,13.9,41.0,173.0
26.0,1,156.9,63.5,24.8,50.0,177.0
23.0,1,160.1,58.7,24.3,52.0,198.0
60.0,0,166.7,68.6,17.6,38.0,187.0
62.0,0,174.4,77.4,24.4,59.0,183.0
59.0,1,160.1,58.5,21.1,20.0,145.0
32.0,1,156.7,59.5,17.2,22.0,134.0
28.0,1,164.5,48.9,23.2,42.0,186.0
27.0,0,174.7,73.0,6.5,35.0,202.0
57.0,1,164.8,52.2,19.5,20.0,186.0
27.0,1,160.2,61.3,19.7,55.0,180.0
43.0,1,153.0,44.7,16.8,29.0,155.0
53.0,0,169.0,67.8,7.3,40.0,194.0
28.0,0,185.0,84.6,12.1,55.0,213.0
60.0,1,159.0,48.8,15.7,7.0,148.0
55.0,0,168.0,63.1,17.5,34.0,195.0
35.0,0,164.7,64.0,15.2,46.0,237.0
22.0,0,180.6,92.7,18.7,52.0,227.0
57.0,0,175.8,59.8,11.8,33.0,180.0
47.0,0,182.3,60.0,1.8,24.0,202.0
22.0,1,163.4,58.7,28.5,34.0,179.0
43.0,0,164.3,59.4,22.5,40.0,201.0
28.0,1,157.7,51.9,25.3,52.0,144.0
62.0,1,156.3,60.1,12.7,7.0,126.0
63.0,0,162.5,67.6,18.5,32.0,189.0
24.0,1,173.3,65.3,8.4,13.0,131.0
26.0,0,164.8,67.4,14.6,54.0,210.0
58.0,0,175.9,77.64,7.0,38.0,200.0
24.0,0,176.0,78.4,22.5,49.0,211.0
59.0,0,163.7,61.0,19.4,49.0,209.0
29.0,0,171.0,70.6,22.4,57.0,234.0
51.0,0,174.0,75.0,7.3,29.0,197.0
56.0,1,149.4,51.6,18.8,11.0,117.0
27.0,0,177.3,77.08,10.7,59.0,189.0
47.0,0,174.1,82.4,5.3,51.0,205.0
31.0,1,160.1,52.4,17.4,20.0,161.0
63.0,0,163.9,76.2,15.0,33.0,170.0
34.0,1,168.3,58.1,20.6,32.0,138.0
21.0,1,166.4,64.1,24.0,46.0,166.0
21.0,1,162.6,64.3,9.5,47.0,161.0
21.0,0,170.2,62.0,16.4,65.0,245.0
30.0,1,168.3,60.5,19.6,44.0,198.0
24.0,0,177.9,67.5,9.7,46.0,222.0
28.0,0,171.1,80.7,12.1,31.0,207.0
31.0,0,170.1,77.5,12.3,52.0,232.0
35.0,0,186.4,75.7,24.0,50.0,230.0
63.0,0,158.6,64.9,8.8,25.0,149.0
29.0,0,176.4,95.4,19.4,56.0,220.0
22.0,0,181.2,75.3,6.2,49.0,262.0
21.0,1,160.5,60.1,20.2,36.0,170.0
29.0,0,176.9,80.9,14.3,50.0,240.0
28.0,1,159.6,61.4,-5.9,25.0,156.0
30.0,0,173.0,76.6,7.6,61.0,201.0
40.0,0,181.8,80.8,14.1,58.0,197.0
23.0,0,185.1,75.4,19.4,66.0,238.0
39.0,0,177.7,81.8,9.0,50.0,184.0
21.0,0,171.2,62.0,19.0,24.0,245.0
50.0,0,172.7,73.0,16.2,36.0,208.0
25.0,0,176.0,68.0,21.1,75.0,265.0
48.0,0,168.0,80.5,7.1,23.0,195.0
27.0,0,180.6,75.4,5.7,47.0,222.0
39.0,0,167.1,65.1,14.3,34.0,214.0
21.0,1,165.3,62.5,21.4,55.0,184.0
60.0,0,171.7,58.2,13.5,37.0,202.0
49.0,0,167.6,64.9,14.1,42.0,195.0
61.0,1,160.4,61.9,12.4,17.0,136.0
42.0,1,162.8,56.5,16.1,25.0,139.0
22.0,1,166.0,52.1,11.0,37.0,150.0
59.0,1,157.7,61.1,14.7,0.0,127.0
23.0,1,160.7,62.4,19.4,44.0,132.0
50.0,0,170.7,81.9,0.2,32.0,183.0
24.0,0,179.2,66.8,16.6,54.0,236.0
38.0,0,171.7,77.0,7.5,27.0,201.0
21.0,1,167.3,55.1,21.5,40.0,160.0
64.0,1,156.6,58.2,12.5,0.0,73.0
36.0,0,171.8,73.3,15.9,54.0,206.0
57.0,1,156.0,58.78,22.1,19.0,143.0
62.0,0,165.6,64.1,4.5,33.0,168.0
25.0,1,154.3,47.2,22.0,37.0,190.0
27.0,1,164.6,56.9,19.9,51.0,183.0
21.0,1,161.7,58.7,16.9,44.0,165.0
37.0,1,157.8,75.7,13.6,15.0,126.0
64.0,1,153.4,47.4,23.3,18.0,127.0
47.0,1,163.7,56.8,27.5,50.0,194.0
31.0,1,159.3,52.9,20.1,48.0,190.0
25.0,1,159.6,64.3,21.5,50.0,188.0
35.0,1,156.4,48.5,28.6,38.0,168.0
22.0,0,178.9,88.6,18.4,61.0,294.0
25.0,0,166.2,73.2,28.6,60.0,251.0
31.0,1,165.2,55.0,21.7,25.0,186.0
28.0,1,165.9,86.9,2.8,16.0,95.0
26.0,1,159.2,45.4,14.5,16.0,175.0
45.0,0,173.3,74.7,20.3,46.0,194.0
35.0,0,171.5,76.2,18.4,55.0,214.0
47.0,0,174.8,80.4,0.7,28.0,201.0
32.0,0,170.4,77.5,13.3,50.0,209.0
24.0,1,167.2,62.7,24.1,49.0,197.0
25.0,1,172.5,58.2,9.6,24.0,160.0
27.0,0,166.1,76.0,20.9,58.0,240.0
46.0,1,167.5,57.5,14.0,20.0,146.0
64.0,1,144.0,55.3,4.0,4.0,110.0
57.0,1,148.4,62.5,4.0,0.0,85.0
60.0,0,164.5,55.6,18.6,39.0,173.0
26.0,0,172.8,70.34,20.0,48.0,219.0
38.0,1,159.0,52.96,18.6,19.0,141.0
41.0,0,178.7,71.6,10.0,47.0,211.0
28.0,0,164.5,66.8,25.3,47.0,227.0
23.0,1,158.0,47.5,21.1,46.0,161.0
21.0,1,162.7,47.2,20.5,36.0,137.0
24.0,1,160.3,57.2,19.9,37.0,192.0
53.0,1,154.7,49.1,16.7,20.0,138.0
22.0,1,163.0,52.7,-6.9,29.0,142.0
29.0,1,162.2,47.5,15.7,47.0,175.0
61.0,0,169.2,86.3,13.6,27.0,158.0
60.0,1,155.8,69.0,17.3,24.0,123.0
30.0,1,164.7,54.2,28.3,44.0,184.0
28.0,0,175.6,77.8,12.0,54.0,179.0
49.0,1,153.1,55.0,10.3,22.0,155.0
22.0,1,158.4,49.6,21.9,41.0,163.0
48.0,0,165.6,55.2,12.7,40.0,190.0
21.0,1,164.6,57.4,25.6,56.0,172.0
23.0,1,155.5,48.46,18.4,38.0,165.0
25.0,0,178.6,78.5,23.8,60.0,224.0
63.0,0,160.4,53.5,11.7,22.0,161.0
64.0,0,167.5,78.1,-8.3,24.0,126.0
32.0,0,176.5,80.8,16.9,59.0,240.0
28.0,0,168.7,67.5,6.4,46.0,200.0
28.0,0,168.4,70.7,18.0,39.0,200.0
43.0,0,169.0,68.6,20.2,55.0,239.0
26.0,0,168.2,63.74,15.2,58.0,210.0
60.0,0,164.9,67.56,4.5,24.0,174.0
25.0,1,163.3,53.4,21.1,43.0,169.0
22.0,1,164.4,57.8,24.1,49.0,218.0
31.0,0,172.6,73.64,13.4,46.0,190.0
27.0,0,170.3,73.1,0.8,44.0,208.0
21.0,1,163.1,54.1,10.5,41.0,182.0
48.0,1,161.4,51.9,26.2,22.0,163.0
23.0,1,166.8,61.6,14.5,20.0,167.0
26.0,0,183.3,88.7,21.7,55.0,274.0
29.0,1,165.0,50.8,-20.0,6.0,133.0
26.0,1,157.8,60.4,23.5,26.0,121.0
28.0,1,168.8,60.1,20.5,38.0,171.0
22.0,1,161.5,48.9,19.3,55.0,160.0
59.0,0,166.1,68.8,19.2,23.0,153.0
64.0,0,170.7,62.2,16.4,19.0,200.0
39.0,0,178.2,73.9,32.8,40.0,219.0
22.0,0,170.1,71.2,24.8,61.0,290.0
21.0,0,172.0,74.9,0.9,38.0,191.0
35.0,0,169.9,61.7,14.3,37.0,216.0
29.0,0,173.1,72.1,14.1,47.0,235.0
21.0,1,161.6,59.1,21.4,35.0,183.0
26.0,0,185.8,101.4,11.1,47.0,254.0
39.0,1,152.3,57.6,6.3,12.0,150.0
59.0,0,160.3,56.1,16.8,36.0,185.0
24.0,1,157.2,45.9,17.2,9.0,145.0
55.0,1,154.0,54.5,15.5,24.0,174.0
23.0,0,173.7,78.5,18.0,57.0,233.0
32.0,1,168.0,59.5,13.1,51.0,182.0
39.0,0,174.9,68.8,7.8,39.0,190.0
23.0,0,181.8,78.9,15.4,51.0,210.0
48.0,1,161.5,49.4,11.0,37.0,157.0
34.0,0,174.5,74.4,22.5,56.0,224.0
22.0,0,173.2,76.7,11.0,51.0,213.0
36.0,0,178.6,98.3,17.0,43.0,209.0
41.0,0,174.4,73.9,18.5,33.0,226.0
26.0,0,166.8,64.7,18.1,51.0,241.0
34.0,0,180.0,85.0,16.5,54.0,245.0
40.0,0,174.0,76.6,16.3,50.0,239.0
61.0,1,159.6,63.1,12.0,18.0,117.0
39.0,0,180.8,85.9,21.1,50.0,221.0
36.0,0,177.1,80.0,15.0,44.0,237.0
50.0,0,166.0,64.3,5.1,24.0,180.0
25.0,1,165.1,54.1,17.2,30.0,160.0
36.0,1,152.4,47.4,5.9,12.0,142.0
44.0,1,161.2,54.4,18.9,42.0,159.0
25.0,0,170.8,71.4,14.8,49.0,231.0
28.0,1,176.3,62.7,23.2,45.0,168.0
48.0,0,174.7,82.0,3.9,48.0,189.0
24.0,1,160.4,58.7,22.1,54.0,187.0
50.0,0,166.0,70.0,1.9,32.0,173.0
49.0,0,173.7,76.2,11.8,46.0,224.0
26.0,1,165.0,62.8,26.7,69.0,218.0
25.0,0,171.9,80.5,14.2,15.0,202.0
42.0,0,187.1,92.4,28.3,44.0,223.0
36.0,0,179.1,69.2,10.5,56.0,235.0
47.0,0,167.8,68.8,22.4,60.0,230.0
24.0,1,168.1,60.7,15.9,33.0,188.0
51.0,0,175.0,75.2,11.0,26.0,198.0
60.0,0,165.0,71.7,21.6,34.0,178.0
25.0,0,170.7,83.1,14.0,38.0,199.0
53.0,1,152.7,47.0,16.3,22.0,142.0
53.0,1,158.8,62.9,26.2,34.0,162.0
25.0,0,190.2,76.0,12.8,60.0,242.0
24.0,0,181.3,80.4,26.0,44.0,232.0
38.0,0,170.3,75.8,18.5,51.0,216.0
25.0,0,172.7,74.0,14.1,45.0,212.0
21.0,0,174.8,78.7,12.5,58.0,199.0
30.0,0,184.4,82.3,25.3,55.0,226.0
28.0,0,173.8,73.6,9.9,51.0,245.0
37.0,0,172.2,66.9,14.9,39.0,224.0
30.0,0,174.1,70.7,17.9,50.0,230.0
27.0,0,178.8,72.8,9.9,55.0,170.0
32.0,0,179.7,85.2,18.8,32.0,214.0
59.0,1,158.8,61.3,19.2,13.0,120.0
39.0,0,176.8,77.9,15.1,49.0,217.0
27.0,0,167.0,65.3,8.6,54.0,227.0
29.0,0,165.3,69.6,16.8,63.0,245.0
57.0,0,173.1,69.6,21.0,27.0,193.0
44.0,0,175.5,81.0,11.6,47.0,196.0
38.0,1,161.4,60.4,17.8,19.0,126.0
21.0,0,174.4,55.4,13.8,39.0,210.0
24.0,1,171.5,61.7,-2.2,18.0,149.0
24.0,1,154.7,62.4,22.0,49.0,179.0
56.0,0,172.8,67.5,16.6,41.0,199.0
23.0,0,171.8,64.56,18.5,51.0,242.0
24.0,0,169.0,67.5,22.9,61.0,242.0
52.0,1,156.6,58.4,22.1,33.0,150.0
22.0,1,160.2,56.9,23.4,41.0,174.0
21.0,0,183.0,67.0,4.2,54.0,205.0
34.0,0,177.0,66.7,16.6,49.0,184.0
55.0,0,169.6,67.3,17.5,32.0,183.0
25.0,1,163.5,58.6,17.3,29.0,181.0
23.0,0,172.1,59.7,7.5,11.0,229.0
24.0,0,161.1,53.7,24.3,60.0,248.0
58.0,0,168.7,76.1,2.0,0.0,0.0
23.0,0,177.1,66.7,15.5,57.0,205.0
37.0,0,179.5,103.7,7.0,32.0,217.0
60.0,0,172.4,66.5,10.9,21.0,161.0
26.0,0,174.2,70.3,23.1,39.0,215.0
21.0,0,164.5,64.7,13.5,30.0,176.0
59.0,1,164.0,58.7,21.2,23.0,135.0
36.0,0,178.6,86.4,0.7,38.0,192.0
56.0,0,164.0,68.66,10.8,44.0,199.0
24.0,0,182.5,79.6,18.6,64.0,223.0
22.0,1,160.1,57.18,-4.9,38.0,164.0
44.0,0,177.5,84.2,9.6,38.0,185.0
52.0,1,164.1,63.1,1.6,13.0,144.0
25.0,0,181.0,77.9,23.7,65.0,255.0
44.0,0,170.0,73.7,18.1,50.0,210.0
54.0,1,155.9,53.2,13.8,5.0,118.0
23.0,0,167.8,66.4,7.0,50.0,186.0
54.0,0,171.8,65.6,14.8,32.0,189.0
62.0,1,156.0,47.0,20.3,24.0,126.0
25.0,0,174.4,78.7,14.6,58.0,247.0
29.0,0,170.9,63.0,18.8,40.0,227.0
25.0,0,175.2,58.1,9.0,40.0,208.0
26.0,0,170.4,61.1,7.5,51.0,211.0
45.0,0,175.1,71.7,14.8,41.0,206.0
35.0,0,178.3,61.12,3.9,42.0,200.0
21.0,0,181.9,70.02,14.2,56.0,245.0
31.0,0,175.3,83.6,7.2,55.0,193.0
31.0,0,171.5,72.3,6.3,45.0,189.0
22.0,0,168.0,64.1,17.0,62.0,230.0
27.0,0,176.0,87.8,5.4,52.0,254.0
56.0,0,175.1,81.5,17.7,37.0,209.0
56.0,1,159.4,57.8,31.6,59.0,139.0
35.0,0,181.3,78.6,21.5,39.0,235.0
22.0,0,179.8,75.4,19.1,60.0,246.0
58.0,1,151.8,59.0,9.9,9.0,106.0
29.0,0,176.0,77.6,5.6,53.0,236.0
42.0,1,167.9,67.0,18.8,31.0,178.0
21.0,1,155.6,45.8,2.5,28.0,138.0
48.0,0,175.9,77.4,-4.8,15.0,208.0
23.0,0,172.6,63.1,-1.0,41.0,234.0
26.0,0,174.9,72.4,18.1,55.0,220.0
26.0,0,180.3,81.64,20.7,56.0,238.0
31.0,0,173.4,70.9,7.7,46.0,213.0
21.0,0,168.9,64.0,9.2,57.0,218.0
38.0,1,166.2,60.4,26.6,28.0,151.0
29.0,0,172.5,74.9,11.3,39.0,235.0
23.0,0,169.5,74.0,18.4,46.0,222.0
22.0,1,172.5,60.7,25.6,57.0,214.0
28.0,0,176.3,70.94,17.5,45.0,234.0
27.0,1,164.2,55.1,28.3,30.0,162.0
29.0,0,176.6,73.9,13.7,53.0,229.0
24.0,0,167.2,56.1,24.4,52.0,229.0
61.0,0,167.7,67.7,8.1,29.0,200.0
32.0,0,169.0,76.8,14.3,50.0,224.0
40.0,1,160.9,48.9,11.8,25.0,168.0
48.0,1,154.2,52.2,16.9,36.0,141.0
47.0,1,158.3,53.5,8.1,32.0,151.0
21.0,0,173.9,74.08,20.6,43.0,222.0
31.0,1,160.7,77.2,22.7,32.0,140.0
30.0,0,174.0,77.0,21.2,50.0,229.0
52.0,1,158.0,54.8,25.8,34.0,143.0
23.0,1,162.7,63.9,27.3,30.0,169.0
39.0,1,160.6,52.2,21.8,29.0,141.0
30.0,1,164.4,61.3,23.7,43.0,199.0
38.0,0,182.5,72.7,21.8,59.0,227.0
26.0,1,157.2,48.32,26.9,43.0,183.0
42.0,1,155.2,52.5,20.9,27.0,155.0
43.0,0,170.7,93.0,0.5,34.0,187.0
48.0,0,169.5,70.2,5.3,39.0,222.0
26.0,0,163.3,65.48,11.4,47.0,173.0
38.0,0,172.1,66.0,25.5,70.0,220.0
42.0,0,178.0,74.6,7.0,40.0,215.0
27.0,0,148.0,66.3,22.0,56.0,250.0
28.0,0,187.9,79.3,28.0,50.0,239.0
61.0,1,154.8,63.9,6.0,53.0,86.0
22.0,0,172.6,70.2,14.5,48.0,211.0
24.0,0,174.7,72.1,15.8,42.0,217.0
26.0,0,169.1,66.2,17.6,53.0,184.0
41.0,1,152.7,50.1,0.0,23.0,132.0
21.0,0,176.3,83.5,0.7,57.0,232.0
32.0,0,182.4,91.7,21.3,47.0,231.0
26.0,0,170.0,55.7,18.7,53.0,226.0
55.0,0,170.9,70.8,12.0,32.0,180.0
25.0,0,178.3,74.2,16.3,60.0,234.0
61.0,1,151.0,56.4,13.8,0.0,137.0
23.0,0,171.5,92.2,21.8,30.0,222.0
27.0,0,175.0,94.1,25.0,48.0,211.0
23.0,0,185.6,73.0,14.9,55.0,256.0
26.0,1,157.4,60.8,26.3,47.0,151.0
21.0,0,177.8,63.1,19.0,58.0,258.0
26.0,0,168.8,64.0,26.6,51.0,234.0
50.0,0,165.2,67.0,13.3,38.0,205.0
23.0,1,160.8,59.0,13.7,40.0,194.0
27.0,0,171.5,71.7,21.5,52.0,210.0
52.0,0,172.2,71.1,-0.3,26.0,186.0
42.0,0,179.1,98.1,18.4,29.0,213.0
31.0,0,180.0,69.8,14.7,39.0,194.0
64.0,0,171.6,55.5,9.8,21.0,183.0
48.0,0,174.0,68.5,5.8,32.0,184.0
62.0,0,173.6,81.1,14.8,38.0,202.0
62.0,0,175.8,66.6,8.0,20.0,171.0
27.0,0,171.6,78.88,23.9,69.0,248.0
58.0,1,160.1,64.6,21.5,20.0,134.0
37.0,0,168.0,72.7,14.3,47.0,218.0
32.0,1,158.8,55.9,21.0,49.0,169.0
41.0,1,161.4,52.6,-3.0,2.0,110.0
24.0,0,169.0,59.2,13.3,60.0,213.0
21.0,1,160.8,54.9,21.0,47.0,176.0
37.0,1,163.3,53.9,3.9,2.0,103.0
44.0,0,165.0,57.1,11.0,24.0,211.0
60.0,1,158.9,56.3,11.4,3.0,135.0
29.0,0,184.5,88.1,26.5,50.0,250.0
21.0,0,179.9,72.1,6.0,55.0,246.0
27.0,0,174.0,72.7,20.1,56.0,220.0
27.0,0,170.5,72.0,12.2,39.0,230.0
22.0,1,158.3,51.6,19.0,40.0,138.0
55.0,0,173.6,77.76,-7.8,53.0,186.0
25.0,1,163.0,47.5,18.2,43.0,132.0
57.0,1,151.9,60.6,9.2,28.0,134.0
25.0,1,166.5,53.2,17.6,47.0,174.0
35.0,0,173.7,68.5,13.5,43.0,195.0
60.0,0,167.8,68.6,13.6,28.0,187.0
26.0,1,157.7,52.9,19.0,47.0,173.0
22.0,1,167.1,53.7,23.9,8.0,172.0
29.0,1,155.6,57.7,16.4,12.0,129.0
31.0,0,172.2,68.3,17.2,55.0,201.0
51.0,0,167.4,59.5,10.8,48.0,209.0
23.0,1,160.6,55.5,15.3,52.0,170.0
44.0,1,156.9,53.9,24.3,37.0,141.0
30.0,0,169.9,76.0,13.7,42.0,222.0
29.0,0,173.0,72.1,-3.4,35.0,220.0
27.0,0,170.0,75.9,-6.6,49.0,202.0
62.0,0,166.2,75.0,21.9,35.0,181.0
28.0,1,155.2,47.1,18.3,34.0,154.0
64.0,1,154.7,50.2,6.8,0.0,59.0
34.0,0,174.3,80.1,21.8,61.0,245.0
40.0,0,178.9,76.9,16.2,49.0,232.0
24.0,0,171.3,85.5,3.3,29.0,196.0
63.0,1,148.8,63.18,22.6,14.0,120.0
33.0,0,174.9,79.9,16.2,76.0,244.0
30.0,1,166.2,55.1,20.3,42.0,143.0
23.0,1,158.7,67.2,15.9,32.0,156.0
37.0,0,169.1,81.6,-6.3,38.0,161.0
64.0,1,154.5,61.8,4.1,10.0,105.0
24.0,1,168.1,60.6,21.6,52.0,179.0
23.0,1,153.5,50.7,32.2,50.0,178.0
32.0,0,189.1,117.4,-3.0,25.0,179.0
21.0,0,169.0,66.1,8.1,48.0,181.0
26.0,0,173.3,72.1,16.6,38.0,191.0
31.0,0,176.1,75.1,1.9,50.0,220.0
25.0,0,170.5,68.1,9.4,59.0,247.0
33.0,0,179.4,81.5,15.0,50.0,205.0
26.0,0,176.8,85.9,12.6,40.0,212.0
23.0,0,170.8,61.4,10.5,51.0,198.0
42.0,1,160.0,64.6,24.1,49.0,172.0
21.0,0,177.5,76.4,17.0,54.0,193.0
41.0,0,162.9,62.1,13.2,38.0,219.0
50.0,1,156.3,59.2,20.6,13.0,147.0
51.0,0,170.5,67.9,21.6,41.0,225.0
27.0,0,172.5,74.9,13.3,54.0,233.0
30.0,1,160.2,60.4,19.7,44.0,183.0
58.0,1,163.8,64.2,22.1,23.0,109.0
33.0,0,178.0,67.5,15.8,53.0,221.0
21.0,0,172.1,64.8,13.7,55.0,220.0
49.0,0,170.9,68.2,5.7,48.0,195.0
33.0,1,149.5,45.6,29.5,35.0,182.0
50.0,1,150.9,49.5,11.9,24.0,132.0
53.0,1,153.3,52.3,21.0,38.0,166.0
58.0,0,168.7,74.7,3.0,36.0,191.0
60.0,0,168.4,64.2,22.4,31.0,173.0
25.0,1,158.3,48.22,21.1,41.0,171.0
54.0,1,155.1,52.6,19.0,0.0,132.0
24.0,0,180.0,69.5,4.0,55.0,204.0
43.0,0,162.4,66.4,13.2,38.0,178.0
58.0,1,168.4,59.0,23.9,28.0,130.0
27.0,1,156.9,49.9,17.1,29.0,187.0
38.0,0,177.0,86.6,19.7,58.0,221.0
24.0,1,160.0,49.6,19.9,50.0,176.0
48.0,0,170.3,80.4,13.3,42.0,223.0
38.0,1,167.2,67.1,23.0,26.0,152.0
26.0,0,174.7,90.1,25.0,66.0,230.0
26.0,0,175.3,73.6,7.9,48.0,198.0
29.0,0,181.4,81.12,8.1,42.0,178.0
44.0,1,156.2,49.8,26.6,41.0,128.0
23.0,0,174.0,75.4,-7.4,35.0,208.0
26.0,0,169.4,71.2,15.1,52.0,237.0
30.0,0,170.0,69.4,14.3,48.0,219.0
21.0,0,172.9,71.4,25.1,50.0,248.0
32.0,0,172.3,72.6,23.7,27.0,195.0
45.0,0,172.1,79.2,10.8,45.0,198.0
21.0,0,171.0,67.7,17.0,68.0,266.0
23.0,1,160.8,60.2,22.3,43.0,158.0
33.0,0,167.2,75.5,17.2,55.0,182.0
47.0,0,169.6,70.2,21.1,38.0,218.0
63.0,0,168.9,67.6,6.2,31.0,186.0
27.0,1,162.9,58.7,31.1,48.0,186.0
25.0,0,174.2,76.1,21.5,55.0,223.0
38.0,0,183.6,67.7,15.3,58.0,213.0
21.0,0,173.6,69.12,10.1,50.0,221.0
23.0,0,178.4,74.84,25.4,55.0,243.0
23.0,1,157.1,50.76,21.4,55.0,187.0
24.0,0,172.0,68.24,23.0,48.0,253.0
26.0,0,179.3,66.82,10.5,57.0,240.0
48.0,0,171.1,73.2,8.2,43.0,205.0
56.0,1,161.2,55.2,23.6,30.0,162.0
26.0,0,169.2,70.6,15.1,53.0,225.0
23.0,0,168.6,74.9,19.0,51.0,234.0
31.0,0,168.5,68.2,23.6,54.0,223.0
39.0,0,181.5,70.1,21.5,46.0,226.0
58.0,0,168.9,74.9,18.3,29.0,155.0
54.0,1,150.7,54.0,13.1,27.0,123.0
38.0,0,164.0,70.7,-3.9,50.0,198.0
56.0,0,168.6,73.9,15.0,35.0,202.0
21.0,1,164.0,56.4,24.4,40.0,165.0
61.0,0,168.4,72.1,4.1,40.0,158.0
21.0,1,166.3,67.0,20.6,51.0,169.0
28.0,0,178.0,82.2,23.6,36.0,214.0
31.0,0,175.1,81.22,10.6,44.0,185.0
36.0,1,147.6,61.4,7.5,16.0,134.0
21.0,1,165.7,65.3,27.2,37.0,187.0
28.0,0,180.0,84.5,24.8,58.0,263.0
26.0,0,169.8,82.12,9.2,28.0,185.0
32.0,0,172.2,73.4,-9.3,48.0,239.0
22.0,1,164.4,56.8,23.6,43.0,181.0
60.0,0,179.9,81.3,9.8,35.0,196.0
51.0,0,165.7,58.1,12.1,29.0,200.0
44.0,1,170.3,76.5,16.5,12.0,140.0
28.0,0,180.7,84.1,19.1,46.0,196.0
26.0,0,184.5,80.6,11.1,52.0,217.0
62.0,0,171.2,51.7,15.2,39.0,178.0
23.0,0,177.1,81.1,19.2,41.0,223.0
61.0,1,161.2,59.2,26.2,37.0,178.0
44.0,0,179.4,92.7,15.6,33.0,208.0
59.0,0,171.0,66.2,15.6,41.0,184.0
32.0,1,174.2,73.3,23.3,52.0,191.0
39.0,1,159.9,49.8,9.0,38.0,137.0
59.0,0,166.5,67.6,4.0,37.0,149.0
39.0,0,165.7,69.6,19.2,41.0,206.0
46.0,1,156.2,60.8,11.5,22.0,136.0
54.0,1,157.8,67.2,20.5,27.0,175.0
29.0,1,152.8,40.8,18.2,32.0,166.0
43.0,1,167.0,54.9,21.5,39.0,180.0
45.0,1,161.8,59.6,25.0,27.0,135.0
42.0,0,171.0,72.2,9.5,24.0,181.0
29.0,0,168.8,73.4,15.2,54.0,235.0
37.0,0,168.9,78.8,20.9,47.0,241.0
24.0,1,153.8,59.4,25.9,46.0,187.0
58.0,1,154.9,51.6,19.4,31.0,165.0
23.0,1,161.7,58.4,24.7,51.0,190.0
60.0,0,165.4,67.7,25.6,43.0,201.0
32.0,0,174.0,77.2,16.5,54.0,253.0
37.0,0,172.5,81.9,14.3,50.0,226.0
27.0,1,154.6,43.3,20.0,35.0,167.0
23.0,0,179.1,81.6,12.2,58.0,232.0
49.0,0,160.9,69.6,9.0,20.0,200.0
33.0,0,174.0,74.7,6.4,49.0,213.0
28.0,0,179.5,73.9,23.3,39.0,217.0
55.0,1,157.6,53.1,16.9,19.0,150.0
42.0,0,168.0,61.0,1.0,32.0,230.0
21.0,0,178.0,85.4,15.2,42.0,198.0
35.0,0,173.8,68.7,3.5,54.0,223.0
21.0,1,164.1,60.5,14.7,47.0,173.0
26.0,1,166.5,58.1,13.7,31.0,172.0
25.0,0,171.0,62.0,6.0,40.0,235.0
43.0,0,171.2,75.6,23.6,60.0,245.0
42.0,0,168.7,63.9,18.1,53.0,211.0
29.0,1,165.4,64.0,7.8,19.0,125.0
40.0,0,182.9,77.9,20.3,49.0,233.0
23.0,0,179.3,77.8,20.2,63.0,235.0
28.0,0,177.2,81.2,11.7,56.0,226.0
26.0,0,165.8,65.0,4.0,47.0,187.0
21.0,0,174.1,61.2,19.7,51.0,231.0
29.0,0,173.0,86.7,11.1,45.0,187.0
21.0,0,167.0,74.4,20.8,61.0,214.0
31.0,0,178.8,84.9,-2.8,40.0,160.0
52.0,1,154.0,55.0,20.0,7.0,120.0
50.0,1,160.8,62.5,15.2,15.0,141.0
41.0,0,179.2,77.3,5.8,46.0,215.0
27.0,0,172.3,71.6,13.5,52.0,229.0
28.0,0,178.6,76.12,21.0,54.0,237.0
52.0,0,186.2,85.4,10.8,34.0,175.0
24.0,0,182.1,92.8,9.0,50.0,217.0
29.0,1,164.0,60.0,21.0,41.0,207.0
22.0,1,164.2,47.4,22.4,44.0,190.0
22.0,1,153.8,53.6,27.1,54.0,172.0
40.0,0,174.4,88.2,5.4,34.0,213.0
23.0,0,173.4,59.8,15.5,24.0,203.0
22.0,0,174.4,70.5,15.2,46.0,225.0
23.0,1,163.9,50.9,18.7,47.0,192.0
34.0,0,177.0,62.8,17.5,48.0,232.0
26.0,0,171.6,64.9,3.0,39.0,185.0
61.0,1,152.4,61.4,23.8,0.0,102.0
28.0,0,182.0,73.1,-3.5,46.0,202.0
41.0,0,172.0,68.3,25.3,59.0,223.0
23.0,0,182.9,97.4,5.0,44.0,200.0
64.0,1,158.6,52.7,25.5,21.0,126.0
54.0,0,165.7,63.4,11.4,46.0,194.0
62.0,0,170.8,67.4,21.2,21.0,181.0
25.0,0,175.0,72.6,21.2,58.0,226.0
22.0,1,162.9,51.56,13.0,13.0,130.0
54.0,0,167.7,65.2,7.6,30.0,178.0
22.0,0,170.4,64.2,11.8,55.0,211.0
40.0,1,160.4,56.5,23.2,35.0,173.0
32.0,0,171.2,70.8,8.3,49.0,196.0
41.0,1,168.1,62.5,24.8,23.0,164.0
64.0,0,170.5,72.1,13.7,28.0,156.0
21.0,1,166.5,72.3,22.8,44.0,185.0
27.0,0,178.2,73.2,6.2,39.0,189.0
60.0,0,174.0,73.3,19.6,32.0,211.0
33.0,0,180.3,70.5,13.8,45.0,226.0
57.0,0,167.7,65.98,16.5,33.0,183.0
28.0,0,164.3,63.2,5.3,43.0,221.0
22.0,0,174.8,74.0,17.4,56.0,252.0
63.0,1,150.0,53.0,3.9,22.0,130.0
39.0,0,173.3,69.8,18.2,38.0,227.0
55.0,1,165.7,65.8,12.8,39.0,115.0
42.0,0,178.4,72.0,-11.9,29.0,167.0
31.0,0,174.2,83.3,18.4,58.0,247.0
22.0,0,164.2,60.8,8.9,53.0,199.0
31.0,0,174.1,73.9,14.2,49.0,219.0
39.0,1,162.1,48.9,32.5,38.0,183.0
61.0,0,172.9,69.3,18.1,26.0,179.0
21.0,1,159.6,45.9,20.7,45.0,194.0
40.0,0,174.0,61.6,17.4,54.0,235.0
22.0,1,170.9,62.4,17.4,34.0,160.0
58.0,1,146.5,46.4,17.4,20.0,111.0
62.0,0,176.5,89.8,16.9,26.0,177.0
39.0,0,178.1,67.3,23.1,34.0,196.0
22.0,0,166.9,90.3,2.9,57.0,194.0
22.0,1,159.6,52.9,22.0,41.0,170.0
27.0,1,169.8,58.2,17.5,53.0,151.0
35.0,0,184.6,79.0,6.7,45.0,194.0
60.0,0,176.5,66.4,2.0,23.0,175.0
51.0,1,155.7,55.7,21.2,26.0,145.0
23.0,0,166.6,66.9,29.0,59.0,237.0
52.0,0,165.9,71.8,5.6,37.0,173.0
23.0,0,180.1,82.8,12.6,51.0,199.0
60.0,0,175.0,83.8,9.9,29.0,197.0
38.0,1,162.2,68.1,14.0,27.0,130.0
27.0,0,173.4,72.4,16.1,46.0,221.0
41.0,1,164.5,57.7,19.0,32.0,152.0
46.0,1,159.1,52.9,8.0,21.0,140.0
64.0,0,175.6,64.3,17.8,38.0,223.0
48.0,1,144.5,51.8,14.0,30.0,108.0
62.0,1,154.9,42.4,32.0,26.0,141.0
25.0,1,157.9,42.6,13.5,28.0,131.0
24.0,1,166.9,70.0,23.8,47.0,186.0
44.0,0,182.2,79.44,0.2,42.0,180.0
25.0,1,163.5,56.18,12.8,27.0,161.0
23.0,1,161.1,66.3,20.0,51.0,170.0
32.0,0,179.8,81.9,6.7,49.0,252.0
54.0,0,172.7,78.0,9.7,41.0,215.0
57.0,0,175.1,73.1,-6.0,18.0,167.0
22.0,0,179.3,61.2,11.7,53.0,250.0
26.0,0,173.5,75.3,19.4,54.0,238.0
22.0,1,167.9,53.9,22.9,47.0,190.0
57.0,0,173.3,67.1,25.2,47.0,215.0
23.0,1,164.4,60.6,21.3,38.0,171.0
33.0,0,178.2,72.1,20.8,60.0,221.0
30.0,0,185.0,77.9,15.6,44.0,195.0
61.0,0,168.3,66.3,16.9,35.0,192.0
27.0,0,171.3,65.6,17.6,59.0,239.0
39.0,0,170.7,74.3,15.7,40.0,205.0
24.0,1,165.1,58.9,22.4,34.0,166.0
40.0,1,155.2,51.5,22.8,30.0,153.0
61.0,0,169.1,79.0,-12.8,37.0,161.0
50.0,1,164.4,58.8,17.6,29.0,145.0
62.0,1,163.4,56.7,19.6,21.0,124.0
27.0,0,176.5,69.1,18.5,53.0,220.0
23.0,1,163.1,69.0,25.5,44.0,178.0
27.0,0,172.5,63.6,13.6,45.0,256.0
53.0,0,168.6,82.0,25.5,26.0,191.0
42.0,0,185.3,89.6,19.2,45.0,210.0
22.0,1,166.5,52.4,12.7,27.0,156.0
26.0,0,165.6,64.1,14.7,57.0,203.0
22.0,1,163.2,52.4,29.1,40.0,185.0
50.0,1,155.7,87.3,15.7,0.0,123.0
54.0,1,156.8,60.6,24.0,34.0,162.0
30.0,0,179.8,80.6,16.1,54.0,220.0
21.0,1,156.3,70.4,17.1,40.0,164.0
45.0,1,168.1,63.6,-7.5,10.0,126.0
37.0,0,170.0,62.7,25.2,65.0,265.0
21.0,1,176.2,56.9,30.0,42.0,180.0
24.0,0,167.3,65.0,-2.9,43.0,199.0
28.0,1,158.1,58.6,-6.2,23.0,130.0
27.0,0,178.7,65.2,20.3,51.0,221.0
40.0,0,175.6,67.7,-1.4,37.0,202.0
64.0,1,154.2,58.52,16.9,24.0,135.0
33.0,0,181.7,81.9,13.5,47.0,215.0
26.0,1,169.9,53.72,14.0,45.0,205.0
48.0,1,153.8,54.4,16.8,27.0,138.0
40.0,0,181.0,73.8,20.0,60.0,230.0
43.0,1,167.5,51.4,21.8,43.0,172.0
34.0,0,171.3,63.3,12.9,37.0,195.0
47.0,1,157.2,55.1,12.0,33.0,171.0
21.0,0,176.1,71.6,10.2,50.0,230.0
24.0,1,161.7,52.3,19.4,24.0,143.0
23.0,0,177.9,71.6,21.4,55.0,251.0
57.0,1,153.5,52.9,20.6,31.0,124.0
25.0,0,181.8,81.1,13.3,52.0,217.0
21.0,1,170.2,65.8,19.8,40.0,177.0
45.0,0,173.0,65.54,22.7,47.0,239.0
30.0,0,172.3,70.7,12.5,50.0,213.0
39.0,0,174.2,77.1,11.2,33.0,218.0
51.0,1,153.9,54.4,28.8,40.0,137.0
39.0,0,170.6,75.7,9.2,61.0,185.0
24.0,0,169.5,57.0,15.8,63.0,231.0
58.0,1,156.2,55.3,7.6,2.0,127.0
35.0,1,151.5,78.0,18.2,30.0,166.0
45.0,0,174.0,71.2,13.9,43.0,210.0
60.0,0,175.6,77.6,12.8,32.0,192.0
61.0,0,171.6,79.1,10.0,26.0,175.0
22.0,1,158.5,45.8,30.1,38.0,151.0
31.0,0,181.2,85.2,15.3,41.0,205.0
24.0,1,163.0,61.34,24.5,9.0,150.0
25.0,1,157.2,58.1,15.8,43.0,193.0
60.0,1,155.9,66.0,14.1,7.0,106.0
60.0,0,170.4,64.5,18.8,43.0,210.0
64.0,0,177.2,88.2,-7.2,19.0,153.0
61.0,0,171.5,73.8,12.9,28.0,152.0
23.0,0,167.7,61.8,12.3,56.0,236.0
35.0,0,179.0,79.0,29.3,62.0,259.0
28.0,1,174.4,69.2,27.8,38.0,175.0
59.0,0,172.8,69.0,19.1,33.0,190.0
26.0,0,179.5,97.6,-13.6,32.0,183.0
48.0,0,176.7,80.6,12.7,45.0,222.0
50.0,0,170.0,64.5,7.6,33.0,155.0
61.0,0,167.9,64.0,14.1,36.0,212.0
58.0,1,154.8,51.3,18.4,17.0,112.0
47.0,0,181.9,83.4,7.5,32.0,205.0
31.0,0,167.4,65.0,17.3,63.0,236.0
51.0,1,161.5,57.9,21.8,25.0,169.0
56.0,1,166.6,61.3,26.1,26.0,157.0
32.0,0,176.6,75.6,14.9,31.0,215.0
51.0,0,183.3,84.0,19.3,43.0,197.0
29.0,0,178.1,68.38,13.9,31.0,177.0
53.0,1,150.5,68.1,15.8,12.0,126.0
46.0,0,170.0,77.1,8.4,31.0,200.0
21.0,0,186.4,92.5,24.9,71.0,255.0
30.0,0,173.5,70.7,14.7,30.0,229.0
63.0,0,164.8,66.0,11.4,31.0,165.0
45.0,0,172.5,64.4,8.7,30.0,211.0
42.0,0,170.3,73.4,18.2,53.0,217.0
23.0,1,163.4,65.5,24.0,48.0,190.0
31.0,0,166.1,64.1,2.8,52.0,210.0
22.0,1,158.2,55.0,23.2,47.0,185.0
37.0,1,167.5,67.5,17.4,42.0,179.0
50.0,0,182.3,80.3,17.9,34.0,199.0
38.0,1,151.3,46.6,19.3,38.0,160.0
31.0,0,188.4,92.4,17.5,45.0,215.0
63.0,1,157.6,58.2,17.9,27.0,126.0
21.0,1,155.7,44.7,22.6,35.0,184.0
62.0,0,165.0,67.4,11.5,34.0,174.0
28.0,1,157.7,47.1,20.2,56.0,185.0
35.0,1,169.8,53.3,10.5,28.0,187.0
60.0,0,165.3,66.8,12.8,35.0,174.0
25.0,0,176.4,96.96,11.9,42.0,214.0
32.0,0,173.2,71.0,11.2,36.0,205.0
63.0,0,172.2,63.0,13.1,17.0,159.0
30.0,1,158.9,60.4,15.2,27.0,178.0
41.0,1,157.1,62.72,24.8,27.0,170.0
23.0,0,175.7,74.8,21.1,57.0,246.0
21.0,0,188.1,69.2,22.0,48.0,244.0
62.0,0,163.4,58.4,9.0,23.0,169.0
22.0,0,173.7,61.1,16.3,56.0,235.0
37.0,0,180.2,77.2,0.5,32.0,203.0
25.0,0,179.4,74.3,20.9,58.0,270.0
49.0,1,155.0,59.4,15.4,21.0,128.0
29.0,1,160.7,53.8,23.5,36.0,138.0
21.0,0,174.8,66.9,16.8,48.0,228.0
45.0,0,166.5,71.5,24.2,47.0,201.0
51.0,1,161.6,55.6,20.1,43.0,167.0
22.0,0,187.3,109.3,17.5,1.0,211.0
47.0,0,165.2,74.9,13.7,24.0,151.0
41.0,1,161.9,46.7,16.4,23.0,131.0
42.0,0,172.1,84.62,23.6,42.0,206.0
36.0,0,173.4,86.4,8.4,46.0,222.0
63.0,0,165.0,62.0,12.6,31.0,180.0
42.0,0,182.2,87.0,15.3,53.0,215.0
21.0,1,158.8,49.7,24.2,28.0,174.0
25.0,1,169.6,58.3,22.7,33.0,167.0
27.0,1,160.7,54.6,29.5,48.0,187.0
29.0,0,179.1,74.1,18.6,55.0,229.0
27.0,0,169.0,68.1,13.6,49.0,279.0
49.0,0,172.1,67.7,14.2,34.0,232.0
37.0,0,166.0,64.5,15.5,60.0,234.0
49.0,1,149.8,42.6,14.0,23.0,150.0
38.0,0,164.3,73.5,19.5,57.0,200.0
43.0,0,173.1,77.5,24.0,53.0,226.0
50.0,0,173.4,56.6,11.8,54.0,185.0
57.0,1,156.8,60.9,16.3,9.0,113.0
29.0,1,157.3,50.9,21.4,40.0,185.0
62.0,0,172.0,65.2,2.0,38.0,187.0
26.0,0,163.3,64.2,6.1,50.0,198.0
21.0,0,187.4,84.4,16.8,49.0,257.0
43.0,0,174.1,84.96,10.0,52.0,215.0
50.0,0,173.5,73.6,14.1,45.0,198.0
21.0,0,176.6,63.4,19.0,63.0,236.0
62.0,0,170.8,76.4,12.3,39.0,194.0
57.0,1,161.3,59.8,15.3,7.0,119.0
57.0,1,154.3,67.5,22.1,0.0,113.0
58.0,0,168.7,69.4,13.0,36.0,191.0
60.0,0,169.5,79.5,14.9,32.0,186.0
44.0,0,170.0,76.7,1.5,36.0,194.0
38.0,1,168.5,63.2,25.9,28.0,168.0
24.0,0,173.8,80.7,8.5,64.0,186.0
22.0,0,183.8,66.4,21.8,52.0,229.0
22.0,0,184.3,74.5,0.6,54.0,222.0
31.0,0,163.6,68.8,22.5,71.0,262.0
47.0,1,156.1,63.4,21.6,44.0,171.0
44.0,0,180.8,78.4,9.7,32.0,183.0
26.0,1,166.9,75.54,19.5,41.0,164.0
25.0,1,162.2,71.5,7.0,5.0,120.0
30.0,0,181.5,73.9,15.7,54.0,242.0
26.0,1,163.6,71.3,22.7,15.0,157.0
30.0,1,163.6,56.3,21.1,40.0,185.0
56.0,1,152.0,49.0,15.8,10.0,129.0
21.0,0,182.7,81.2,23.0,52.0,223.0
60.0,0,165.7,70.4,14.5,37.0,210.0
22.0,1,167.5,53.6,23.5,39.0,165.0
39.0,0,173.6,64.2,19.9,49.0,217.0
24.0,1,152.1,46.2,26.6,53.0,165.0
23.0,0,165.0,54.2,14.0,40.0,205.0
28.0,0,178.3,76.8,29.5,68.0,259.0
58.0,1,164.6,56.6,8.4,0.0,90.0
59.0,1,156.0,50.96,11.9,11.0,126.0
21.0,0,173.1,72.5,3.8,24.0,151.0
60.0,1,156.6,55.7,13.7,18.0,140.0
50.0,0,178.3,85.7,25.8,52.0,234.0
29.0,0,172.7,72.6,3.3,40.0,213.0
62.0,0,176.3,76.6,7.7,34.0,167.0
26.0,0,172.8,68.6,12.7,58.0,201.0
40.0,0,170.0,71.9,5.0,41.0,195.0
23.0,0,168.0,64.1,20.4,67.0,250.0
39.0,0,177.4,74.1,16.1,35.0,233.0
21.0,1,162.2,54.1,11.5,42.0,178.0
24.0,1,165.7,54.3,25.5,48.0,164.0
27.0,0,179.0,80.0,16.4,60.0,234.0
29.0,0,169.6,62.8,16.6,66.0,229.0
34.0,0,177.4,86.0,11.3,60.0,210.0
32.0,0,178.0,84.5,16.2,62.0,232.0
25.0,1,168.6,69.4,16.2,26.0,171.0
22.0,0,174.4,56.2,-4.3,37.0,221.0
34.0,0,172.5,77.2,11.0,47.0,206.0
60.0,0,177.1,88.58,13.7,17.0,170.0
64.0,1,144.1,54.8,3.4,0.0,60.0
23.0,0,171.1,64.8,12.3,55.0,241.0
28.0,1,159.5,48.8,24.0,43.0,173.0
44.0,0,173.9,94.3,5.1,29.0,170.0
46.0,0,175.8,96.3,-4.1,27.0,192.0
28.0,0,181.3,82.0,14.9,55.0,265.0
23.0,0,179.3,75.7,8.1,54.0,209.0
21.0,1,165.9,71.0,25.1,34.0,180.0
33.0,0,184.5,108.3,16.7,50.0,224.0
23.0,0,171.5,70.7,17.4,61.0,236.0
38.0,0,173.6,70.8,18.0,56.0,255.0
60.0,1,160.6,59.18,21.8,15.0,141.0
28.0,0,175.0,61.1,-0.2,39.0,210.0
55.0,1,165.5,65.7,22.6,26.0,172.0
28.0,0,171.3,68.7,23.2,71.0,269.0
21.0,1,164.5,54.02,22.6,45.0,176.0
61.0,1,161.5,48.3,26.3,9.0,104.0
28.0,0,178.4,71.0,4.2,60.0,208.0
46.0,0,168.0,62.6,18.1,50.0,224.0
23.0,0,171.0,79.9,2.1,15.0,131.0
26.0,0,180.6,80.1,21.0,51.0,261.0
22.0,1,165.8,56.2,17.9,27.0,109.0
57.0,1,161.3,57.4,27.0,36.0,160.0
24.0,0,176.7,77.2,17.0,60.0,288.0
21.0,0,165.1,64.76,16.8,46.0,197.0
23.0,1,162.2,57.5,21.9,27.0,148.0
24.0,0,184.8,89.2,17.5,30.0,220.0
23.0,0,175.6,65.5,19.8,55.0,224.0
57.0,0,162.1,54.0,20.3,46.0,194.0
58.0,0,174.1,71.96,-5.4,15.0,118.0
37.0,1,161.0,62.7,31.2,15.0,128.0
23.0,1,162.7,51.7,21.4,59.0,200.0
23.0,0,176.2,85.9,3.7,58.0,246.0
26.0,0,176.0,70.6,-6.1,47.0,246.0
42.0,0,172.8,80.1,20.9,49.0,233.0
42.0,0,166.3,71.6,11.5,48.0,197.0
51.0,1,152.6,46.3,16.0,15.0,141.0
25.0,0,171.7,70.3,6.7,53.0,204.0
39.0,0,183.2,98.76,9.9,33.0,205.0
47.0,1,160.0,59.6,15.5,26.0,155.0
35.0,0,172.2,73.3,21.4,53.0,249.0
25.0,0,178.7,83.4,15.9,55.0,227.0
41.0,0,168.3,63.3,17.0,44.0,215.0
55.0,1,154.6,58.9,18.5,27.0,115.0
53.0,0,173.7,70.0,21.3,48.0,184.0
36.0,0,161.7,74.8,17.4,44.0,208.0
60.0,1,158.8,65.5,20.1,21.0,147.0
37.0,0,181.0,76.1,15.3,40.0,217.0
37.0,0,173.0,72.0,18.9,52.0,243.0
59.0,1,162.4,64.2,15.7,12.0,115.0
31.0,1,166.3,61.8,15.8,27.0,128.0
22.0,0,163.2,62.1,12.7,51.0,197.0
37.0,1,158.5,53.0,6.3,16.0,125.0
26.0,0,167.1,67.4,12.5,48.0,229.0
26.0,0,182.9,77.32,18.5,57.0,227.0
61.0,1,165.9,65.8,4.4,11.0,112.0
51.0,0,174.5,71.2,13.0,41.0,203.0
51.0,1,163.9,52.82,20.7,30.0,164.0
59.0,1,147.5,53.7,18.7,15.0,142.0
57.0,0,162.4,65.8,10.8,23.0,160.0
26.0,1,159.6,48.62,12.9,32.0,149.0
30.0,0,169.0,71.9,25.5,46.0,228.0
22.0,0,179.5,61.6,24.0,50.0,263.0
57.0,1,153.2,50.6,22.4,29.0,150.0
25.0,0,179.6,89.3,-9.7,43.0,182.0
31.0,1,160.2,57.4,18.2,35.0,181.0
31.0,0,178.2,78.3,6.1,47.0,202.0
29.0,0,169.5,81.4,19.5,44.0,251.0
28.0,0,165.6,68.9,14.9,61.0,243.0
49.0,0,175.5,108.5,-10.0,19.0,74.0
40.0,0,177.1,67.6,14.6,50.0,243.0
45.0,0,174.0,79.1,11.5,48.0,184.0
42.0,0,171.3,78.1,15.5,46.0,202.0
21.0,0,166.1,64.1,18.9,56.0,230.0
41.0,0,168.0,65.5,17.0,56.0,236.0
29.0,0,180.0,88.1,18.9,50.0,218.0
22.0,0,171.3,62.2,20.6,58.0,229.0
21.0,0,173.4,60.4,12.8,42.0,212.0
28.0,0,165.3,69.5,11.1,50.0,218.0
58.0,1,155.8,48.1,19.7,4.0,147.0
34.0,0,176.3,83.3,12.1,50.0,220.0
32.0,0,178.1,70.9,24.6,33.0,235.0
48.0,0,167.4,73.1,9.3,40.0,213.0
38.0,1,159.6,52.2,19.3,39.0,157.0
33.0,1,169.4,56.6,30.3,50.0,138.0
38.0,0,176.0,82.9,17.7,50.0,238.0
63.0,1,151.0,55.0,25.5,28.0,135.0
42.0,0,171.7,70.5,16.5,47.0,216.0
23.0,1,167.0,52.1,19.9,41.0,175.0
23.0,1,169.0,68.6,34.0,51.0,190.0
28.0,1,166.7,58.1,24.4,37.0,198.0
26.0,1,168.9,59.9,13.8,38.0,171.0
44.0,0,172.6,75.9,6.1,39.0,220.0
27.0,1,166.7,52.9,19.3,25.0,126.0
35.0,0,176.2,63.9,6.6,45.0,204.0
63.0,1,149.4,57.0,23.5,0.0,69.0
62.0,0,171.8,64.5,13.0,35.0,183.0
50.0,0,178.2,79.4,6.1,45.0,181.0
34.0,0,179.1,85.6,12.0,50.0,196.0
23.0,0,171.2,65.7,12.4,60.0,237.0
28.0,1,165.7,69.3,21.1,40.0,192.0
49.0,0,178.0,86.7,-0.9,30.0,186.0
38.0,0,179.4,78.2,11.0,42.0,225.0
28.0,1,161.5,65.5,28.9,49.0,213.0
60.0,0,175.7,83.5,-0.6,36.0,190.0
21.0,0,171.2,71.8,8.0,37.0,175.0
38.0,1,157.2,51.7,14.7,19.0,139.0
64.0,0,170.8,75.8,10.0,26.0,171.0
21.0,0,180.0,76.6,13.6,28.0,219.0
63.0,1,156.3,46.1,17.3,15.0,142.0
62.0,0,175.5,72.4,11.7,42.0,188.0
41.0,1,160.7,53.4,10.4,40.0,157.0
27.0,0,171.0,71.5,-0.1,40.0,206.0
25.0,0,185.0,88.6,20.0,63.0,220.0
27.0,0,178.7,78.82,-8.9,47.0,202.0
26.0,1,164.2,50.9,16.2,36.0,167.0
31.0,0,173.0,72.7,3.7,34.0,199.0
23.0,0,180.6,80.3,16.5,51.0,245.0
41.0,0,169.5,65.3,6.8,38.0,185.0
55.0,0,182.0,78.3,11.1,35.0,152.0
39.0,0,175.8,76.2,-3.2,46.0,228.0
39.0,1,161.3,54.6,15.0,23.0,155.0
21.0,0,176.5,71.4,17.3,52.0,280.0
55.0,1,151.0,51.4,18.5,14.0,119.0
46.0,1,153.9,67.74,15.8,31.0,141.0
30.0,0,167.7,70.9,18.8,55.0,232.0
21.0,0,179.9,75.0,19.6,61.0,226.0
47.0,1,159.0,60.1,13.5,20.0,116.0
21.0,0,167.5,56.2,17.2,65.0,270.0
23.0,1,166.5,55.6,18.8,38.0,137.0
26.0,0,179.0,81.72,10.0,42.0,189.0
22.0,0,184.5,74.1,14.8,47.0,211.0
59.0,1,143.7,54.6,21.2,20.0,120.0
56.0,0,166.8,64.0,13.0,36.0,197.0
28.0,0,173.9,64.7,5.4,41.0,237.0
23.0,0,175.2,70.8,11.0,44.0,196.0
25.0,0,178.1,82.1,-2.0,44.0,194.0
59.0,0,171.2,69.1,5.2,24.0,126.0
56.0,1,152.3,46.9,14.0,14.0,124.0
51.0,0,168.2,73.1,7.6,36.0,213.0
23.0,1,163.6,54.7,21.0,48.0,127.0
53.0,0,168.6,65.3,9.3,30.0,195.0
30.0,0,174.4,68.6,18.6,56.0,234.0
60.0,1,148.4,50.1,32.6,13.0,130.0
23.0,0,170.9,69.2,2.5,55.0,214.0
23.0,0,169.7,71.68,22.2,30.0,198.0
49.0,1,157.5,48.0,22.6,38.0,180.0
26.0,0,166.0,67.3,16.1,48.0,220.0
28.0,1,173.0,64.3,27.0,48.0,207.0
56.0,0,161.1,60.6,14.1,32.0,155.0
42.0,1,163.3,53.7,4.1,6.0,133.0
33.0,0,181.7,78.0,29.2,60.0,250.0
63.0,0,162.8,71.3,13.4,33.0,182.0
23.0,1,159.8,52.7,25.4,61.0,195.0
24.0,0,175.5,94.0,10.1,42.0,189.0
24.0,0,184.6,82.4,-0.8,41.0,224.0
47.0,0,175.4,86.7,15.0,49.0,194.0
60.0,0,169.2,77.5,9.8,51.0,175.0
29.0,0,175.6,84.5,12.5,49.0,240.0
44.0,0,176.6,78.5,20.0,35.0,200.0
25.0,1,159.1,55.3,22.0,45.0,173.0
35.0,0,179.2,64.7,22.5,46.0,239.0
23.0,0,172.0,88.7,17.9,29.0,185.0
27.0,0,161.8,68.9,17.5,61.0,202.0
52.0,0,173.3,85.9,13.2,35.0,203.0
27.0,0,180.7,86.5,19.5,42.0,241.0
40.0,1,160.5,68.8,2.0,16.0,119.0
22.0,0,176.5,74.3,19.7,55.0,229.0
32.0,0,181.2,87.0,20.2,68.0,239.0
21.0,0,173.2,65.78,19.7,61.0,251.0
39.0,0,181.7,94.0,6.4,26.0,217.0
22.0,1,157.7,54.5,19.4,30.0,162.0
32.0,1,156.8,54.5,15.2,34.0,148.0
24.0,0,169.9,58.8,11.3,52.0,202.0
59.0,0,172.6,77.0,14.1,30.0,160.0
32.0,0,170.0,71.6,20.5,41.0,183.0
64.0,1,151.3,52.2,14.3,17.0,108.0
27.0,0,171.8,75.1,8.6,54.0,211.0
49.0,0,177.6,84.1,14.4,56.0,221.0
26.0,1,163.7,60.9,15.5,50.0,191.0
36.0,1,161.4,54.3,22.0,23.0,148.0
51.0,0,170.2,86.8,16.4,32.0,223.0
47.0,1,157.7,59.6,16.9,36.0,175.0
28.0,0,169.4,77.3,17.6,54.0,230.0
55.0,0,172.0,59.8,8.8,48.0,204.0
26.0,1,160.9,51.5,29.7,36.0,168.0
52.0,0,169.3,68.8,11.3,36.0,182.0
35.0,0,178.5,78.4,17.1,64.0,237.0
23.0,0,168.2,61.3,15.5,43.0,253.0
30.0,0,177.5,77.2,-0.5,35.0,210.0
37.0,0,172.5,70.3,20.4,41.0,220.0
23.0,0,173.9,70.5,18.8,46.0,195.0
24.0,1,164.3,52.9,21.0,43.0,172.0
27.0,0,173.8,68.4,14.1,49.0,244.0
26.0,1,158.8,56.9,20.8,37.0,172.0
29.0,1,160.7,47.5,18.3,42.0,170.0
25.0,0,181.1,81.5,20.8,65.0,250.0
60.0,0,172.6,72.8,9.2,27.0,181.0
26.0,0,167.5,66.0,0.3,44.0,254.0
23.0,0,165.3,58.2,19.2,51.0,233.0
24.0,0,174.3,72.5,13.8,50.0,225.0
27.0,0,180.9,82.3,15.4,46.0,225.0
35.0,0,172.3,76.6,18.3,46.0,209.0
22.0,0,180.7,81.5,11.6,62.0,247.0
21.0,0,170.1,81.0,-1.0,47.0,160.0
23.0,0,175.1,72.7,-6.44,48.0,212.0
63.0,1,151.8,50.2,24.9,5.0,130.0
55.0,0,176.6,62.4,13.2,46.0,190.0
28.0,1,165.7,86.0,23.9,29.0,133.0
30.0,0,169.7,77.9,18.0,54.0,232.0
60.0,0,173.0,68.4,12.3,52.0,195.0
25.0,1,156.3,48.6,29.8,41.0,155.0
22.0,1,160.5,50.7,25.6,44.0,202.0
25.0,0,163.2,61.8,9.6,48.0,199.0
61.0,1,153.8,52.3,17.4,18.0,124.0
38.0,1,164.4,56.2,17.1,29.0,169.0
25.0,0,174.7,98.3,11.0,55.0,160.0
39.0,0,182.7,80.0,14.9,46.0,222.0
38.0,0,176.7,67.7,7.7,38.0,195.0
29.0,1,156.1,50.0,23.9,49.0,194.0
64.0,0,160.5,67.9,6.5,27.0,180.0
21.0,0,169.9,76.6,17.1,37.0,237.0
21.0,1,156.1,52.7,15.3,47.0,182.0
63.0,0,167.4,59.8,11.7,19.0,184.0
52.0,1,147.8,49.6,13.5,15.0,160.0
28.0,1,157.1,52.1,14.7,41.0,167.0
49.0,0,167.1,72.0,3.6,27.0,177.0
22.0,0,176.1,70.1,12.9,36.0,247.0
31.0,0,176.7,93.84,15.2,50.0,226.0
39.0,0,174.8,94.1,10.8,35.0,234.0
63.0,0,160.5,68.2,14.3,31.0,174.0
36.0,0,175.0,70.5,14.2,49.0,230.0
23.0,0,165.6,63.3,28.6,52.0,186.0
26.0,0,175.7,75.3,23.1,52.0,228.0
23.0,1,158.2,47.9,10.9,26.0,131.0
40.0,1,157.8,44.5,25.9,21.0,148.0
32.0,0,171.5,71.9,15.7,47.0,238.0
56.0,0,166.3,69.9,12.9,32.0,204.0
58.0,1,148.3,62.4,5.0,5.0,121.0
31.0,1,162.5,56.7,18.9,37.0,151.0
25.0,1,157.2,43.2,18.5,42.0,160.0
22.0,1,160.1,52.7,26.6,47.0,188.0
21.0,0,175.3,74.6,-8.0,34.0,183.0
54.0,0,163.5,56.88,18.3,44.0,205.0
21.0,0,180.8,76.2,16.8,52.0,218.0
26.0,0,172.4,78.9,13.6,63.0,252.0
46.0,0,175.9,78.9,8.6,42.0,200.0
50.0,1,166.0,61.2,16.8,18.0,130.0
21.0,0,167.9,69.1,12.0,43.0,200.0
51.0,0,162.4,58.4,25.3,53.0,229.0
30.0,1,168.6,56.2,13.8,49.0,174.0
21.0,1,164.0,58.2,25.7,45.0,173.0
21.0,0,186.3,74.4,3.7,53.0,214.0
49.0,0,172.5,66.8,15.6,51.0,182.0
30.0,0,180.0,81.7,14.7,56.0,221.0
51.0,0,168.2,67.6,12.0,46.0,187.0
61.0,0,176.4,70.18,5.6,26.0,152.0
64.0,1,155.3,55.72,13.2,4.0,108.0
41.0,0,178.3,86.1,8.5,42.0,223.0
47.0,1,156.5,49.1,19.4,18.0,150.0
30.0,0,172.5,67.4,16.6,54.0,255.0
63.0,0,171.3,65.6,5.4,26.0,172.0
22.0,1,159.3,54.0,27.2,33.0,189.0
22.0,0,167.6,72.7,22.1,67.0,260.0
41.0,1,154.2,46.5,19.0,36.0,142.0
21.0,1,156.0,55.7,33.2,39.0,187.0
22.0,0,176.7,72.4,6.8,50.0,220.0
34.0,0,173.0,75.0,12.0,42.0,210.0
42.0,0,168.0,74.9,10.0,41.0,211.0
21.0,0,173.2,65.2,12.3,50.0,208.0
47.0,1,164.7,65.3,18.8,17.0,150.0
22.0,1,162.6,54.9,29.8,36.0,192.0
21.0,1,166.3,60.9,28.3,47.0,194.0
21.0,0,180.3,86.4,1.2,29.0,191.0
22.0,0,177.2,73.4,10.6,55.0,223.0
22.0,0,168.5,74.5,-8.0,45.0,205.0
29.0,0,173.7,74.9,14.4,61.0,223.0
29.0,0,170.4,68.0,24.6,57.0,235.0
56.0,1,151.3,50.0,19.5,16.0,140.0
30.0,0,182.8,81.2,10.3,48.0,225.0
26.0,1,154.9,71.92,22.5,45.0,188.0
40.0,1,158.0,53.8,17.0,29.0,170.0
30.0,0,174.2,79.3,0.5,47.0,215.0
54.0,1,162.4,56.2,16.6,19.0,143.0
23.0,0,167.9,66.1,25.9,59.0,259.0
26.0,0,177.3,78.4,22.4,57.0,243.0
21.0,0,174.1,65.6,26.9,59.0,226.0
22.0,0,178.4,81.9,1.3,61.0,215.0
38.0,0,171.8,94.2,0.4,38.0,169.0
25.0,1,160.1,51.7,21.1,47.0,159.0
27.0,1,160.7,57.1,20.5,46.0,195.0
62.0,0,153.4,56.5,12.9,26.0,160.0
25.0,0,168.2,80.8,19.3,45.0,250.0
63.0,0,169.4,70.5,13.4,25.0,132.0
63.0,0,163.2,56.8,9.4,30.0,178.0
56.0,1,167.0,69.2,20.5,22.0,143.0
53.0,1,156.1,62.3,14.0,2.0,135.0
60.0,0,166.8,54.2,15.7,45.0,191.0
51.0,0,171.5,68.8,-2.0,20.0,175.0
59.0,0,166.1,67.8,22.4,34.0,188.0
39.0,0,183.9,82.6,11.7,46.0,190.0
53.0,0,172.9,83.9,14.1,25.0,168.0
32.0,0,164.7,63.8,22.1,50.0,245.0
30.0,0,168.7,66.5,10.9,51.0,228.0
31.0,0,183.6,80.5,-1.8,59.0,212.0
45.0,0,174.7,62.6,11.2,57.0,221.0
22.0,0,174.4,74.1,22.5,61.0,234.0
24.0,0,176.3,73.58,22.4,61.0,235.0
49.0,1,151.4,55.7,22.3,32.0,140.0
61.0,1,158.8,55.94,21.5,4.0,152.0
23.0,1,164.4,64.3,23.4,43.0,199.0
26.0,1,162.8,47.1,20.3,50.0,190.0
57.0,0,175.0,76.5,7.0,50.0,210.0
34.0,0,174.9,83.3,15.0,40.0,211.0
39.0,0,166.6,66.0,14.6,49.0,223.0
57.0,0,172.4,69.1,6.3,31.0,181.0
25.0,1,173.0,66.2,26.3,43.0,183.0
57.0,1,152.4,55.2,18.7,25.0,100.0
21.0,1,157.5,47.5,18.8,43.0,168.0
21.0,0,178.0,64.0,12.4,48.0,244.0
26.0,0,181.0,80.2,19.4,68.0,246.0
49.0,1,155.2,75.1,25.1,5.0,125.0
48.0,0,179.1,80.9,-0.4,27.0,162.0
57.0,0,171.0,78.1,10.5,17.0,163.0
21.0,1,165.9,62.4,27.5,51.0,201.0
25.0,0,177.3,78.0,29.0,49.0,224.0
48.0,0,173.7,70.16,31.0,50.0,205.0
51.0,0,173.6,69.1,14.5,37.0,222.0
40.0,0,178.5,80.1,28.8,70.0,235.0
21.0,1,163.1,53.0,26.6,33.0,138.0
25.0,0,168.2,68.8,7.4,47.0,201.0
48.0,0,172.2,85.1,5.9,34.0,220.0
41.0,0,170.9,79.2,4.0,28.0,199.0
35.0,1,168.5,81.4,21.1,25.0,156.0
44.0,0,172.5,68.8,8.0,31.0,210.0
51.0,0,172.0,67.8,6.3,22.0,200.0
27.0,0,177.0,87.4,18.0,58.0,238.0
60.0,0,163.9,67.8,3.1,16.0,180.0
64.0,1,155.9,51.5,22.2,25.0,107.0
46.0,1,163.0,63.8,-4.0,0.0,110.0
29.0,0,175.2,85.4,16.8,54.0,253.0
55.0,0,163.7,66.9,10.5,20.0,177.0
62.0,1,159.8,57.9,21.5,43.0,147.0
28.0,0,169.7,64.9,18.0,57.0,225.0
42.0,0,173.2,65.8,4.8,37.0,176.0
58.0,0,165.6,70.0,10.8,40.0,200.0
33.0,0,168.3,63.8,2.5,45.0,205.0
58.0,0,162.0,62.7,15.5,41.0,191.0
31.0,0,168.0,64.7,22.4,51.0,247.0
45.0,1,153.4,33.7,11.5,8.0,0.0
24.0,0,178.7,79.5,6.0,30.0,196.0
44.0,1,165.8,62.0,14.8,21.0,142.0
22.0,1,159.4,55.3,29.7,53.0,200.0
24.0,1,160.2,55.6,26.4,32.0,178.0
21.0,0,173.9,66.4,18.8,54.0,260.0
35.0,1,162.0,48.2,21.0,35.0,146.0
26.0,0,166.0,70.6,12.5,63.0,185.0
60.0,0,160.8,53.8,5.0,42.0,150.0
25.0,0,175.0,72.4,2.9,45.0,214.0
28.0,0,166.1,54.5,11.4,44.0,212.0
22.0,0,169.3,90.3,-2.6,39.0,192.0
21.0,1,161.0,55.1,22.0,54.0,175.0
62.0,1,161.9,61.6,20.5,15.0,98.0
21.0,0,182.2,80.3,15.6,62.0,242.0
34.0,0,180.8,75.26,24.5,55.0,235.0
41.0,0,178.0,77.0,16.4,66.0,264.0
27.0,0,181.4,88.74,11.0,56.0,195.0
28.0,1,172.8,64.6,15.1,52.0,211.0
26.0,1,158.8,44.5,20.0,24.0,147.0
25.0,0,166.3,65.0,17.8,62.0,238.0
39.0,0,176.1,70.4,9.6,43.0,212.0
21.0,0,170.0,61.7,13.6,48.0,226.0
63.0,0,166.8,58.4,10.4,30.0,181.0
59.0,0,172.1,66.0,17.2,43.0,190.0
29.0,0,182.1,100.3,12.9,54.0,204.0
31.0,1,158.9,56.7,20.2,52.0,174.0
30.0,0,180.7,86.6,23.9,43.0,239.0
26.0,0,179.7,82.1,7.0,44.0,224.0
33.0,0,164.6,63.1,20.0,64.0,240.0
51.0,1,156.0,63.3,16.1,20.0,162.0
49.0,1,151.7,59.7,14.8,26.0,137.0
56.0,0,173.0,70.9,11.1,44.0,162.0
23.0,1,166.3,65.9,16.3,29.0,160.0
28.0,1,158.7,57.1,15.7,24.0,160.0
25.0,1,157.7,52.62,25.8,45.0,153.0
25.0,0,179.4,81.36,2.9,56.0,215.0
28.0,1,165.2,58.5,26.6,33.0,164.0
22.0,0,171.4,73.6,17.2,76.0,273.0
26.0,1,164.4,54.6,19.4,34.0,175.0
60.0,1,152.4,56.1,15.8,18.0,138.0
56.0,1,158.7,63.7,2.0,10.0,130.0
33.0,0,170.6,67.8,23.0,53.0,239.0
25.0,0,178.0,67.0,17.2,50.0,230.0
29.0,0,191.3,85.2,26.3,59.0,222.0
43.0,1,159.6,71.9,11.5,12.0,155.0
21.0,0,183.6,78.0,21.3,63.0,250.0
50.0,1,152.5,39.3,12.7,1.0,109.0
26.0,0,166.3,67.2,16.8,49.0,241.0
64.0,0,170.8,71.2,10.4,50.0,194.0
28.0,0,175.1,69.6,16.3,38.0,210.0
56.0,1,163.6,54.2,15.1,7.0,112.0
31.0,1,164.3,52.2,20.0,40.0,171.0
60.0,1,150.8,40.8,18.8,23.0,139.0
42.0,1,167.2,67.7,13.0,26.0,187.0
45.0,0,177.0,72.6,10.0,43.0,215.0
30.0,0,174.5,81.8,16.3,65.0,232.0
53.0,0,175.0,76.4,23.5,54.0,219.0
27.0,0,187.4,76.6,13.4,43.0,202.0
27.0,0,180.0,71.4,17.1,59.0,223.0
27.0,0,170.7,72.0,20.6,59.0,237.0
50.0,0,182.4,77.2,14.6,62.0,201.0
37.0,0,170.5,69.0,18.2,53.0,238.0
24.0,1,166.6,51.3,19.2,42.0,184.0
36.0,0,178.4,88.2,22.7,50.0,233.0
25.0,1,157.8,44.8,18.9,38.0,162.0
28.0,0,173.8,78.5,19.9,57.0,237.0
37.0,0,181.1,67.8,15.9,43.0,231.0
61.0,0,176.9,74.68,15.2,26.0,189.0
23.0,0,172.7,77.0,18.1,47.0,233.0
44.0,0,167.8,65.0,13.4,55.0,237.0
49.0,1,164.7,72.1,15.3,22.0,137.0
56.0,1,159.2,47.9,12.1,26.0,141.0
23.0,1,157.1,57.7,33.0,33.0,153.0
40.0,0,176.9,72.4,14.5,44.0,196.0
37.0,0,185.2,77.7,12.6,55.0,226.0
57.0,0,169.2,74.5,16.7,38.0,194.0
38.0,0,170.2,61.7,10.6,49.0,188.0
35.0,1,160.7,58.4,20.4,27.0,150.0
23.0,0,166.6,69.8,13.7,57.0,242.0
62.0,1,150.3,51.4,18.3,8.0,115.0
60.0,1,156.1,62.62,21.8,19.0,150.0
39.0,1,167.5,52.1,15.0,32.0,125.0
55.0,1,171.8,95.1,0.7,0.0,131.0
27.0,0,183.7,81.8,20.2,57.0,230.0
31.0,0,179.7,85.5,1.7,48.0,172.0
26.0,0,175.9,97.8,1.1,26.0,181.0
60.0,0,171.7,59.3,13.7,31.0,163.0
27.0,0,181.2,68.4,-2.2,45.0,215.0
53.0,0,173.1,73.5,5.5,39.0,198.0
29.0,0,167.0,64.0,17.1,49.0,233.0
58.0,0,171.6,71.5,18.0,21.0,198.0
23.0,0,178.6,69.3,7.9,48.0,196.0
55.0,1,159.0,54.2,15.5,14.0,112.0
39.0,0,180.0,77.7,25.0,43.0,227.0
46.0,1,159.2,62.3,-1.0,17.0,118.0
34.0,0,173.4,69.1,16.7,43.0,198.0
28.0,1,164.0,56.3,23.7,41.0,139.0
24.0,0,168.9,60.8,24.2,55.0,235.0
49.0,0,170.8,71.5,14.0,30.0,214.0
60.0,1,161.5,64.4,21.5,12.0,127.0
40.0,0,173.0,72.1,3.7,46.0,239.0
35.0,0,180.1,98.3,7.1,54.0,184.0
41.0,0,173.3,64.1,11.3,43.0,221.0
21.0,0,173.4,61.8,29.2,57.0,278.0
54.0,0,170.1,78.1,17.5,28.0,187.0
59.0,0,175.6,79.7,15.2,31.0,191.0
22.0,1,164.6,71.0,15.6,37.0,174.0
32.0,1,159.2,56.7,27.5,37.0,175.0
21.0,0,176.4,65.4,11.1,52.0,230.0
47.0,0,172.2,72.7,14.7,36.0,213.0
27.0,0,171.6,74.3,14.6,56.0,217.0
22.0,0,175.7,67.1,14.3,64.0,257.0
27.0,1,158.8,50.7,11.0,48.0,185.0
30.0,1,159.0,59.4,26.3,29.0,151.0
50.0,0,178.2,88.4,19.3,51.0,0.0
21.0,1,166.1,98.7,19.7,39.0,180.0
36.0,0,169.0,58.4,21.1,27.0,139.0
46.0,0,169.5,85.1,13.0,48.0,203.0
26.0,1,155.0,46.2,23.2,39.0,180.0
36.0,0,165.2,55.4,12.9,41.0,219.0
27.0,0,162.8,66.7,10.0,65.0,230.0
23.0,0,170.7,68.08,1.6,44.0,208.0
40.0,0,170.0,67.7,0.5,31.0,206.0
26.0,0,182.5,71.68,12.9,45.0,196.0
26.0,0,173.0,74.3,20.7,52.0,235.0
21.0,0,179.1,88.4,-6.8,51.0,218.0
29.0,1,165.2,53.0,20.9,45.0,153.0
61.0,0,178.2,83.1,13.1,40.0,178.0
25.0,1,156.0,46.8,21.9,42.0,179.0
64.0,1,155.8,52.2,24.7,1.0,113.0
64.0,0,167.2,73.0,18.7,24.0,152.0
23.0,1,167.2,60.3,30.3,47.0,198.0
40.0,0,172.3,73.0,18.1,50.0,242.0
25.0,0,178.4,78.9,19.3,46.0,252.0
32.0,0,166.8,80.5,22.7,54.0,230.0
46.0,1,162.0,63.2,0.7,12.0,138.0
23.0,0,179.5,74.44,23.2,51.0,229.0
24.0,0,176.3,85.3,17.3,46.0,213.0
36.0,0,164.9,82.9,4.7,28.0,174.0
21.0,0,185.3,93.4,18.5,64.0,202.0
29.0,0,182.7,70.5,5.5,43.0,201.0
36.0,0,170.8,70.4,22.0,49.0,225.0
39.0,0,170.6,76.54,13.9,43.0,218.0
57.0,1,157.3,57.04,18.1,7.0,139.0
28.0,0,174.5,71.4,22.8,57.0,226.0
25.0,0,165.0,70.0,20.0,55.0,255.0
53.0,1,152.7,46.9,18.5,20.0,152.0
35.0,1,163.5,62.5,0.4,18.0,151.0
21.0,1,159.2,58.3,28.0,43.0,164.0
38.0,1,165.9,55.6,21.8,52.0,170.0
26.0,0,177.0,69.5,20.0,65.0,279.0
38.0,0,185.0,87.6,20.0,50.0,215.0
54.0,0,163.7,69.4,14.0,30.0,180.0
61.0,1,157.8,55.4,14.1,2.0,148.0
63.0,1,157.2,60.62,19.8,6.0,60.0
21.0,1,159.6,49.1,25.2,43.0,173.0
23.0,0,167.4,61.54,28.1,67.0,247.0
25.0,0,168.5,73.0,14.2,47.0,213.0
38.0,1,168.0,65.7,22.1,39.0,170.0
25.0,0,169.0,60.1,19.7,51.0,202.0
54.0,0,178.3,77.6,-1.9,37.0,167.0
21.0,0,179.2,79.8,11.0,56.0,227.0
60.0,1,159.9,62.7,8.9,5.0,78.0
44.0,1,155.4,80.4,16.6,17.0,126.0
21.0,0,187.6,80.7,10.3,46.0,255.0
22.0,1,157.1,57.5,24.8,36.0,173.0
42.0,1,161.3,57.2,26.4,30.0,163.0
27.0,0,168.9,83.2,21.8,56.0,218.0
39.0,0,172.7,78.2,12.4,33.0,219.0
59.0,1,163.3,62.54,22.5,34.0,135.0
46.0,0,172.0,79.5,22.6,37.0,229.0
27.0,0,177.3,75.88,20.7,50.0,226.0
51.0,0,164.1,70.9,14.0,40.0,211.0
47.0,1,161.9,54.0,23.6,24.0,161.0
44.0,0,174.6,75.0,12.0,38.0,218.0
28.0,0,173.5,82.44,19.9,46.0,205.0
35.0,0,175.1,63.3,21.4,46.0,224.0
31.0,0,170.9,73.5,9.5,54.0,226.0
37.0,0,177.2,70.4,14.2,54.0,225.0
49.0,0,167.4,64.1,22.7,37.0,215.0
62.0,1,151.3,48.4,24.4,19.0,146.0
32.0,0,173.9,78.4,20.36,53.0,266.0
38.0,0,171.9,78.0,8.7,44.0,224.0
55.0,0,180.7,66.8,5.9,30.0,191.0
23.0,1,164.7,62.5,14.7,41.0,165.0
54.0,0,164.6,64.5,16.1,33.0,204.0
22.0,1,158.7,50.6,25.0,38.0,170.0
37.0,0,166.3,63.72,11.6,39.0,186.0
21.0,1,156.9,60.6,22.0,54.0,192.0
52.0,0,170.7,87.6,15.4,58.0,195.0
63.0,0,165.8,63.9,14.2,28.0,160.0
34.0,0,172.0,61.0,15.0,41.0,230.0
44.0,1,156.3,62.1,13.3,37.0,155.0
29.0,1,165.8,60.0,23.6,49.0,205.0
24.0,0,170.4,85.5,7.2,55.0,184.0
56.0,0,176.8,73.8,10.4,33.0,179.0
24.0,1,159.6,62.9,26.5,43.0,177.0
60.0,1,157.6,57.2,17.4,17.0,110.0
50.0,0,167.1,74.4,18.9,64.0,227.0
57.0,1,160.4,62.4,19.5,15.0,148.0
55.0,0,163.1,62.1,12.9,31.0,173.0
42.0,0,171.5,91.0,3.2,27.0,203.0
21.0,0,174.8,65.0,1.3,43.0,195.0
27.0,1,161.1,58.2,24.8,26.0,155.0
21.0,1,159.1,49.7,24.9,35.0,180.0
21.0,0,172.8,67.9,25.1,69.0,245.0
38.0,0,174.3,68.4,17.5,62.0,236.0
42.0,1,158.5,48.9,19.5,44.0,181.0
54.0,1,160.4,54.2,16.4,28.0,134.0
43.0,1,164.1,58.1,11.5,28.0,179.0
34.0,0,153.1,70.2,13.0,39.0,108.0
39.0,1,161.1,56.9,7.9,45.0,151.0
31.0,0,170.0,72.0,18.4,44.0,198.0
49.0,0,170.4,75.9,3.5,30.0,187.0
39.0,1,147.3,50.7,16.8,35.0,129.0
64.0,1,148.6,66.46,0.9,8.0,144.0
59.0,0,178.1,82.1,5.3,34.0,173.0
59.0,0,160.4,64.0,15.1,21.0,217.0
57.0,1,148.0,54.0,18.8,16.0,137.0
21.0,0,169.3,71.1,17.1,58.0,234.0
43.0,1,171.3,56.52,8.8,29.0,154.0
28.0,0,174.3,59.48,16.1,53.0,233.0
34.0,1,161.9,57.3,24.8,37.0,158.0
40.0,0,183.5,77.4,22.3,37.0,213.0
25.0,0,175.2,72.1,17.1,56.0,231.0
27.0,0,180.3,102.4,-17.0,23.0,160.0
23.0,1,162.5,51.1,28.8,44.0,188.0
32.0,0,172.4,72.3,14.6,61.0,223.0
44.0,1,158.6,44.9,22.1,33.0,156.0
62.0,1,149.2,49.6,23.5,12.0,121.0
47.0,0,173.0,57.6,6.5,40.0,175.0
22.0,0,180.3,75.14,7.6,55.0,242.0
61.0,0,172.6,71.1,21.5,45.0,181.0
22.0,0,168.5,61.22,15.7,49.0,218.0
27.0,1,161.6,47.1,20.0,34.0,159.0
30.0,0,172.9,79.7,17.1,66.0,264.0
59.0,0,170.0,59.1,8.6,15.0,162.0
56.0,1,157.0,59.6,17.2,10.0,167.0
63.0,0,168.2,70.64,-1.4,25.0,158.0
48.0,1,159.1,56.2,22.8,30.0,168.0
25.0,1,155.9,45.7,3.7,43.0,166.0
34.0,0,170.8,80.2,7.8,38.0,185.0
61.0,0,168.5,62.1,17.0,31.0,169.0
33.0,0,168.7,62.3,-6.9,28.0,195.0
41.0,1,160.2,71.3,8.0,18.0,125.0
56.0,1,156.6,52.4,24.1,25.0,141.0
22.0,1,176.2,74.9,24.9,64.0,186.0
47.0,0,177.3,80.3,14.8,33.0,161.0
38.0,0,169.3,77.7,12.8,27.0,217.0
48.0,0,166.2,68.4,8.0,28.0,177.0
26.0,1,164.6,54.7,19.9,47.0,191.0
32.0,0,177.3,81.7,21.1,32.0,210.0
37.0,0,175.8,80.74,13.2,38.0,193.0
21.0,0,178.2,69.2,20.2,45.0,213.0
28.0,0,170.0,83.0,23.9,52.0,226.0
39.0,0,174.0,82.1,7.0,41.0,223.0
51.0,1,165.8,58.0,29.3,24.0,158.0
21.0,1,153.9,56.7,11.2,30.0,146.0
24.0,1,163.2,58.0,23.3,53.0,198.0
22.0,0,170.0,66.6,15.4,57.0,220.0
36.0,0,171.5,67.18,1.5,43.0,197.0
25.0,0,175.9,65.02,15.1,54.0,227.0
21.0,0,166.7,75.6,3.7,44.0,173.0
34.0,0,177.0,70.4,16.1,55.0,221.0
31.0,0,180.3,73.3,14.4,54.0,207.0
23.0,1,166.0,55.8,21.0,38.0,165.0
28.0,0,179.7,74.1,25.5,45.0,222.0
33.0,0,178.0,74.66,18.6,37.0,198.0
25.0,0,168.9,79.66,24.8,55.0,245.0
36.0,0,180.9,73.1,14.2,54.0,239.0
21.0,0,177.1,66.6,6.7,50.0,206.0
60.0,0,176.0,83.9,7.9,44.0,189.0
35.0,0,175.0,83.0,15.4,51.0,206.0
29.0,1,160.5,56.4,19.8,56.0,173.0
58.0,0,177.4,73.2,17.9,36.0,194.0
41.0,1,161.8,57.3,19.4,31.0,160.0
21.0,1,154.3,48.1,18.7,36.0,199.0
54.0,0,164.0,66.7,20.9,40.0,210.0
21.0,0,175.0,84.7,11.6,42.0,156.0
55.0,1,161.0,61.9,16.3,13.0,110.0
22.0,1,170.9,49.64,21.7,42.0,172.0
25.0,1,161.5,67.5,11.7,39.0,112.0
21.0,0,180.0,73.4,6.7,54.0,232.0
62.0,1,158.7,59.3,24.6,20.0,160.0
48.0,0,180.7,95.7,1.6,38.0,208.0
43.0,1,161.5,61.2,10.4,15.0,128.0
27.0,0,178.5,81.3,-4.3,61.0,195.0
23.0,0,184.4,75.6,14.1,59.0,252.0
28.0,0,176.7,85.8,9.2,40.0,240.0
35.0,0,171.0,66.6,20.1,45.0,245.0
49.0,1,160.0,56.0,16.2,26.0,134.0
21.0,0,173.7,71.6,18.6,57.0,258.0
51.0,0,174.5,92.2,-4.4,32.0,157.0
27.0,0,181.4,83.1,19.0,53.0,232.0
29.0,0,186.1,79.7,-10.5,27.0,117.0
59.0,0,170.3,78.0,-1.9,30.0,173.0
37.0,0,179.8,76.1,19.1,58.0,229.0
62.0,0,172.7,79.0,7.1,29.0,158.0
21.0,0,168.6,69.9,19.1,49.0,223.0
41.0,1,162.1,54.5,12.5,33.0,145.0
27.0,1,157.4,53.0,29.0,30.0,180.0
62.0,1,150.0,50.7,17.0,14.0,123.0
21.0,0,171.8,61.4,-5.8,55.0,201.0
61.0,0,169.5,82.5,7.0,31.0,184.0
50.0,0,164.9,68.1,21.0,48.0,194.0
32.0,0,171.1,80.8,18.5,44.0,263.0
24.0,0,178.7,76.1,16.7,61.0,240.0
63.0,1,159.1,64.2,19.5,23.0,160.0
41.0,0,166.3,71.5,7.2,31.0,204.0
28.0,0,179.0,80.6,17.7,57.0,247.0
49.0,1,159.0,53.1,15.4,27.0,162.0
36.0,1,155.6,47.2,16.1,54.0,190.0
30.0,0,172.7,86.2,17.6,56.0,225.0
27.0,0,170.0,63.18,20.7,66.0,237.0
29.0,0,177.9,65.2,18.6,53.0,239.0
21.0,0,169.0,70.56,15.8,53.0,184.0
21.0,0,184.7,80.2,1.6,36.0,240.0
21.0,1,166.5,50.4,19.1,33.0,174.0
38.0,0,180.1,71.1,5.0,43.0,207.0
37.0,1,158.0,59.9,30.0,30.0,164.0
41.0,0,159.4,68.2,16.0,24.0,145.0
24.0,0,178.6,91.6,10.8,37.0,198.0
21.0,0,174.5,67.5,18.8,58.0,207.0
34.0,0,178.0,116.3,-1.8,31.0,179.0
24.0,1,163.5,51.7,21.6,59.0,192.0
42.0,0,180.2,73.3,26.0,41.0,211.0
35.0,0,170.7,74.1,15.3,44.0,230.0
24.0,1,160.5,41.7,3.8,21.0,152.0
61.0,0,176.5,75.48,12.8,32.0,193.0
25.0,0,175.0,80.2,22.0,53.0,220.0
21.0,1,163.5,47.5,15.3,27.0,153.0
26.0,1,166.9,64.8,23.2,44.0,171.0
27.0,0,186.7,75.8,8.9,48.0,223.0
24.0,0,165.7,55.8,-9.1,4.0,172.0
31.0,0,178.0,87.2,16.7,48.0,211.0
28.0,1,171.5,64.0,18.5,36.0,198.0
26.0,0,169.4,62.5,17.3,48.0,213.0
21.0,0,177.0,94.1,14.8,50.0,185.0
28.0,0,174.6,76.5,19.1,56.0,266.0
46.0,0,175.6,69.0,15.7,45.0,214.0
52.0,1,153.1,46.4,19.8,25.0,122.0
25.0,1,162.8,52.2,17.0,52.0,167.0
51.0,0,177.0,68.7,11.3,35.0,220.0
29.0,0,172.5,72.7,11.5,36.0,225.0
25.0,0,171.4,71.4,16.5,59.0,205.0
48.0,1,166.0,60.7,15.5,28.0,159.0
38.0,1,158.2,45.5,23.1,32.0,158.0
50.0,0,161.5,63.2,-7.9,24.0,141.0
41.0,0,170.1,60.6,13.7,43.0,222.0
58.0,1,164.1,72.3,14.1,19.0,122.0
22.0,0,174.6,71.4,5.2,26.0,194.0
42.0,0,170.8,71.56,-1.4,47.0,217.0
60.0,0,165.5,66.7,8.3,32.0,172.0
26.0,1,163.0,52.7,19.0,42.0,170.0
22.0,0,174.2,71.4,14.1,60.0,235.0
36.0,0,171.1,69.5,18.3,57.0,225.0
26.0,1,161.0,62.8,30.4,26.0,170.0
31.0,0,171.1,71.8,12.5,53.0,201.0
37.0,0,175.3,65.0,26.0,58.0,227.0
24.0,0,185.2,95.0,16.2,0.0,242.0
55.0,0,167.0,80.4,-5.8,25.0,178.0
26.0,0,179.5,95.0,11.8,33.0,207.0
57.0,0,164.9,60.7,7.2,33.0,182.0
22.0,1,154.3,58.5,14.2,38.0,159.0
33.0,0,169.0,87.0,7.8,48.0,210.0
23.0,0,182.7,67.6,-11.0,39.0,234.0
61.0,1,154.2,59.1,22.0,19.0,120.0
62.0,1,162.8,58.2,20.0,26.0,120.0
36.0,1,160.3,62.16,19.8,26.0,166.0
46.0,0,169.2,69.9,12.0,40.0,192.0
43.0,0,172.2,87.8,-2.1,37.0,185.0
27.0,0,176.5,74.6,16.1,50.0,168.0
21.0,0,170.8,66.28,15.7,55.0,232.0
31.0,1,162.0,48.9,18.0,40.0,164.0
23.0,0,172.3,80.2,21.6,54.0,219.0
26.0,0,173.1,66.0,27.8,56.0,272.0
58.0,0,171.5,86.1,11.7,10.0,163.0
21.0,0,167.2,73.7,21.6,49.0,202.0
49.0,1,162.6,56.7,26.3,37.0,159.0
24.0,0,171.2,90.6,18.3,52.0,227.0
40.0,1,159.6,50.8,20.0,24.0,162.0
21.0,0,175.0,64.1,24.7,61.0,240.0
23.0,0,174.7,72.0,8.4,54.0,206.0
47.0,0,171.7,78.7,13.6,50.0,213.0
60.0,1,153.2,50.8,21.7,23.0,119.0
23.0,1,162.7,54.4,24.4,48.0,140.0
37.0,0,175.3,72.8,14.2,48.0,165.0
24.0,0,175.7,73.9,11.8,56.0,198.0
22.0,0,172.0,65.0,18.3,49.0,226.0
41.0,1,163.5,55.4,10.9,33.0,162.0
55.0,1,158.3,60.9,8.3,2.0,161.0
31.0,0,172.5,72.0,23.4,56.0,226.0
44.0,1,172.0,70.3,22.2,34.0,148.0
61.0,1,159.0,61.3,16.3,28.0,142.0
30.0,1,155.6,46.3,30.0,48.0,184.0
48.0,1,160.0,54.8,16.3,22.0,153.0
41.0,0,181.0,83.6,19.1,54.0,230.0
54.0,1,147.4,53.64,24.4,31.0,125.0
28.0,1,165.2,54.1,19.0,35.0,158.0
38.0,0,184.0,77.1,21.7,34.0,218.0
22.0,1,155.0,51.5,16.8,32.0,136.0
23.0,1,166.6,57.56,18.3,45.0,174.0
27.0,0,177.6,76.7,10.8,55.0,216.0
43.0,1,159.6,58.1,19.8,30.0,151.0
36.0,0,166.7,74.1,22.9,59.0,243.0
21.0,0,171.0,69.8,20.2,64.0,238.0
27.0,1,160.7,64.8,19.2,52.0,163.0
44.0,0,167.6,68.2,15.2,38.0,220.0
29.0,1,162.5,57.2,19.8,36.0,167.0
35.0,1,161.2,54.6,26.1,34.0,199.0
27.0,0,173.8,74.9,10.6,51.0,238.0
37.0,0,177.7,66.9,16.7,48.0,218.0
48.0,0,171.0,66.2,16.0,49.0,225.0
37.0,1,170.6,83.7,17.2,51.0,159.0
30.0,0,168.7,59.3,-16.9,32.0,194.0
55.0,0,166.6,56.8,15.9,36.0,178.0
31.0,1,167.5,56.2,19.4,42.0,151.0
36.0,1,161.2,57.4,21.9,20.0,149.0
22.0,0,170.1,66.2,19.6,52.0,228.0
59.0,0,170.7,64.4,20.4,38.0,192.0
26.0,0,178.5,79.5,19.0,60.0,245.0
21.0,0,175.1,63.9,10.0,51.0,195.0
25.0,1,158.7,43.5,19.4,26.0,167.0
31.0,0,177.4,91.9,-17.4,31.0,180.0
26.0,1,158.2,60.9,26.0,50.0,173.0
60.0,1,152.0,49.8,15.0,15.0,135.0
27.0,1,157.7,49.7,25.5,44.0,172.0
44.0,0,170.4,75.4,25.0,56.0,242.0
23.0,1,165.6,58.8,20.6,35.0,161.0
48.0,0,176.2,73.0,-5.6,36.0,208.0
21.0,0,177.9,84.3,15.8,38.0,231.0
63.0,0,162.4,62.4,1.6,14.0,135.0
60.0,0,172.7,78.0,16.8,37.0,190.0
26.0,0,172.7,77.1,16.4,60.0,257.0
64.0,1,156.3,53.8,11.8,13.0,106.0
25.0,1,159.6,51.8,21.5,45.0,193.0
48.0,0,169.9,79.6,4.1,49.0,166.0
24.0,1,155.2,60.1,24.8,42.0,177.0
64.0,1,158.0,62.3,21.2,7.0,121.0
49.0,0,167.6,68.22,12.3,43.0,211.0
21.0,0,174.0,69.8,28.1,67.0,248.0
25.0,1,163.2,52.3,26.0,56.0,201.0
21.0,0,174.1,77.0,5.5,34.0,228.0
39.0,1,169.0,65.9,20.4,34.0,164.0
22.0,0,179.0,74.6,7.1,54.0,186.0
49.0,1,161.2,54.6,15.2,37.0,130.0
29.0,0,169.7,75.2,14.0,53.0,227.0
63.0,0,178.5,83.3,15.0,33.0,180.0
22.0,1,165.6,47.3,23.6,38.0,167.0
58.0,1,162.6,71.3,4.5,23.0,103.0
25.0,0,180.3,75.2,10.9,40.0,218.0
24.0,1,161.6,52.5,18.5,33.0,173.0
23.0,0,174.8,73.8,-0.9,39.0,191.0
55.0,0,169.5,68.9,15.1,46.0,197.0
38.0,1,164.7,62.8,19.3,33.0,151.0
32.0,0,165.7,76.6,13.4,49.0,199.0
31.0,0,176.0,78.1,17.3,51.0,237.0
32.0,1,163.5,55.6,24.5,36.0,183.0
22.0,1,157.6,54.5,22.5,44.0,162.0
53.0,0,170.2,56.9,12.8,31.0,186.0
27.0,0,162.6,79.6,-3.6,17.0,101.0
49.0,1,165.7,55.3,23.1,28.0,152.0
21.0,1,162.6,55.1,25.0,38.0,170.0
54.0,0,170.5,72.3,13.8,41.0,180.0
59.0,1,153.4,53.3,14.0,30.0,128.0
23.0,0,178.4,76.4,11.0,49.0,234.0
32.0,0,167.8,66.1,8.3,39.0,178.0
21.0,0,175.3,80.3,24.5,59.0,245.0
43.0,0,187.2,83.1,15.5,54.0,224.0
41.0,1,160.2,65.1,11.2,7.0,113.0
25.0,1,148.7,51.0,23.6,37.0,168.0
37.0,1,157.4,43.7,14.8,20.0,155.0
25.0,0,177.1,80.6,6.4,50.0,229.0
39.0,1,161.5,50.5,15.1,24.0,125.0
55.0,1,149.4,49.9,19.9,16.0,114.0
54.0,1,162.8,56.9,9.7,23.0,116.0
40.0,0,180.1,82.4,20.0,50.0,210.0
48.0,1,162.4,57.4,30.1,34.0,163.0
46.0,0,165.3,70.6,14.7,50.0,208.0
37.0,1,159.7,53.3,32.7,34.0,141.0
23.0,1,164.6,49.3,10.7,41.0,137.0
55.0,0,168.3,65.7,14.6,33.0,191.0
32.0,0,183.8,96.2,7.6,51.0,204.0
29.0,0,173.3,83.6,9.7,59.0,194.0
63.0,0,170.2,56.8,-12.5,22.0,170.0
37.0,1,152.2,49.2,1.7,31.0,133.0
21.0,0,183.1,82.8,18.2,55.0,254.0
34.0,0,176.3,78.6,8.2,27.0,166.0
26.0,0,172.1,66.1,-9.9,44.0,159.0
33.0,0,171.5,72.9,20.1,64.0,254.0
57.0,1,159.3,55.6,4.8,15.0,139.0
48.0,1,161.8,55.1,23.4,51.0,181.0
22.0,1,149.9,47.2,9.9,21.0,124.0
21.0,0,181.9,63.4,6.2,35.0,230.0
21.0,0,171.4,68.7,20.9,51.0,211.0
56.0,1,164.0,51.0,27.8,36.0,165.0
29.0,0,179.0,96.9,7.6,59.0,180.0
23.0,1,158.0,53.1,26.2,36.0,172.0
60.0,0,165.6,70.3,14.3,32.0,191.0
54.0,1,158.1,57.7,23.5,7.0,138.0
32.0,0,178.1,88.0,22.5,54.0,230.0
50.0,1,153.9,43.8,18.5,19.0,138.0
22.0,1,154.0,57.08,19.1,37.0,151.0
30.0,0,169.5,68.4,13.2,43.0,200.0
37.0,0,165.6,62.38,23.6,49.0,221.0
22.0,1,162.0,58.0,22.1,38.0,153.0
26.0,0,168.9,72.6,12.7,51.0,219.0
24.0,0,167.7,63.0,9.2,42.0,197.0
60.0,1,156.0,60.3,23.0,13.0,152.0
29.0,0,177.5,71.6,19.8,70.0,258.0
30.0,0,173.9,76.64,25.9,59.0,247.0
21.0,0,173.1,80.1,19.2,59.0,237.0
23.0,1,157.0,56.8,24.8,48.0,165.0
52.0,0,167.8,69.5,19.0,35.0,197.0
55.0,0,174.9,81.5,16.5,29.0,178.0
56.0,1,151.3,50.0,21.5,21.0,125.0
39.0,0,181.4,84.9,17.3,41.0,203.0
58.0,1,157.8,57.6,19.8,19.0,148.0
25.0,0,181.3,60.7,18.0,56.0,260.0
27.0,0,168.6,67.2,11.6,41.0,223.0
30.0,0,172.4,96.7,-2.2,14.0,163.0
24.0,0,178.3,94.4,7.6,20.0,252.0
30.0,0,169.3,53.8,-0.3,47.0,192.0
27.0,1,167.8,60.9,18.0,31.0,181.0
46.0,0,160.2,76.2,9.5,20.0,187.0
24.0,0,181.3,74.9,11.3,52.0,178.0
36.0,0,181.4,88.9,23.2,65.0,265.0
21.0,1,161.2,45.0,21.2,55.0,170.0
34.0,0,178.6,79.5,13.6,57.0,233.0
24.0,1,169.6,58.7,20.0,36.0,195.0
33.0,1,163.5,50.1,23.5,33.0,154.0
46.0,0,172.0,90.6,-0.1,23.0,196.0
21.0,1,167.7,61.1,22.9,21.0,172.0
25.0,0,180.5,69.32,16.1,53.0,225.0
36.0,0,172.5,80.8,17.5,55.0,212.0
24.0,0,168.0,65.2,15.5,55.0,214.0
45.0,1,157.9,47.5,24.4,50.0,145.0
21.0,0,181.2,95.4,17.2,28.0,212.0
40.0,1,158.3,55.3,20.8,51.0,201.0
50.0,1,160.4,67.5,17.4,25.0,137.0
57.0,1,161.1,52.3,19.4,27.0,159.0
61.0,0,165.2,70.7,12.7,30.0,165.0
33.0,1,153.0,53.2,6.4,11.0,124.0
32.0,0,171.9,71.1,20.6,54.0,227.0
22.0,0,169.0,73.8,12.7,63.0,236.0
21.0,1,163.0,62.3,12.2,44.0,167.0
23.0,1,153.6,46.14,12.9,33.0,153.0
23.0,1,164.1,58.3,22.4,47.0,174.0
23.0,1,161.8,47.8,21.5,47.0,178.0
24.0,0,177.4,70.5,22.6,59.0,219.0
49.0,1,161.5,56.2,17.0,14.0,119.0
62.0,0,171.0,75.3,10.9,30.0,140.0
21.0,0,170.0,67.32,13.1,52.0,237.0
64.0,0,168.6,69.34,13.7,27.0,160.0
61.0,1,144.7,43.1,11.8,7.0,126.0
43.0,0,175.7,67.3,17.7,44.0,217.0
21.0,1,164.0,53.9,21.2,30.0,171.0
32.0,0,173.9,68.2,16.9,52.0,224.0
64.0,1,157.0,50.3,29.5,21.0,139.0
53.0,0,168.0,73.1,2.3,33.0,167.0
23.0,1,161.7,56.7,19.4,24.0,172.0
28.0,1,165.1,53.4,23.7,53.0,165.0
34.0,0,171.2,88.5,7.4,51.0,210.0
28.0,0,178.4,79.2,16.0,59.0,248.0
24.0,1,161.1,51.2,22.4,38.0,173.0
21.0,1,155.3,62.5,22.1,56.0,220.0
56.0,1,152.3,61.3,24.5,16.0,122.0
54.0,1,159.3,66.7,11.0,0.0,85.0
23.0,0,174.2,66.0,-4.9,47.0,189.0
28.0,0,179.0,64.2,8.6,42.0,189.0
26.0,1,164.6,56.0,21.9,50.0,185.0
35.0,0,164.9,77.5,7.0,30.0,195.0
37.0,1,168.2,54.1,17.7,18.0,158.0
45.0,0,170.4,80.8,4.9,37.0,229.0
48.0,0,171.0,62.7,9.0,32.0,176.0
29.0,0,180.0,108.2,12.7,44.0,188.0
60.0,0,167.0,69.7,8.3,40.0,195.0
61.0,1,165.2,57.5,21.7,12.0,129.0
41.0,0,169.0,74.5,8.3,43.0,230.0
21.0,0,167.2,59.7,3.3,47.0,231.0
41.0,0,174.3,83.2,11.4,33.0,217.0
27.0,0,180.7,81.1,11.4,40.0,199.0
63.0,1,148.2,64.2,11.5,8.0,140.0
41.0,0,167.7,60.8,5.6,40.0,182.0
60.0,1,163.6,69.0,-2.2,9.0,112.0
24.0,0,173.3,69.4,8.6,50.0,230.0
53.0,0,168.7,59.3,12.2,38.0,208.0
63.0,1,152.7,50.0,21.6,17.0,135.0
37.0,1,167.2,57.6,26.0,21.0,170.0
57.0,0,165.9,85.3,10.8,30.0,180.0
40.0,1,161.5,54.1,28.5,37.0,168.0
26.0,0,168.8,74.8,7.2,50.0,192.0
29.0,0,173.7,76.1,16.2,67.0,247.0
35.0,0,174.7,70.5,10.9,57.0,229.0
23.0,1,163.0,68.4,18.9,10.0,137.0
62.0,0,181.4,80.2,1.0,18.0,127.0
26.0,0,172.1,73.0,11.6,47.0,214.0
27.0,1,162.0,63.1,26.9,50.0,185.0
24.0,0,179.5,75.4,17.0,64.0,248.0
40.0,0,176.4,93.8,-5.8,27.0,154.0
25.0,0,176.6,85.0,17.7,55.0,211.0
25.0,1,165.2,61.4,13.2,36.0,135.0
28.0,0,176.2,88.5,10.1,47.0,212.0
22.0,0,166.7,69.8,10.2,51.0,198.0
32.0,0,171.0,78.2,7.5,57.0,225.0
30.0,0,168.6,69.64,20.9,59.0,242.0
50.0,1,160.0,54.0,27.5,29.0,180.0
21.0,1,160.6,62.9,13.9,44.0,180.0
22.0,0,172.2,70.6,9.8,50.0,213.0
55.0,1,161.4,48.9,13.5,31.0,139.0
55.0,1,153.8,53.1,23.8,4.0,115.0
46.0,0,177.7,72.2,15.7,45.0,215.0
50.0,1,163.2,54.5,23.5,5.0,100.0
37.0,0,173.9,78.2,11.9,46.0,211.0
26.0,0,181.1,72.12,9.5,42.0,214.0
22.0,1,167.4,66.2,11.2,38.0,0.0
52.0,0,171.0,72.3,11.8,20.0,138.0
32.0,0,170.5,74.6,10.6,50.0,192.0
30.0,0,177.5,69.38,6.6,43.0,213.0
41.0,1,161.0,51.8,20.0,21.0,170.0
35.0,0,175.1,74.2,7.1,41.0,198.0
34.0,1,157.3,52.5,27.0,51.0,159.0
33.0,0,179.0,75.7,15.0,50.0,218.0
28.0,0,173.3,70.8,11.6,53.0,232.0
24.0,0,171.3,65.8,7.6,55.0,283.0
38.0,0,173.5,82.1,18.3,44.0,209.0
62.0,0,167.6,67.8,7.8,38.0,172.0
21.0,1,158.9,50.04,21.0,39.0,185.0
23.0,0,174.3,71.8,-1.9,51.0,243.0
23.0,0,171.2,75.0,24.8,59.0,210.0
64.0,0,172.1,70.6,3.0,39.0,215.0
22.0,1,160.7,63.3,17.6,27.0,181.0
25.0,0,176.8,74.74,23.4,55.0,234.0
25.0,0,182.7,84.2,19.0,56.0,126.0
22.0,1,156.3,49.0,23.3,41.0,179.0
21.0,0,170.3,60.8,23.0,52.0,266.0
44.0,0,169.5,75.6,7.6,38.0,205.0
21.0,1,167.4,55.5,27.3,49.0,217.0
36.0,0,175.9,71.3,12.8,46.0,221.0
45.0,0,173.5,86.2,14.7,37.0,231.0
60.0,1,153.2,50.2,20.4,3.0,118.0
24.0,1,165.7,60.5,14.2,39.0,140.0
63.0,0,175.2,76.4,11.2,37.0,192.0
61.0,1,157.8,59.8,23.7,38.0,150.0
26.0,1,158.4,60.4,13.2,35.0,162.0
21.0,0,181.0,62.0,8.8,46.0,220.0
29.0,0,182.3,85.5,12.2,43.0,254.0
27.0,0,168.9,66.8,18.4,54.0,229.0
50.0,0,176.3,80.4,13.3,38.0,198.0
63.0,1,146.5,41.4,21.8,12.0,131.0
21.0,1,160.2,51.0,20.6,57.0,206.0
60.0,0,161.5,59.5,10.6,39.0,175.0
23.0,0,177.1,75.7,20.3,53.0,246.0
22.0,0,174.3,66.9,7.6,51.0,238.0
26.0,0,175.7,69.8,12.8,41.0,238.0
31.0,0,180.7,78.84,10.7,58.0,214.0
44.0,0,160.2,44.9,21.3,50.0,221.0
64.0,0,157.5,61.4,-3.4,10.0,160.0
44.0,0,170.7,63.3,21.7,45.0,175.0
29.0,0,173.0,73.8,12.6,53.0,253.0
23.0,0,174.1,68.3,23.0,61.0,203.0
21.0,1,157.8,57.9,25.1,54.0,190.0
39.0,1,161.4,63.1,5.5,12.0,148.0
44.0,1,157.6,46.8,15.6,15.0,149.0
58.0,0,172.8,77.8,11.3,30.0,176.0
60.0,0,167.2,75.9,15.9,39.0,195.0
26.0,0,167.8,80.5,14.7,49.0,213.0
39.0,0,179.1,81.1,15.4,49.0,241.0
28.0,0,175.1,79.7,13.8,50.0,218.0
29.0,1,157.6,48.8,20.7,38.0,160.0
31.0,0,182.0,81.0,1.4,30.0,203.0
26.0,1,165.5,63.7,16.5,43.0,191.0
23.0,0,177.4,73.62,22.0,64.0,271.0
25.0,0,174.8,73.4,20.9,49.0,223.0
52.0,1,153.2,63.24,9.2,23.0,126.0
40.0,0,182.8,97.6,13.1,57.0,206.0
27.0,0,173.7,71.3,15.7,51.0,261.0
29.0,0,168.1,74.3,11.2,53.0,233.0
62.0,1,164.9,60.6,25.5,29.0,142.0
33.0,0,174.7,77.6,13.7,65.0,218.0
29.0,0,186.8,83.8,15.5,62.0,227.0
23.0,0,160.0,65.3,-3.4,29.0,164.0
27.0,1,164.1,52.3,25.2,43.0,190.0
23.0,0,180.3,57.8,7.8,46.0,221.0
34.0,1,157.1,55.9,2.0,38.0,177.0
29.0,0,179.6,87.1,9.1,46.0,208.0
60.0,0,160.0,69.98,4.8,24.0,184.0
21.0,0,171.0,67.0,15.5,60.0,209.0
28.0,0,173.7,75.1,5.9,44.0,213.0
50.0,1,158.9,58.7,12.8,8.0,105.0
59.0,0,167.1,59.6,10.1,34.0,182.0
53.0,0,168.8,70.66,17.5,40.0,177.0
26.0,0,171.2,67.7,12.3,47.0,203.0
24.0,0,173.0,72.8,13.6,42.0,230.0
21.0,0,169.7,69.7,19.4,57.0,231.0
62.0,0,164.7,66.0,10.8,41.0,195.0
37.0,0,177.5,83.1,7.2,41.0,167.0
38.0,1,168.7,62.6,20.6,35.0,144.0
22.0,1,157.1,45.4,21.8,43.0,190.0
59.0,1,164.9,62.6,18.6,16.0,144.0
25.0,0,177.6,76.2,21.3,55.0,255.0
21.0,0,169.1,72.4,16.0,61.0,260.0
21.0,0,176.2,86.72,-4.5,41.0,185.0
49.0,1,159.6,56.8,21.6,30.0,153.0
61.0,0,171.7,88.5,13.6,25.0,171.0
32.0,1,163.3,64.2,17.1,46.0,153.0
31.0,0,171.3,65.4,9.4,38.0,195.0
28.0,1,161.1,49.96,28.5,37.0,161.0
58.0,0,176.1,78.5,16.0,42.0,205.0
25.0,0,172.9,70.2,13.0,54.0,212.0
26.0,0,176.8,67.3,13.5,49.0,224.0
25.0,1,158.6,46.2,19.6,21.0,135.0
22.0,1,169.3,53.4,22.5,47.0,168.0
59.0,0,177.4,76.7,6.7,27.0,177.0
56.0,1,156.9,49.9,1.2,20.0,118.0
23.0,1,164.5,47.4,10.2,23.0,176.0
50.0,0,167.8,76.1,13.9,50.0,193.0
43.0,0,174.6,104.9,-1.3,22.0,173.0
28.0,0,171.4,76.8,23.0,41.0,217.0
63.0,0,168.7,59.48,18.0,27.0,151.0
38.0,0,175.2,71.8,12.3,47.0,205.0
21.0,0,167.7,74.1,15.8,48.0,222.0
51.0,0,160.9,66.22,21.2,43.0,202.0
30.0,1,158.5,52.5,27.7,43.0,201.0
64.0,0,165.0,78.7,9.6,25.0,190.0
60.0,1,159.3,59.9,13.8,9.0,102.0
31.0,1,165.1,51.1,27.8,38.0,188.0
58.0,0,175.7,81.5,18.8,36.0,210.0
28.0,0,180.6,70.3,12.0,45.0,240.0
21.0,1,157.6,55.3,21.4,36.0,172.0
50.0,1,157.0,51.1,20.3,32.0,166.0
32.0,0,182.4,84.9,10.7,44.0,243.0
25.0,1,163.2,54.4,24.8,36.0,164.0
24.0,0,177.6,78.9,16.6,46.0,255.0
40.0,0,178.8,81.2,11.0,63.0,240.0
61.0,0,172.9,75.0,14.8,37.0,175.0
21.0,1,170.5,67.8,9.8,39.0,166.0
41.0,1,166.6,67.5,22.2,30.0,162.0
22.0,0,177.9,93.4,2.8,31.0,169.0
25.0,0,176.0,83.9,-2.4,45.0,195.0
22.0,1,158.5,53.0,21.7,34.0,172.0
42.0,0,176.0,84.6,12.7,43.0,223.0
63.0,1,151.2,58.2,19.8,23.0,135.0
22.0,0,167.7,64.5,11.0,51.0,269.0
25.0,0,176.6,68.7,7.8,60.0,236.0
63.0,0,164.7,73.8,9.0,22.0,135.0
56.0,0,174.2,71.3,13.3,38.0,208.0
51.0,1,163.3,56.4,18.5,34.0,154.0
36.0,0,176.7,72.7,14.4,48.0,212.0
27.0,0,169.2,75.6,11.9,49.0,214.0
44.0,1,159.9,52.7,14.8,38.0,108.0
25.0,1,170.1,62.1,19.8,42.0,193.0
29.0,0,172.0,66.3,26.4,60.0,271.0
26.0,0,171.2,60.4,13.0,45.0,231.0
29.0,0,170.0,62.1,21.6,44.0,211.0
26.0,1,166.5,61.48,30.8,39.0,140.0
28.0,0,171.7,80.2,19.0,58.0,241.0
25.0,1,168.1,53.6,23.8,46.0,204.0
27.0,0,175.2,71.1,7.9,54.0,239.0
50.0,0,172.5,81.0,20.9,40.0,214.0
63.0,0,165.5,68.3,13.0,29.0,146.0
21.0,0,173.8,63.1,18.3,63.0,273.0
63.0,1,154.0,56.3,23.3,26.0,156.0
25.0,0,180.8,79.8,19.5,60.0,241.0
33.0,0,181.6,73.4,18.9,55.0,230.0
25.0,0,168.5,74.1,16.2,50.0,204.0
23.0,1,154.1,52.0,21.9,29.0,173.0
26.0,0,167.4,75.4,11.2,56.0,212.0
26.0,0,164.8,67.4,13.7,60.0,214.0
23.0,1,160.6,48.8,17.3,40.0,203.0
29.0,1,164.1,70.5,19.8,56.0,211.0
24.0,0,183.1,77.6,10.5,51.0,231.0
35.0,1,168.0,53.1,20.3,48.0,174.0
55.0,1,154.7,54.9,23.5,19.0,139.0
22.0,0,166.8,61.6,22.3,55.0,240.0
22.0,0,175.5,64.5,19.1,45.0,237.0
26.0,0,173.6,70.5,15.5,52.0,214.0
55.0,0,167.3,76.0,7.0,45.0,160.0
26.0,1,169.3,63.4,33.8,36.0,179.0
24.0,1,160.6,55.3,21.8,48.0,206.0
31.0,1,165.1,55.1,0.0,27.0,136.0
50.0,0,180.2,85.3,15.0,64.0,210.0
32.0,0,180.2,58.44,22.9,38.0,196.0
23.0,1,166.2,60.3,25.9,30.0,161.0
31.0,0,173.6,94.4,7.2,45.0,212.0
31.0,0,170.0,81.7,9.5,59.0,237.0
23.0,0,174.9,70.1,18.3,62.0,222.0
28.0,0,161.5,52.1,-6.0,10.0,121.0
39.0,0,172.4,68.0,17.8,41.0,230.0
34.0,0,170.6,71.7,25.4,65.0,268.0
50.0,0,173.9,74.3,-0.6,25.0,188.0
25.0,0,174.4,68.0,26.5,41.0,228.0
51.0,0,180.6,75.9,12.1,39.0,215.0
35.0,0,170.5,77.7,-4.4,45.0,197.0
23.0,0,165.7,66.3,7.6,48.0,162.0
22.0,0,177.5,82.2,11.6,55.0,227.0
37.0,1,163.9,67.0,6.0,24.0,180.0
28.0,0,171.0,74.6,8.0,52.0,213.0
22.0,0,170.0,73.6,7.0,57.0,217.0
41.0,1,164.1,67.0,5.6,2.0,87.0
26.0,0,165.3,63.5,14.8,51.0,238.0
60.0,1,151.3,51.0,17.2,0.0,105.0
36.0,0,171.0,69.4,17.0,54.0,238.0
23.0,1,161.9,50.6,25.5,47.0,172.0
52.0,0,169.3,64.9,4.4,25.0,198.0
24.0,1,166.6,66.0,22.0,40.0,165.0
62.0,1,151.2,55.9,18.4,21.0,99.0
44.0,0,172.6,76.3,16.3,44.0,204.0
51.0,0,165.1,87.2,6.0,21.0,206.0
36.0,0,173.0,73.9,21.0,60.0,240.0
48.0,0,171.1,73.2,18.6,48.0,221.0
63.0,1,152.6,51.3,17.5,9.0,115.0
27.0,1,158.9,47.3,22.8,55.0,198.0
25.0,0,176.7,68.9,14.2,52.0,195.0
45.0,0,174.0,80.8,9.1,41.0,200.0
32.0,0,176.1,75.5,6.6,53.0,210.0
22.0,0,174.5,73.2,7.6,53.0,204.0
45.0,0,171.4,71.3,13.9,40.0,231.0
63.0,0,171.7,89.9,6.5,29.0,123.0
33.0,0,173.1,67.6,9.4,52.0,209.0
49.0,1,156.6,56.0,26.1,33.0,135.0
49.0,1,158.4,56.68,22.5,6.0,138.0
44.0,0,178.6,91.2,12.4,48.0,208.0
27.0,0,171.2,63.74,15.4,44.0,201.0
21.0,0,173.3,60.8,6.2,46.0,226.0
59.0,1,156.3,60.5,22.4,23.0,135.0
30.0,0,176.0,77.0,11.0,46.0,210.0
26.0,0,176.7,69.1,14.0,45.0,236.0
58.0,0,175.2,75.0,-2.0,29.0,198.0
22.0,0,180.3,65.2,10.8,55.0,220.0
29.0,1,164.3,53.3,16.3,44.0,199.0
43.0,1,161.5,49.9,16.5,23.0,146.0
37.0,0,181.0,84.7,20.5,53.0,247.0
22.0,1,161.0,55.9,27.1,45.0,180.0
23.0,0,160.3,63.9,9.8,66.0,173.0
63.0,1,151.0,45.4,4.8,9.0,120.0
35.0,1,154.5,61.5,6.4,23.0,116.0
24.0,0,177.1,71.96,17.9,55.0,204.0
51.0,1,160.3,56.4,22.5,38.0,134.0
24.0,1,162.7,53.7,18.4,24.0,155.0
45.0,0,168.3,71.2,18.5,33.0,214.0
52.0,0,175.0,65.1,15.0,34.0,214.0
31.0,1,163.8,53.1,16.3,26.0,143.0
26.0,1,158.3,59.3,24.4,46.0,187.0
50.0,0,179.3,85.0,18.8,41.0,217.0
33.0,1,160.0,50.7,-9.0,37.0,128.0
34.0,0,166.4,63.2,21.0,35.0,230.0
26.0,1,169.4,60.8,20.5,62.0,191.0
49.0,0,174.2,74.2,20.3,51.0,221.0
34.0,0,180.1,69.5,15.3,36.0,235.0
37.0,0,166.5,70.8,16.0,42.0,224.0
56.0,1,155.1,46.4,24.3,11.0,121.0
26.0,0,171.7,71.3,12.7,60.0,213.0
21.0,0,178.8,75.3,7.3,57.0,165.0
31.0,0,178.0,84.66,15.1,47.0,196.0
54.0,1,162.1,60.9,14.0,0.0,60.0
43.0,0,174.3,72.7,14.7,46.0,211.0
43.0,0,176.6,59.6,20.6,41.0,229.0
48.0,1,161.5,50.1,19.6,45.0,170.0
50.0,1,167.2,60.1,24.0,33.0,144.0
28.0,0,182.0,78.0,26.1,52.0,221.0
40.0,1,168.5,64.5,13.4,26.0,168.0
58.0,0,172.7,70.56,23.3,40.0,186.0
29.0,1,163.3,57.3,19.1,38.0,173.0
27.0,0,180.9,77.1,22.0,52.0,209.0
60.0,1,149.4,52.4,19.9,32.0,138.0
36.0,0,174.8,77.9,12.5,44.0,223.0
42.0,1,164.2,64.5,20.6,35.0,164.0
49.0,0,163.0,78.8,-14.7,0.0,84.0
60.0,0,162.5,55.0,9.8,45.0,178.0
21.0,1,160.4,53.8,20.1,45.0,174.0
28.0,0,178.9,81.6,18.3,55.0,262.0
28.0,0,170.6,74.9,16.3,59.0,237.0
52.0,1,166.4,61.1,21.0,27.0,148.0
55.0,1,159.7,55.1,24.4,27.0,153.0
21.0,0,172.1,66.2,28.2,56.0,283.0
33.0,1,166.5,64.3,11.6,13.0,140.0
62.0,1,149.1,57.0,22.6,18.0,134.0
36.0,0,176.6,86.7,-1.2,43.0,192.0
55.0,1,156.5,57.2,17.1,28.0,118.0
22.0,1,159.0,58.1,16.5,26.0,141.0
53.0,0,175.5,81.0,12.0,21.0,180.0
21.0,1,160.6,47.96,19.9,42.0,162.0
34.0,0,175.0,74.1,15.8,45.0,195.0
23.0,0,176.0,69.5,11.2,70.0,227.0
26.0,1,167.0,75.0,17.5,32.0,174.0
37.0,0,179.8,74.9,19.6,28.0,176.0
45.0,0,172.4,56.7,9.4,43.0,213.0
22.0,0,171.1,75.0,8.2,51.0,223.0
50.0,1,159.4,61.3,18.3,15.0,136.0
36.0,0,178.0,77.52,17.0,62.0,273.0
42.0,1,160.0,51.5,26.2,34.0,161.0
32.0,1,179.0,69.26,15.9,28.0,164.0
56.0,1,151.5,54.2,24.5,15.0,153.0
53.0,0,172.8,67.9,1.5,31.0,218.0
64.0,0,163.2,58.52,-4.2,28.0,169.0
53.0,0,175.9,84.66,8.9,25.0,185.0
60.0,0,168.6,81.7,12.9,32.0,200.0
32.0,0,174.1,74.4,-7.2,48.0,214.0
60.0,1,163.2,74.5,19.9,13.0,113.0
32.0,0,183.6,84.3,22.1,44.0,200.0
25.0,0,169.0,63.1,19.2,52.0,255.0
50.0,0,173.1,75.98,13.7,33.0,169.0
22.0,0,179.0,70.8,14.4,48.0,229.0
21.0,1,167.5,57.4,24.2,26.0,172.0
63.0,0,169.1,62.7,14.2,34.0,178.0
21.0,0,175.6,77.0,4.6,35.0,218.0
39.0,1,159.8,53.7,20.9,36.0,185.0
28.0,1,166.2,59.7,15.6,38.0,165.0
23.0,1,157.1,48.6,20.4,43.0,162.0
26.0,1,153.3,46.9,22.2,32.0,117.0
44.0,1,159.0,57.4,16.2,40.0,144.0
53.0,1,154.1,47.8,26.5,26.0,171.0
51.0,0,165.5,67.68,25.4,57.0,213.0
62.0,1,148.9,43.4,20.7,36.0,129.0
22.0,1,160.1,48.0,24.1,49.0,178.0
21.0,0,173.9,62.3,13.6,52.0,253.0
24.0,0,168.2,72.0,24.2,63.0,226.0
29.0,0,178.2,77.66,17.4,48.0,225.0
30.0,0,177.8,82.3,14.5,49.0,225.0
55.0,0,160.1,70.4,3.5,14.0,120.0
21.0,0,170.1,66.7,27.8,56.0,238.0
38.0,0,171.1,68.3,10.0,41.0,222.0
27.0,0,169.3,71.02,13.6,42.0,198.0
29.0,1,160.7,48.4,0.4,29.0,149.0
51.0,1,155.7,50.4,19.2,34.0,135.0
22.0,1,160.3,58.84,4.7,44.0,152.0
26.0,0,163.6,54.5,16.1,40.0,186.0
42.0,1,156.1,51.3,23.5,42.0,186.0
23.0,1,166.1,62.6,24.4,50.0,180.0
57.0,0,166.1,63.9,19.2,51.0,211.0
41.0,0,169.0,76.3,15.5,40.0,220.0
24.0,1,160.0,62.5,20.6,37.0,145.0
24.0,0,174.1,86.4,18.9,43.0,223.0
28.0,0,167.8,65.18,20.6,67.0,235.0
28.0,0,167.9,62.1,19.0,55.0,238.0
55.0,0,165.3,72.16,14.5,41.0,212.0
23.0,0,183.3,79.4,23.0,48.0,199.0
63.0,0,160.0,70.3,6.9,16.0,158.0
28.0,0,173.0,67.9,22.3,53.0,232.0
64.0,1,155.8,45.4,16.7,13.0,118.0
56.0,0,160.2,62.7,9.5,27.0,184.0
23.0,1,164.3,61.0,28.9,36.0,154.0
23.0,0,181.2,83.6,18.8,62.0,221.0
28.0,0,174.7,76.7,21.0,49.0,251.0
59.0,0,173.5,74.8,17.9,49.0,198.0
24.0,1,159.6,54.9,11.7,12.0,143.0
29.0,0,177.1,77.4,23.0,61.0,282.0
38.0,1,149.3,50.5,24.0,28.0,126.0
33.0,0,179.5,79.5,19.2,60.0,269.0
33.0,0,174.2,81.1,14.0,45.0,237.0
30.0,0,167.1,76.92,14.9,41.0,217.0
25.0,1,166.7,58.5,17.2,39.0,162.0
27.0,0,175.6,70.0,17.3,53.0,239.0
27.0,1,168.5,64.2,23.1,18.0,164.0
50.0,1,156.0,44.4,26.5,19.0,140.0
24.0,0,171.8,71.7,8.4,63.0,227.0
50.0,1,161.9,55.4,19.9,34.0,162.0
44.0,0,171.3,77.9,17.9,45.0,205.0
57.0,0,169.6,72.2,19.2,53.0,215.0
21.0,1,163.7,31.9,24.8,42.0,149.0
27.0,0,172.3,71.0,24.7,40.0,207.0
59.0,0,175.0,75.9,16.6,39.0,197.0
62.0,1,154.9,64.3,27.8,6.0,92.0
41.0,0,178.7,85.1,10.0,50.0,224.0
26.0,1,157.9,56.58,18.9,39.0,157.0
22.0,0,182.0,70.5,-2.3,34.0,202.0
47.0,0,171.2,71.3,5.3,28.0,203.0
33.0,0,174.8,83.4,6.3,58.0,215.0
23.0,1,163.1,55.2,12.8,23.0,133.0
59.0,1,162.6,52.98,13.7,15.0,152.0
24.0,1,164.0,57.0,27.7,45.0,180.0
29.0,0,171.4,75.88,23.8,45.0,201.0
27.0,0,173.9,79.0,0.2,39.0,206.0
50.0,0,173.1,81.8,-9.1,29.0,165.0
28.0,0,182.6,71.7,18.1,62.0,269.0
21.0,1,159.3,49.3,21.8,36.0,180.0
21.0,0,180.4,73.9,5.2,53.0,157.0
27.0,0,171.9,94.7,-4.6,41.0,184.0
64.0,1,155.0,50.0,20.3,20.0,142.0
29.0,0,170.6,69.4,9.0,43.0,223.0
27.0,0,177.5,77.6,21.0,46.0,258.0
32.0,0,191.4,93.3,15.5,35.0,235.0
32.0,0,181.0,78.8,10.6,52.0,182.0
28.0,0,169.0,70.7,14.4,56.0,246.0
26.0,0,164.0,60.6,16.7,60.0,230.0
55.0,0,171.1,76.4,9.3,30.0,160.0
21.0,1,167.4,64.62,20.7,42.0,187.0
25.0,1,153.4,51.1,23.9,39.0,179.0
28.0,0,175.8,93.3,11.5,38.0,215.0
30.0,0,174.2,70.1,13.6,47.0,248.0
30.0,0,169.4,62.4,16.5,54.0,197.0
59.0,0,170.2,67.3,20.0,34.0,158.0
43.0,0,176.4,75.1,21.5,32.0,193.0
54.0,1,152.2,56.5,12.7,8.0,105.0
25.0,0,169.9,65.3,17.3,21.0,158.0
21.0,1,165.3,58.1,17.7,26.0,131.0
45.0,0,171.1,80.0,19.6,47.0,220.0
46.0,0,168.1,72.5,-14.3,10.0,165.0
22.0,1,165.7,54.0,12.3,27.0,172.0
37.0,1,154.0,51.8,19.8,53.0,171.0
41.0,0,176.0,78.4,16.3,46.0,205.0
22.0,1,152.6,47.6,28.6,46.0,168.0
58.0,1,156.7,52.8,11.2,11.0,111.0
52.0,1,169.7,53.4,28.0,34.0,147.0
21.0,0,177.3,69.9,7.7,49.0,215.0
52.0,0,145.8,58.6,13.2,10.0,50.0
26.0,0,172.0,74.9,21.1,62.0,207.0
28.0,0,179.8,83.0,24.4,43.0,188.0
27.0,0,181.2,68.54,20.3,48.0,266.0
29.0,1,158.0,48.86,-10.9,40.0,118.0
28.0,0,178.1,91.8,15.1,31.0,204.0
26.0,1,163.1,46.1,-0.3,18.0,134.0
61.0,1,151.3,50.9,22.8,18.0,142.0
25.0,0,170.2,73.6,21.2,43.0,222.0
52.0,1,149.4,53.3,22.7,15.0,111.0
57.0,0,177.0,73.2,16.6,30.0,203.0
21.0,1,160.9,51.2,18.6,39.0,176.0
22.0,1,157.9,47.2,23.6,46.0,188.0
49.0,1,154.9,67.3,20.0,20.0,153.0
29.0,0,181.3,80.1,8.8,49.0,224.0
54.0,0,174.4,74.4,8.3,29.0,160.0
26.0,0,168.1,68.2,17.5,62.0,227.0
51.0,1,163.2,57.8,12.7,25.0,127.0
32.0,0,177.8,90.7,12.9,44.0,225.0
27.0,0,171.0,67.6,17.5,46.0,240.0
34.0,0,174.0,73.7,11.3,51.0,191.0
44.0,0,173.5,67.7,11.1,45.0,210.0
31.0,0,166.9,73.6,17.3,53.0,202.0
21.0,1,157.1,68.9,16.5,28.0,147.0
25.0,1,168.6,55.0,20.1,38.0,178.0
24.0,1,154.5,45.4,25.8,48.0,190.0
32.0,0,191.7,90.2,15.4,52.0,251.0
24.0,1,165.6,53.3,26.5,40.0,185.0
26.0,1,170.8,56.1,25.6,46.0,195.0
47.0,0,161.8,58.92,6.7,53.0,194.0
21.0,1,171.3,65.46,22.7,30.0,132.0
29.0,0,177.8,76.4,14.4,46.0,244.0
41.0,0,175.7,81.2,14.3,42.0,199.0
22.0,1,160.3,47.1,20.8,43.0,168.0
25.0,0,170.7,68.86,14.1,51.0,235.0
59.0,0,171.5,72.0,16.6,32.0,182.0
63.0,0,169.3,69.1,16.0,37.0,190.0
26.0,1,158.4,54.7,20.4,36.0,184.0
21.0,1,163.9,60.1,24.2,30.0,173.0
25.0,1,159.4,53.6,10.9,49.0,146.0
21.0,1,164.5,44.6,15.1,33.0,169.0
33.0,0,172.7,87.3,12.0,50.0,212.0
22.0,0,176.1,88.2,15.6,48.0,238.0
24.0,0,174.9,75.1,15.0,44.0,200.0
21.0,0,179.7,63.9,1.1,48.0,167.0
27.0,0,181.4,71.6,13.6,42.0,248.0
26.0,0,177.3,81.2,16.3,55.0,226.0
53.0,0,167.7,100.1,-4.4,21.0,162.0
63.0,0,170.6,78.26,7.9,40.0,211.0
63.0,0,171.0,70.2,-1.6,18.0,179.0
23.0,1,163.7,53.4,28.0,43.0,204.0
24.0,0,181.0,84.4,7.2,54.0,213.0
31.0,1,160.5,54.0,17.3,30.0,165.0
31.0,0,176.0,82.5,21.5,48.0,227.0
27.0,1,156.5,60.8,21.3,34.0,160.0
23.0,0,171.9,65.9,16.3,42.0,250.0
21.0,0,171.6,78.6,20.7,56.0,241.0
36.0,0,178.2,72.3,10.1,49.0,219.0
22.0,0,180.7,71.8,11.3,46.0,249.0
61.0,0,171.5,64.3,10.7,27.0,160.0
59.0,0,179.3,69.8,15.2,23.0,178.0
39.0,0,176.2,81.5,6.0,38.0,216.0
60.0,1,155.2,48.9,27.9,36.0,150.0
34.0,0,173.0,71.1,24.6,58.0,225.0
22.0,0,175.9,70.9,8.4,53.0,251.0
33.0,0,168.9,69.9,-10.7,40.0,233.0
24.0,0,170.6,69.9,23.9,60.0,280.0
23.0,1,152.7,48.08,21.0,41.0,182.0
60.0,1,161.2,63.8,19.8,35.0,138.0
47.0,0,166.2,52.9,-20.0,13.0,155.0
45.0,1,164.4,56.3,12.4,22.0,162.0
60.0,1,151.9,59.0,7.8,0.0,101.0
27.0,0,170.8,68.8,21.8,59.0,238.0
39.0,0,170.0,76.9,11.4,40.0,202.0
33.0,0,176.5,70.3,18.5,53.0,222.0
29.0,1,159.5,47.0,19.1,39.0,166.0
63.0,1,162.3,55.8,24.8,7.0,125.0
29.0,0,170.0,69.7,14.1,57.0,223.0
50.0,0,173.5,66.4,18.5,44.0,189.0
34.0,0,171.1,68.5,21.9,40.0,225.0
62.0,0,163.7,54.8,12.8,30.0,176.0
60.0,1,157.7,60.3,18.3,22.0,110.0
58.0,0,170.0,79.8,21.7,26.0,166.0
57.0,0,168.1,68.2,1.4,36.0,181.0
53.0,1,159.9,61.9,15.8,10.0,101.0
53.0,0,168.4,67.6,25.8,65.0,223.0
39.0,0,169.9,62.7,24.8,57.0,192.0
23.0,0,169.6,55.3,3.1,41.0,236.0
28.0,1,162.9,54.4,23.1,53.0,178.0
24.0,0,161.3,63.3,4.9,53.0,196.0
60.0,0,170.0,65.1,15.5,34.0,214.0
27.0,0,178.1,73.5,17.1,55.0,237.0
54.0,0,171.3,59.8,9.4,37.0,194.0
54.0,0,157.2,54.0,15.5,27.0,177.0
23.0,0,171.7,79.7,2.4,47.0,222.0
23.0,0,168.7,61.0,24.4,59.0,242.0
34.0,0,169.3,75.3,19.6,68.0,233.0
32.0,0,178.1,64.0,16.5,52.0,238.0
23.0,1,163.9,52.4,29.0,44.0,125.0
29.0,1,160.8,59.6,22.8,34.0,175.0
22.0,0,178.3,73.2,11.7,46.0,208.0
29.0,0,176.4,66.2,6.2,43.0,211.0
27.0,0,168.0,69.8,17.0,54.0,219.0
21.0,1,160.2,59.82,17.6,52.0,185.0
40.0,0,172.0,61.8,15.4,58.0,192.0
27.0,1,163.1,60.7,21.4,44.0,191.0
26.0,0,167.3,96.4,15.2,47.0,180.0
28.0,0,170.3,52.5,16.5,25.0,185.0
43.0,0,182.5,66.2,5.0,39.0,194.0
30.0,0,166.0,65.6,16.2,49.0,246.0
49.0,0,174.7,67.4,1.4,30.0,174.0
24.0,1,166.6,61.2,14.2,19.0,161.0
54.0,0,169.7,66.6,21.7,43.0,213.0
23.0,0,174.4,82.4,13.7,48.0,225.0
41.0,0,166.7,65.7,18.7,54.0,242.0
52.0,0,175.8,60.9,-9.0,32.0,215.0
47.0,0,171.0,72.64,18.0,45.0,205.0
29.0,0,162.2,73.2,14.5,36.0,210.0
42.0,1,164.2,56.2,18.2,38.0,160.0
40.0,0,171.2,73.7,7.0,36.0,201.0
35.0,1,154.0,47.6,24.5,34.0,149.0
22.0,0,175.2,62.9,7.3,44.0,216.0
22.0,0,172.1,76.6,14.2,46.0,186.0
27.0,1,158.6,56.52,19.2,35.0,180.0
26.0,1,158.9,46.8,19.7,51.0,189.0
25.0,1,175.1,59.8,29.1,40.0,200.0
41.0,1,162.6,55.0,21.8,26.0,163.0
27.0,0,171.2,73.1,8.4,45.0,209.0
36.0,1,153.9,48.1,24.5,25.0,125.0
48.0,0,175.7,91.4,2.7,37.0,172.0
26.0,0,176.9,64.0,20.6,49.0,219.0
61.0,0,167.1,72.6,4.9,30.0,183.0
32.0,0,172.2,70.42,15.9,58.0,227.0
60.0,1,156.2,60.7,20.7,10.0,109.0
61.0,1,159.0,61.0,-1.5,19.0,134.0
37.0,0,175.3,88.2,16.2,57.0,220.0
22.0,0,178.2,72.5,22.2,58.0,270.0
24.0,1,160.0,46.8,11.9,30.0,118.0
23.0,1,155.5,55.0,29.4,53.0,200.0
21.0,1,160.6,57.2,30.0,45.0,185.0
25.0,0,179.8,73.1,11.7,64.0,235.0
53.0,1,154.4,52.1,17.2,21.0,117.0
61.0,0,170.5,76.5,14.9,35.0,180.0
46.0,0,180.9,93.1,9.4,45.0,225.0
28.0,1,173.4,66.3,26.3,29.0,157.0
28.0,0,166.0,66.2,20.6,55.0,223.0
21.0,1,171.5,52.5,20.7,41.0,185.0
50.0,1,152.4,61.1,15.1,0.0,83.0
45.0,0,179.6,80.8,22.5,56.0,258.0
23.0,0,175.8,73.5,-8.2,42.0,203.0
55.0,0,172.3,56.28,20.5,23.0,180.0
34.0,0,173.0,79.9,16.0,7.0,233.0
57.0,0,162.3,61.0,11.0,32.0,188.0
54.0,0,171.4,64.8,19.4,52.0,222.0
50.0,1,155.7,53.5,22.6,27.0,158.0
34.0,1,155.8,44.5,21.3,35.0,162.0
30.0,0,173.7,77.9,19.7,58.0,245.0
22.0,0,178.6,83.5,18.1,57.0,229.0
29.0,0,173.9,75.1,16.0,47.0,245.0
51.0,1,161.7,48.2,25.3,30.0,154.0
21.0,0,180.4,94.9,7.5,36.0,163.0
21.0,0,176.5,63.1,18.5,52.0,213.0
40.0,0,176.5,66.88,15.0,52.0,212.0
47.0,0,171.3,73.8,13.9,36.0,231.0
33.0,0,174.6,77.7,14.9,47.0,251.0
48.0,0,171.9,72.6,15.1,43.0,212.0
26.0,0,178.9,82.8,11.6,44.0,192.0
31.0,1,165.1,73.8,21.2,34.0,170.0
30.0,0,178.0,81.1,14.7,48.0,225.0
62.0,1,158.1,58.0,12.5,12.0,117.0
27.0,0,177.2,73.2,23.8,55.0,245.0
29.0,0,172.7,71.8,19.7,57.0,254.0
21.0,1,168.3,56.9,14.2,34.0,153.0
25.0,0,166.3,53.9,17.0,54.0,240.0
60.0,1,155.6,53.9,18.9,19.0,127.0
61.0,0,167.0,62.92,2.6,36.0,181.0
43.0,1,159.1,57.3,15.4,36.0,139.0
45.0,0,169.8,71.0,10.3,31.0,227.0
48.0,0,172.0,75.0,6.5,21.0,202.0
21.0,0,171.1,83.0,7.3,48.0,227.0
28.0,1,162.0,54.0,25.0,52.0,182.0
26.0,1,167.2,58.16,20.5,36.0,155.0
57.0,1,161.3,70.4,12.5,13.0,107.0
35.0,0,176.6,78.0,27.3,64.0,244.0
44.0,1,162.3,55.1,17.8,36.0,145.0
44.0,0,176.2,70.9,11.3,38.0,196.0
60.0,0,155.3,57.1,16.9,52.0,192.0
28.0,0,168.8,61.2,17.7,52.0,210.0
24.0,1,165.4,53.1,18.1,47.0,186.0
23.0,1,159.2,47.7,28.0,44.0,185.0
24.0,0,173.0,71.0,20.6,50.0,254.0
27.0,1,165.7,51.3,25.4,44.0,180.0
38.0,1,162.0,63.0,15.1,22.0,129.0
43.0,0,186.2,78.0,15.3,54.0,235.0
22.0,1,158.5,49.3,21.0,59.0,178.0
58.0,1,163.5,62.0,20.9,50.0,119.0
59.0,0,174.5,77.4,11.5,23.0,168.0
21.0,0,176.1,68.4,9.7,47.0,219.0
23.0,0,183.2,74.4,13.9,64.0,218.0
28.0,0,175.8,65.08,16.7,59.0,231.0
22.0,0,184.6,80.5,-5.0,50.0,166.0
48.0,0,177.1,67.8,16.2,56.0,208.0
22.0,0,174.5,79.4,7.8,42.0,195.0
24.0,1,163.2,55.7,2.6,30.0,161.0
34.0,1,164.5,61.2,12.0,18.0,160.0
26.0,1,158.0,47.9,4.5,35.0,144.0
31.0,0,178.5,80.4,28.8,57.0,240.0
35.0,0,167.2,72.5,19.8,55.0,246.0
53.0,0,172.3,71.8,24.9,43.0,211.0
64.0,0,163.9,58.4,-13.3,24.0,168.0
24.0,0,187.6,81.22,16.5,52.0,235.0
21.0,1,163.6,52.1,15.9,47.0,162.0
48.0,1,156.4,48.3,26.6,68.0,190.0
34.0,0,176.3,79.1,12.8,42.0,207.0
61.0,0,173.0,85.6,20.1,34.0,172.0
52.0,0,175.2,65.1,18.5,40.0,215.0
48.0,1,167.0,61.4,24.4,41.0,178.0
21.0,0,182.4,78.3,7.9,57.0,246.0
54.0,1,157.8,54.4,-0.5,2.0,90.0
34.0,0,170.2,79.3,-3.7,35.0,196.0
24.0,1,175.1,69.0,20.6,37.0,181.0
25.0,0,173.8,80.5,23.2,58.0,233.0
28.0,1,164.9,52.2,8.0,43.0,180.0
21.0,1,165.4,63.5,19.8,41.0,172.0
60.0,0,170.7,64.3,10.8,35.0,211.0
32.0,0,173.9,77.5,11.1,62.0,229.0
50.0,1,155.2,61.2,23.1,37.0,140.0
29.0,0,184.0,81.8,22.1,62.0,248.0
26.0,1,160.0,59.0,21.8,35.0,143.0
22.0,1,162.5,64.1,21.4,25.0,129.0
49.0,1,159.2,64.8,8.2,18.0,132.0
25.0,1,164.9,47.1,16.0,22.0,163.0
21.0,0,179.0,82.8,19.9,56.0,278.0
24.0,0,172.3,75.7,30.3,71.0,258.0
30.0,0,167.8,74.2,25.8,50.0,203.0
43.0,0,172.0,69.4,17.0,48.0,221.0
56.0,0,175.0,78.3,20.9,52.0,212.0
45.0,1,158.5,57.4,19.0,34.0,153.0
25.0,0,177.8,68.5,19.0,41.0,191.0
25.0,1,161.6,45.4,21.3,60.0,179.0
22.0,0,170.5,77.2,21.0,55.0,233.0
53.0,0,174.9,86.3,13.8,43.0,215.0
57.0,0,162.7,61.1,10.0,24.0,177.0
55.0,1,164.1,70.1,19.3,13.0,140.0
33.0,0,175.1,80.6,15.5,50.0,215.0
23.0,0,178.4,75.4,20.0,52.0,248.0
45.0,0,170.0,70.0,8.5,36.0,219.0
41.0,1,165.2,67.5,19.9,35.0,177.0
29.0,0,178.1,78.9,17.7,52.0,226.0
23.0,0,181.1,77.9,17.0,63.0,250.0
31.0,0,167.0,69.7,5.5,36.0,205.0
29.0,0,185.0,85.8,17.2,55.0,231.0
30.0,0,173.3,79.54,22.4,52.0,228.0
25.0,1,166.1,62.5,14.0,32.0,149.0
29.0,0,177.1,60.5,-12.4,27.0,200.0
34.0,0,177.7,68.1,7.3,39.0,189.0
23.0,1,173.2,66.7,34.7,47.0,180.0
25.0,1,162.4,55.8,23.0,45.0,172.0
39.0,1,159.1,52.6,20.8,47.0,174.0
22.0,0,176.6,80.5,-6.1,53.0,270.0
45.0,0,170.0,76.4,15.3,48.0,191.0
29.0,0,171.1,73.2,29.8,61.0,261.0
62.0,1,159.9,52.3,19.4,2.0,139.0
47.0,0,164.2,64.7,15.9,20.0,176.0
53.0,1,163.5,67.72,11.0,22.0,161.0
21.0,0,178.5,69.3,18.1,54.0,232.0
28.0,0,165.4,65.0,23.3,54.0,236.0
39.0,0,180.3,79.9,13.5,44.0,234.0
58.0,0,168.1,67.2,3.8,27.0,186.0
59.0,0,167.5,80.2,7.3,25.0,199.0
39.0,0,177.5,77.0,17.3,46.0,239.0
57.0,1,157.3,52.5,23.4,22.0,148.0
45.0,1,159.0,50.1,28.8,59.0,212.0
21.0,1,169.1,56.1,31.3,24.0,162.0
27.0,0,174.8,71.0,16.4,60.0,251.0
30.0,0,172.2,79.18,8.4,49.0,197.0
25.0,0,171.4,69.0,10.9,50.0,239.0
21.0,1,160.2,59.4,20.2,36.0,165.0
60.0,0,171.0,77.3,22.2,33.0,193.0
22.0,0,169.2,70.2,25.6,61.0,254.0
57.0,0,164.3,76.9,-12.6,10.0,152.0
26.0,1,154.5,56.32,15.7,45.0,146.0
30.0,0,182.3,72.06,19.3,60.0,236.0
30.0,0,180.6,75.7,21.2,57.0,233.0
64.0,0,170.9,64.3,3.8,31.0,180.0
50.0,0,169.6,70.7,22.0,50.0,217.0
27.0,0,176.4,85.5,7.9,36.0,200.0
24.0,0,166.5,65.6,24.4,59.0,223.0
52.0,1,156.2,64.5,22.8,25.0,143.0
44.0,1,153.8,49.7,23.6,24.0,158.0
35.0,0,185.7,94.0,3.7,33.0,168.0
21.0,0,176.1,82.2,9.3,36.0,191.0
22.0,1,172.4,56.18,18.6,28.0,154.0
62.0,1,154.0,63.1,3.9,0.0,70.0
31.0,0,172.0,66.3,16.3,53.0,230.0
26.0,1,167.9,62.1,22.6,39.0,154.0
27.0,1,164.0,52.1,26.0,51.0,184.0
21.0,1,166.8,57.9,16.5,57.0,179.0
36.0,0,178.2,76.7,16.5,63.0,150.0
22.0,0,183.0,87.6,25.7,49.0,163.0
37.0,1,161.0,52.8,29.9,27.0,201.0
26.0,0,183.1,82.7,20.0,60.0,198.0
24.0,1,163.0,59.5,21.9,50.0,174.0
30.0,0,172.6,102.7,11.2,48.0,246.0
40.0,0,178.9,73.8,13.4,34.0,194.0
23.0,0,174.6,75.6,30.1,60.0,261.0
24.0,0,187.8,93.7,21.0,51.0,232.0
25.0,1,169.2,66.5,24.3,40.0,176.0
45.0,0,165.9,70.3,19.4,58.0,230.0
54.0,0,165.9,64.0,15.6,46.0,179.0
29.0,0,169.0,94.9,13.7,58.0,230.0
29.0,0,160.8,49.7,-2.0,51.0,220.0
53.0,1,159.4,61.4,16.8,28.0,155.0
32.0,0,174.9,87.4,15.2,54.0,240.0
27.0,1,168.0,66.0,19.3,24.0,227.0
23.0,1,158.2,46.6,16.1,29.0,144.0
57.0,1,150.6,61.7,13.0,5.0,137.0
39.0,1,160.6,49.9,15.3,27.0,150.0
30.0,0,175.8,73.8,19.1,56.0,250.0
45.0,1,162.0,58.1,28.4,26.0,157.0
28.0,0,169.1,64.0,12.0,49.0,200.0
33.0,1,162.2,51.8,19.8,24.0,155.0
22.0,0,180.4,82.0,20.3,65.0,239.0
25.0,0,183.2,66.6,19.2,53.0,234.0
28.0,0,181.4,79.5,16.4,60.0,253.0
23.0,0,179.3,76.4,-11.6,50.0,216.0
22.0,0,176.9,75.3,16.7,61.0,228.0
25.0,1,161.9,57.1,23.6,38.0,161.0
25.0,1,159.0,58.5,31.5,57.0,200.0
57.0,1,159.4,56.2,11.7,0.0,90.0
23.0,1,160.7,45.2,19.9,41.0,155.0
42.0,0,181.4,90.3,14.0,38.0,213.0
31.0,0,171.1,69.1,25.3,54.0,206.0
59.0,0,169.4,75.9,15.9,27.0,191.0
25.0,0,170.0,71.6,10.6,63.0,197.0
62.0,1,152.7,59.8,20.7,19.0,124.0
28.0,0,175.2,79.0,20.2,52.0,200.0
44.0,0,178.1,77.9,12.9,38.0,194.0
26.0,1,175.6,62.8,19.0,28.0,165.0
24.0,0,187.0,104.0,-8.5,25.0,180.0
22.0,0,181.8,77.0,-11.6,64.0,212.0
32.0,0,185.1,77.3,9.9,54.0,221.0
25.0,1,164.4,54.4,24.6,50.0,168.0
21.0,0,169.1,63.0,4.6,45.0,210.0
62.0,1,154.4,52.7,14.4,3.0,101.0
23.0,0,166.6,61.1,6.1,44.0,230.0
21.0,0,169.5,75.2,18.7,58.0,230.0
22.0,1,163.6,63.7,17.8,15.0,130.0
21.0,1,155.2,37.4,25.7,36.0,183.0
37.0,1,170.1,52.06,24.8,29.0,163.0
58.0,0,161.8,54.76,17.8,33.0,163.0
61.0,0,166.8,63.0,26.5,32.0,172.0
32.0,0,164.0,65.8,4.8,37.0,191.0
49.0,1,162.2,59.9,18.0,24.0,145.0
52.0,1,156.5,61.1,21.9,21.0,147.0
28.0,1,166.4,51.7,20.6,31.0,147.0
25.0,1,162.9,61.0,25.6,29.0,165.0
49.0,0,178.0,78.7,19.0,41.0,232.0
24.0,1,163.1,48.4,22.7,42.0,178.0
55.0,1,152.8,55.6,15.7,23.0,130.0
58.0,0,162.0,60.0,5.1,23.0,191.0
63.0,0,172.0,68.7,18.0,35.0,151.0
22.0,0,180.0,87.1,5.9,34.0,221.0
51.0,0,175.5,76.1,19.6,35.0,222.0
27.0,1,163.1,61.4,19.5,44.0,165.0
63.0,1,153.9,26.3,7.8,0.0,105.0
24.0,0,172.6,73.0,17.4,59.0,238.0
27.0,0,189.8,97.4,11.1,45.0,235.0
36.0,0,174.5,73.4,9.6,57.0,208.0
23.0,0,179.3,82.3,18.7,53.0,257.0
26.0,0,170.4,66.9,9.1,42.0,199.0
26.0,1,165.8,63.5,15.2,28.0,157.0
30.0,0,190.6,138.1,4.3,30.0,181.0
23.0,0,168.0,68.2,17.9,71.0,245.0
41.0,1,160.8,56.9,18.9,33.0,169.0
24.0,0,171.6,69.0,7.3,53.0,192.0
35.0,1,163.3,54.9,23.5,32.0,165.0
30.0,0,166.1,66.4,9.6,44.0,227.0
26.0,1,161.0,61.9,28.5,44.0,153.0
59.0,1,157.5,81.9,21.6,0.0,65.0
62.0,1,150.3,62.4,19.0,0.0,113.0
22.0,0,168.6,73.9,16.3,47.0,209.0
24.0,0,170.7,62.84,24.2,53.0,248.0
28.0,1,160.9,62.4,10.1,43.0,163.0
42.0,0,174.7,76.2,23.4,34.0,239.0
23.0,1,172.5,60.9,19.7,55.0,136.0
49.0,1,156.0,53.1,32.4,40.0,183.0
51.0,1,164.4,55.8,22.0,21.0,148.0
21.0,0,171.3,68.2,17.4,69.0,220.0
34.0,1,162.6,52.1,28.2,65.0,208.0
62.0,0,167.7,78.9,7.1,26.0,174.0
42.0,0,171.3,71.9,14.7,46.0,198.0
43.0,0,162.6,70.4,5.0,40.0,190.0
25.0,0,170.0,63.0,19.3,43.0,232.0
33.0,1,170.5,54.0,27.6,52.0,186.0
26.0,1,172.6,75.1,21.5,44.0,197.0
26.0,0,166.0,83.6,20.4,53.0,211.0
46.0,1,155.5,50.8,18.3,22.0,162.0
24.0,0,178.5,84.4,17.0,47.0,250.0
33.0,1,167.4,69.9,20.6,34.0,166.0
31.0,0,171.5,67.1,17.8,51.0,214.0
26.0,0,174.5,77.9,13.2,60.0,229.0
26.0,0,172.2,71.9,15.3,47.0,221.0
23.0,1,157.6,57.3,15.9,39.0,142.0
51.0,1,152.8,70.1,21.4,11.0,118.0
56.0,1,156.6,60.4,21.2,10.0,140.0
37.0,0,179.9,77.4,12.5,55.0,210.0
21.0,0,175.8,71.24,18.1,47.0,227.0
30.0,0,172.7,78.0,3.4,25.0,218.0
37.0,0,178.8,86.1,16.7,41.0,209.0
27.0,0,168.3,71.5,8.4,38.0,229.0
47.0,0,166.6,59.7,16.8,35.0,185.0
58.0,0,168.1,69.0,19.6,40.0,183.0
43.0,0,175.4,81.8,8.3,38.0,209.0
42.0,0,176.9,77.0,13.1,51.0,218.0
43.0,0,161.8,68.4,13.5,46.0,197.0
59.0,0,160.8,60.6,11.3,33.0,177.0
41.0,1,162.3,65.2,1.9,32.0,163.0
28.0,0,175.0,64.8,21.7,60.0,211.0
30.0,0,180.4,74.3,18.0,36.0,240.0
23.0,0,173.0,63.4,28.5,65.0,267.0
40.0,1,169.2,67.9,27.9,23.0,151.0
22.0,1,151.9,45.0,27.6,54.0,184.0
27.0,1,163.6,58.5,23.1,50.0,177.0
46.0,0,177.8,89.4,0.8,22.0,211.0
27.0,0,176.9,98.8,16.9,40.0,202.0
24.0,0,176.7,76.6,12.7,58.0,195.0
25.0,1,167.2,54.4,21.0,35.0,183.0
27.0,1,164.6,60.5,18.8,36.0,151.0
36.0,0,180.7,74.0,21.6,66.0,246.0
47.0,0,172.8,72.0,19.3,45.0,227.0
27.0,0,170.2,68.8,15.0,52.0,206.0
58.0,0,168.6,100.4,0.1,37.0,171.0
60.0,1,156.5,50.54,22.0,13.0,135.0
61.0,1,157.2,49.2,18.9,20.0,165.0
23.0,0,173.0,66.8,18.5,63.0,262.0
21.0,0,176.4,66.2,21.8,57.0,198.0
27.0,0,178.6,80.6,10.6,49.0,238.0
59.0,0,173.7,77.2,15.4,31.0,188.0
30.0,0,173.2,66.7,19.3,52.0,245.0
64.0,1,162.8,74.2,20.3,15.0,117.0
31.0,0,167.5,70.4,18.8,55.0,243.0
28.0,0,165.5,56.1,11.4,51.0,202.0
24.0,1,164.9,55.9,16.1,47.0,198.0
37.0,0,173.4,70.0,6.8,39.0,228.0
57.0,0,167.4,64.8,23.5,36.0,215.0
22.0,1,163.9,56.2,21.3,40.0,177.0
57.0,0,169.6,68.4,3.2,27.0,162.0
24.0,0,173.9,76.1,18.6,62.0,241.0
32.0,0,173.5,85.3,13.0,41.0,198.0
24.0,1,156.7,45.7,18.5,42.0,168.0
42.0,0,173.2,65.0,4.8,33.0,194.0
64.0,0,166.0,63.32,11.2,33.0,162.0
27.0,0,177.2,77.7,11.5,44.0,198.0
26.0,0,176.0,80.0,15.3,54.0,253.0
35.0,1,169.9,73.7,16.8,32.0,165.0
21.0,0,169.5,58.2,16.0,45.0,211.0
22.0,0,172.5,70.3,12.8,47.0,221.0
24.0,1,169.4,72.8,18.7,33.0,143.0
27.0,0,171.7,77.3,24.3,59.0,255.0
64.0,0,169.8,69.2,27.1,51.0,214.0
47.0,0,164.2,75.3,26.5,51.0,186.0
25.0,1,154.0,57.9,18.7,36.0,158.0
30.0,0,173.9,60.4,18.7,63.0,244.0
50.0,0,172.9,92.9,0.4,34.0,191.0
34.0,0,171.0,87.0,26.9,52.0,215.0
28.0,1,172.0,63.76,24.4,55.0,185.0
26.0,0,172.5,63.2,19.9,57.0,243.0
32.0,1,172.9,60.8,22.2,34.0,186.0
21.0,0,176.7,68.6,18.7,51.0,236.0
22.0,1,162.4,54.9,31.8,48.0,170.0
24.0,0,183.1,83.6,15.2,50.0,262.0
62.0,1,155.7,61.04,23.2,23.0,133.0
26.0,0,176.5,70.6,4.9,35.0,200.0
27.0,0,179.5,87.0,7.1,57.0,212.0
39.0,1,161.4,48.16,19.2,46.0,161.0
28.0,0,175.2,68.8,23.9,55.0,230.0
54.0,1,158.4,51.42,23.5,20.0,130.0
27.0,1,162.2,55.8,28.2,48.0,169.0
50.0,1,158.5,79.7,10.3,19.0,137.0
49.0,0,173.0,76.86,26.0,34.0,205.0
56.0,1,158.0,67.2,16.9,15.0,138.0
63.0,0,166.1,64.6,13.7,43.0,185.0
29.0,0,172.1,63.3,17.2,50.0,235.0
28.0,1,169.6,68.0,21.4,26.0,179.0
28.0,0,169.6,69.6,13.0,43.0,202.0
25.0,1,164.8,53.5,20.1,38.0,163.0
27.0,1,150.5,55.7,13.4,23.0,159.0
28.0,1,168.1,71.3,18.1,43.0,175.0
33.0,0,178.0,78.3,14.2,62.0,264.0
22.0,1,159.8,49.4,-4.7,28.0,136.0
36.0,0,182.0,83.0,15.9,45.0,210.0
28.0,0,172.1,74.1,20.3,59.0,242.0
38.0,1,170.6,62.8,19.1,21.0,172.0
29.0,1,168.8,63.82,20.0,45.0,203.0
35.0,1,160.9,66.6,15.1,20.0,161.0
57.0,1,153.8,42.8,19.3,0.0,95.0
21.0,1,166.2,55.7,25.1,52.0,183.0
23.0,0,173.0,60.9,15.9,50.0,217.0
45.0,0,171.5,68.76,21.7,44.0,212.0
37.0,1,163.9,56.2,20.6,28.0,180.0
44.0,0,165.9,76.4,3.5,34.0,205.0
46.0,0,174.6,65.3,13.2,36.0,176.0
47.0,1,164.7,55.3,19.5,26.0,138.0
36.0,1,160.9,67.9,-3.8,13.0,146.0
33.0,0,171.7,85.0,8.7,44.0,197.0
21.0,1,165.9,69.2,22.2,39.0,163.0
55.0,0,164.9,61.6,14.4,27.0,189.0
23.0,1,156.0,57.2,32.1,20.0,169.0
31.0,0,177.9,83.6,10.1,61.0,235.0
21.0,0,179.6,78.6,25.9,58.0,248.0
23.0,0,174.8,89.0,9.1,41.0,228.0
21.0,1,157.9,58.7,29.1,40.0,177.0
60.0,1,155.6,58.8,20.1,0.0,108.0
33.0,0,171.6,62.2,6.3,39.0,207.0
32.0,0,175.9,77.9,14.9,40.0,226.0
28.0,0,168.7,86.2,1.5,44.0,196.0
46.0,0,166.5,58.9,13.0,44.0,220.0
38.0,1,159.7,55.9,25.0,27.0,176.0
30.0,0,165.2,62.5,12.6,58.0,247.0
27.0,0,174.9,71.4,19.5,44.0,234.0
45.0,0,173.7,60.4,19.7,41.0,196.0
53.0,1,153.9,58.34,23.0,35.0,159.0
25.0,0,172.2,60.0,15.2,55.0,230.0
24.0,1,159.6,52.7,9.7,12.0,131.0
42.0,1,167.9,54.3,28.5,38.0,157.0
22.0,1,168.9,57.68,20.9,40.0,171.0
44.0,1,160.5,62.6,13.6,7.0,132.0
29.0,1,150.5,52.3,26.0,30.0,157.0
62.0,1,154.0,52.6,23.5,4.0,114.0
27.0,0,167.6,66.0,19.4,63.0,234.0
62.0,0,167.8,65.42,10.5,17.0,153.0
22.0,0,191.9,92.8,-11.2,41.0,220.0
28.0,0,170.8,68.48,11.2,34.0,185.0
64.0,1,154.1,62.3,17.2,0.0,116.0
48.0,0,168.2,71.9,25.0,32.0,217.0
28.0,0,164.1,58.9,20.3,52.0,247.0
63.0,1,159.4,60.9,27.0,20.0,130.0
45.0,0,180.7,95.9,14.7,25.0,178.0
62.0,0,157.3,58.3,6.8,23.0,153.0
31.0,1,164.5,51.84,21.2,41.0,196.0
33.0,0,187.3,85.0,6.5,42.0,201.0
60.0,1,152.4,45.3,25.2,42.0,139.0
47.0,0,171.0,76.2,27.7,51.0,227.0
55.0,1,159.7,55.9,21.5,24.0,145.0
37.0,0,170.1,67.6,9.9,40.0,180.0
32.0,1,156.3,61.7,21.7,41.0,165.0
30.0,0,181.2,74.7,15.2,48.0,224.0
28.0,0,172.9,70.2,16.4,57.0,231.0
43.0,0,173.6,71.1,16.4,47.0,213.0
61.0,1,162.0,58.1,0.1,0.0,102.0
42.0,0,172.4,67.5,25.4,60.0,226.0
21.0,1,165.2,59.1,18.1,35.0,156.0
36.0,0,180.0,88.7,15.0,55.0,230.0
42.0,0,168.9,69.9,15.8,33.0,225.0
26.0,0,172.9,71.4,18.3,58.0,260.0
25.0,0,173.5,97.6,12.3,39.0,222.0
29.0,0,167.6,51.6,12.3,57.0,227.0
46.0,0,172.8,64.9,20.0,49.0,234.0
48.0,0,181.2,80.2,20.5,53.0,233.0
40.0,1,159.1,50.4,25.7,32.0,162.0
27.0,0,185.3,75.6,16.3,56.0,211.0
47.0,0,172.2,82.9,10.2,38.0,190.0
59.0,1,152.6,61.5,16.8,22.0,120.0
39.0,1,164.7,57.8,26.2,52.0,180.0
28.0,1,164.9,54.18,17.7,42.0,175.0
21.0,1,168.9,57.0,28.7,39.0,197.0
45.0,1,160.3,55.6,16.2,32.0,135.0
59.0,0,171.4,70.7,16.8,39.0,186.0
61.0,1,160.0,69.2,21.4,18.0,111.0
35.0,0,174.9,72.9,15.0,50.0,215.0
48.0,1,151.1,49.52,13.3,27.0,124.0
47.0,0,183.3,84.1,15.8,49.0,210.0
24.0,0,175.8,69.3,15.6,51.0,222.0
27.0,0,172.4,83.0,17.2,56.0,261.0
60.0,0,167.9,72.2,-20.0,5.0,134.0
27.0,0,175.3,63.5,26.9,40.0,227.0
22.0,1,167.3,52.54,28.5,32.0,131.0
22.0,1,159.1,49.5,26.6,41.0,162.0
61.0,0,162.1,71.7,22.8,37.0,200.0
40.0,1,162.7,55.5,29.4,37.0,134.0
60.0,0,167.3,65.4,7.9,34.0,156.0
28.0,0,176.7,93.8,3.0,35.0,178.0
60.0,0,176.5,83.6,7.2,31.0,180.0
39.0,1,169.4,58.6,16.2,33.0,183.0
50.0,0,171.5,71.8,15.6,33.0,203.0
36.0,0,174.7,76.6,23.2,40.0,249.0
58.0,0,167.5,65.5,9.7,34.0,180.0
22.0,0,166.0,61.9,0.1,50.0,218.0
44.0,0,171.0,82.6,15.4,36.0,185.0
25.0,1,160.1,53.0,21.3,40.0,170.0
40.0,0,173.9,74.8,16.2,33.0,218.0
22.0,0,167.6,63.5,13.5,55.0,231.0
21.0,1,166.1,61.2,29.1,61.0,213.0
21.0,1,162.6,51.1,11.2,27.0,182.0
23.0,1,164.1,59.4,27.5,32.0,169.0
40.0,1,151.9,58.3,13.8,19.0,131.0
61.0,0,168.7,69.5,8.9,32.0,166.0
39.0,0,167.8,60.7,21.4,28.0,186.0
21.0,1,159.5,48.4,25.1,42.0,180.0
34.0,0,170.9,65.4,3.1,44.0,226.0
58.0,0,177.3,72.2,11.2,29.0,154.0
44.0,0,155.7,52.2,17.5,48.0,226.0
34.0,0,177.8,76.4,5.3,38.0,194.0
21.0,0,170.4,58.6,6.8,48.0,216.0
32.0,0,178.7,70.0,22.0,57.0,236.0
61.0,1,151.1,47.8,2.8,2.0,120.0
29.0,0,175.4,70.4,18.0,60.0,250.0
21.0,1,156.8,48.08,20.4,28.0,162.0
24.0,0,174.0,76.5,19.2,45.0,225.0
32.0,0,171.5,72.7,4.6,22.0,172.0
32.0,1,158.3,54.6,19.1,30.0,149.0
23.0,0,173.8,66.3,12.7,51.0,225.0
34.0,0,174.9,86.9,10.4,39.0,182.0
49.0,1,153.6,56.5,10.4,18.0,155.0
37.0,1,164.8,72.7,25.0,38.0,155.0
57.0,0,173.3,69.9,9.8,27.0,182.0
26.0,1,165.6,48.6,22.4,40.0,161.0
23.0,0,187.3,76.8,0.3,38.0,237.0
21.0,0,183.8,86.2,8.4,50.0,214.0
55.0,0,168.0,65.0,16.1,37.0,188.0
25.0,0,175.6,60.5,10.8,46.0,235.0
28.0,1,158.1,55.52,16.0,42.0,162.0
31.0,0,169.1,67.4,12.2,46.0,222.0
38.0,0,176.9,68.3,14.9,49.0,230.0
33.0,0,174.8,69.4,17.7,59.0,241.0
26.0,1,159.8,48.8,15.6,40.0,184.0
34.0,1,162.1,79.3,20.1,13.0,135.0
25.0,0,183.4,91.1,25.0,56.0,275.0
36.0,0,175.6,79.4,19.0,52.0,223.0
25.0,0,176.4,84.7,10.2,51.0,228.0
29.0,1,157.6,58.1,6.8,32.0,151.0
27.0,0,176.2,65.1,19.1,58.0,214.0
26.0,0,163.6,63.8,12.3,45.0,232.0
24.0,1,152.8,44.3,10.7,30.0,160.0
22.0,0,175.8,64.58,11.0,59.0,214.0
61.0,0,168.9,66.5,11.7,45.0,190.0
24.0,0,181.3,77.2,14.3,48.0,220.0
27.0,0,177.4,72.5,17.5,63.0,261.0
37.0,0,169.9,85.2,2.2,18.0,205.0
24.0,0,179.0,80.3,27.8,67.0,276.0
46.0,0,174.8,67.6,14.1,42.0,192.0
25.0,0,171.2,65.1,22.2,54.0,239.0
21.0,1,157.3,48.5,28.4,43.0,196.0
21.0,1,168.7,62.0,22.1,40.0,188.0
30.0,1,152.4,47.8,27.8,46.0,167.0
54.0,1,150.2,48.3,2.8,1.0,85.0
30.0,0,179.0,67.2,8.8,45.0,213.0
23.0,0,170.3,79.8,17.9,55.0,241.0
28.0,0,175.5,68.4,13.6,50.0,214.0
56.0,0,162.7,66.5,21.0,34.0,182.0
39.0,1,161.5,52.0,22.5,20.0,188.0
27.0,0,174.7,85.2,-3.3,35.0,215.0
21.0,1,159.9,53.1,27.3,39.0,122.0
24.0,1,155.6,55.9,25.1,56.0,168.0
21.0,0,161.8,55.5,23.4,55.0,252.0
34.0,0,172.8,69.28,19.0,42.0,217.0
31.0,0,173.7,78.4,14.8,56.0,218.0
30.0,1,163.8,58.1,22.3,50.0,189.0
28.0,0,169.1,86.0,23.4,57.0,247.0
38.0,0,171.0,69.3,18.3,48.0,220.0
31.0,0,175.8,71.3,15.0,45.0,198.0
29.0,0,163.6,63.3,19.5,44.0,203.0
57.0,0,163.4,71.5,18.4,39.0,210.0
31.0,0,170.5,79.2,14.5,35.0,206.0
21.0,0,172.6,67.4,18.6,53.0,221.0
62.0,1,160.2,67.1,19.9,14.0,101.0
38.0,1,161.4,62.5,19.6,46.0,194.0
41.0,0,185.2,88.66,4.5,46.0,229.0
46.0,0,171.2,60.0,13.5,49.0,188.0
21.0,1,168.4,60.2,16.8,32.0,162.0
38.0,0,171.7,83.5,14.0,39.0,202.0
44.0,0,180.5,78.7,10.2,41.0,221.0
24.0,0,173.0,62.4,14.0,31.0,188.0
34.0,0,171.3,69.0,16.4,38.0,212.0
61.0,0,167.3,67.3,-2.3,18.0,166.0
29.0,0,172.6,68.5,18.4,50.0,212.0
25.0,1,157.8,54.0,30.8,67.0,165.0
24.0,0,174.7,72.6,19.5,40.0,191.0
61.0,1,158.8,64.1,21.4,7.0,118.0
25.0,1,172.3,61.1,17.1,37.0,162.0
24.0,1,162.6,58.0,25.0,39.0,172.0
62.0,1,158.6,54.6,24.5,19.0,124.0
62.0,1,155.0,49.2,19.3,17.0,150.0
56.0,0,166.3,63.8,15.8,29.0,195.0
37.0,0,177.4,81.9,-8.1,46.0,195.0
28.0,0,182.8,85.0,8.5,45.0,210.0
24.0,1,161.7,61.5,24.9,37.0,190.0
26.0,1,151.8,38.1,24.4,38.0,179.0
58.0,1,154.0,47.9,19.5,0.0,101.0
37.0,0,171.9,96.6,14.4,18.0,193.0
62.0,0,170.5,77.9,13.5,28.0,164.0
28.0,0,175.0,93.0,14.2,56.0,220.0
23.0,0,177.4,70.9,12.7,65.0,270.0
21.0,0,179.0,91.4,17.8,35.0,180.0
23.0,0,168.1,73.9,16.2,54.0,220.0
42.0,1,161.3,61.0,8.8,20.0,122.0
22.0,0,176.0,68.6,9.5,46.0,263.0
34.0,0,176.3,74.0,17.7,56.0,218.0
29.0,0,175.6,96.7,5.3,40.0,227.0
36.0,1,166.5,53.7,18.9,40.0,186.0
26.0,1,157.8,57.1,20.0,48.0,155.0
27.0,0,155.2,54.3,23.9,51.0,207.0
31.0,0,174.6,72.0,21.9,40.0,219.0
22.0,0,168.4,80.2,17.0,41.0,209.0
58.0,0,163.0,57.5,22.9,48.0,180.0
30.0,0,178.4,84.9,16.7,42.0,192.0
38.0,1,159.7,57.8,1.0,30.0,126.0
28.0,0,176.2,70.3,-10.6,41.0,222.0
25.0,1,168.6,61.7,20.0,38.0,178.0
42.0,0,169.3,65.1,25.3,49.0,219.0
28.0,1,159.7,70.6,25.1,35.0,160.0
54.0,1,160.0,58.3,21.3,21.0,126.0
22.0,1,160.5,50.48,26.0,43.0,188.0
21.0,0,173.6,84.3,23.6,60.0,250.0
37.0,0,175.5,81.1,14.4,45.0,229.0
35.0,0,175.3,73.4,19.0,45.0,232.0
53.0,1,165.9,69.5,16.4,28.0,129.0
64.0,0,168.5,66.5,17.5,38.0,160.0
53.0,0,162.7,52.9,11.5,19.0,189.0
23.0,0,177.8,80.7,14.0,47.0,177.0
23.0,0,170.1,81.6,13.7,58.0,194.0
29.0,0,177.9,85.7,17.2,44.0,219.0
25.0,1,163.1,53.4,19.3,44.0,185.0
62.0,1,162.2,62.1,26.6,21.0,110.0
50.0,0,176.9,70.0,16.7,45.0,201.0
25.0,0,177.0,66.4,7.5,47.0,227.0
60.0,0,175.0,81.7,14.5,29.0,177.0
56.0,0,167.7,65.66,15.6,41.0,184.0
57.0,0,174.1,68.9,14.1,42.0,207.0
56.0,0,179.9,84.2,17.3,37.0,198.0
32.0,1,163.9,62.0,23.1,25.0,154.0
35.0,0,176.4,77.7,11.7,41.0,213.0
24.0,0,176.7,77.7,28.9,60.0,258.0
62.0,0,174.6,66.6,17.7,41.0,179.0
24.0,0,175.5,79.9,23.5,46.0,250.0
26.0,0,177.2,77.8,17.8,45.0,250.0
54.0,1,160.3,52.7,13.4,19.0,151.0
22.0,0,177.3,70.2,23.0,55.0,235.0
22.0,0,178.2,75.7,16.4,57.0,226.0
43.0,1,161.3,60.1,18.0,20.0,143.0
48.0,1,150.9,52.8,6.9,23.0,134.0
27.0,0,176.5,80.66,7.5,51.0,240.0
25.0,1,156.1,49.7,20.4,35.0,152.0
56.0,0,171.0,76.5,10.5,45.0,179.0
30.0,0,170.8,72.0,19.1,52.0,238.0
43.0,1,155.1,50.0,24.3,28.0,118.0
26.0,1,156.0,64.3,25.5,49.0,182.0
50.0,1,157.1,60.1,23.0,26.0,121.0
60.0,0,171.4,68.4,13.4,44.0,200.0
27.0,0,178.2,75.1,16.7,55.0,229.0
50.0,1,163.6,63.0,17.9,40.0,185.0
28.0,0,167.0,68.1,11.1,54.0,212.0
44.0,0,176.9,76.92,6.4,49.0,240.0
36.0,0,177.7,83.5,5.4,50.0,244.0
50.0,1,159.8,57.1,24.4,30.0,143.0
27.0,1,156.3,49.0,14.3,49.0,158.0
34.0,0,182.2,71.9,20.8,61.0,233.0
61.0,0,174.9,62.2,15.2,27.0,177.0
27.0,1,156.0,53.9,13.1,28.0,144.0
52.0,1,157.6,53.9,3.3,0.0,118.0
64.0,0,167.7,73.8,6.4,30.0,185.0
58.0,0,170.1,62.6,19.1,33.0,205.0
25.0,0,173.1,56.9,5.4,54.0,243.0
46.0,1,161.2,60.5,19.1,31.0,155.0
33.0,0,184.3,83.3,15.7,47.0,246.0
24.0,0,181.7,85.4,11.8,56.0,241.0
30.0,0,169.8,73.8,17.7,54.0,252.0
25.0,0,174.1,71.7,16.9,61.0,240.0
62.0,0,176.7,79.1,12.3,35.0,200.0
51.0,1,154.6,50.2,28.1,59.0,192.0
34.0,1,152.0,46.6,26.6,24.0,157.0
39.0,0,173.9,65.5,16.0,54.0,255.0
30.0,0,170.5,67.8,11.0,51.0,204.0
21.0,0,173.3,68.0,10.5,53.0,153.0
21.0,0,179.9,70.5,13.5,39.0,199.0
36.0,0,185.1,73.6,10.4,45.0,211.0
25.0,1,163.3,52.36,20.4,40.0,145.0
22.0,0,177.1,71.7,13.3,50.0,245.0
41.0,0,180.3,79.7,13.0,50.0,208.0
22.0,1,153.2,58.6,27.9,39.0,161.0
26.0,0,165.2,67.2,18.1,55.0,236.0
22.0,0,184.2,70.8,24.8,54.0,241.0
23.0,1,153.2,53.4,26.3,43.0,187.0
31.0,0,174.6,61.2,20.9,55.0,219.0
21.0,0,185.5,79.2,10.5,51.0,208.0
29.0,1,154.2,49.3,17.3,44.0,154.0
24.0,0,180.1,71.9,23.1,56.0,250.0
26.0,1,156.2,46.5,14.0,25.0,177.0
44.0,0,167.1,59.9,14.9,42.0,206.0
23.0,0,177.6,65.8,12.1,62.0,228.0
26.0,0,173.8,80.2,23.0,60.0,200.0
21.0,0,178.5,73.2,0.2,62.0,198.0
55.0,1,155.0,57.7,21.2,35.0,149.0
25.0,1,155.3,60.0,21.7,48.0,200.0
38.0,0,170.1,69.6,9.9,53.0,200.0
59.0,0,163.0,66.2,12.8,25.0,100.0
56.0,1,165.5,58.9,34.8,22.0,163.0
55.0,0,167.3,78.0,8.2,30.0,148.0
25.0,1,163.8,54.2,19.3,35.0,156.0
21.0,0,179.1,64.0,8.3,49.0,254.0
36.0,0,165.6,64.0,0.3,35.0,168.0
22.0,1,163.0,57.44,32.4,43.0,195.0
27.0,0,170.0,69.3,10.2,47.0,207.0
43.0,0,166.3,73.0,4.2,44.0,219.0
63.0,0,170.1,61.7,13.7,32.0,169.0
24.0,0,165.7,63.5,19.1,36.0,273.0
37.0,0,173.2,98.5,-4.1,24.0,201.0
23.0,0,173.2,66.3,-5.0,30.0,180.0
28.0,0,174.3,74.9,6.5,48.0,217.0
59.0,0,162.1,66.8,9.0,34.0,174.0
29.0,0,184.3,89.5,21.7,54.0,234.0
33.0,0,183.1,75.3,2.5,35.0,194.0
36.0,0,167.9,73.6,9.6,53.0,244.0
29.0,1,158.4,57.22,26.1,43.0,142.0
44.0,0,172.0,75.4,17.2,63.0,188.0
33.0,1,157.9,53.2,20.0,47.0,171.0
28.0,0,171.5,89.0,16.7,51.0,218.0
24.0,1,165.0,52.0,11.8,27.0,154.0
28.0,1,161.4,55.9,18.1,30.0,152.0
63.0,0,174.4,71.8,6.7,30.0,173.0
28.0,1,163.7,51.4,7.8,41.0,158.0
43.0,0,171.1,69.4,15.5,37.0,213.0
22.0,0,175.1,65.04,13.6,57.0,234.0
41.0,0,175.6,74.1,15.6,50.0,234.0
27.0,1,162.9,74.8,26.2,46.0,180.0
58.0,0,177.8,71.2,10.5,27.0,164.0
51.0,0,172.0,68.5,12.2,45.0,207.0
41.0,1,160.7,67.6,21.8,0.0,82.0
37.0,1,163.0,54.9,26.7,58.0,201.0
33.0,0,165.8,58.6,-14.2,20.0,182.0
26.0,0,172.3,65.9,14.6,57.0,231.0
46.0,0,174.3,72.3,5.8,19.0,190.0
38.0,0,171.5,66.3,10.9,42.0,214.0
28.0,0,178.5,70.8,7.4,51.0,230.0
63.0,0,169.0,74.5,11.9,40.0,168.0
35.0,0,176.2,73.7,18.0,46.0,226.0
22.0,1,160.0,54.9,12.8,32.0,164.0
35.0,0,163.1,58.42,16.3,42.0,214.0
64.0,0,167.9,69.4,19.5,32.0,181.0
47.0,1,153.0,57.9,3.6,12.0,120.0
62.0,0,163.6,65.5,-3.7,15.0,111.0
55.0,0,162.3,65.5,11.9,23.0,162.0
42.0,0,177.1,75.5,9.5,46.0,212.0
22.0,0,175.9,90.7,13.0,55.0,248.0
58.0,1,158.9,57.3,22.4,25.0,135.0
30.0,0,172.3,78.3,-2.6,37.0,162.0
25.0,0,175.9,66.2,6.6,50.0,229.0
31.0,0,177.5,94.6,13.4,30.0,200.0
41.0,0,173.7,71.8,4.1,35.0,212.0
47.0,0,173.4,67.1,23.3,49.0,229.0
27.0,1,160.3,47.8,28.0,37.0,173.0
57.0,1,159.7,52.5,17.8,17.0,134.0
60.0,0,168.8,66.7,18.6,41.0,198.0
38.0,0,181.0,72.2,0.2,33.0,228.0
26.0,0,165.7,58.9,11.7,57.0,211.0
32.0,0,170.3,66.3,16.7,51.0,247.0
37.0,0,176.0,65.0,15.0,47.0,220.0
51.0,0,172.8,72.0,13.3,46.0,220.0
48.0,0,173.6,72.3,15.0,51.0,212.0
30.0,1,162.5,113.3,3.0,12.0,100.0
56.0,0,167.2,75.3,-12.0,8.0,105.0
25.0,1,161.5,52.6,17.7,28.0,156.0
28.0,0,172.0,68.6,15.5,52.0,242.0
26.0,0,172.4,74.02,22.2,55.0,230.0
60.0,1,158.9,59.4,16.0,17.0,120.0
24.0,0,182.0,88.2,28.5,51.0,245.0
64.0,0,169.2,76.6,14.8,46.0,165.0
64.0,0,163.7,65.8,13.0,20.0,106.0
60.0,1,155.5,46.2,10.2,7.0,88.0
23.0,1,163.8,57.5,28.8,43.0,164.0
21.0,0,169.2,92.9,10.9,52.0,226.0
63.0,0,159.5,52.0,26.5,52.0,189.0
34.0,0,176.9,78.54,14.8,47.0,221.0
27.0,0,172.4,61.6,13.3,48.0,230.0
25.0,0,177.1,85.48,4.5,38.0,201.0
25.0,0,181.7,81.0,8.8,57.0,220.0
24.0,1,161.9,56.1,24.5,56.0,204.0
25.0,0,168.4,67.3,16.8,45.0,198.0
30.0,1,162.9,52.3,12.4,40.0,170.0
28.0,0,178.9,71.4,19.1,45.0,211.0
37.0,0,175.1,86.4,28.2,58.0,258.0
23.0,1,161.6,52.4,13.0,36.0,185.0
47.0,1,168.6,67.3,14.8,23.0,148.0
37.0,1,170.0,63.0,20.4,35.0,190.0
30.0,0,177.0,74.8,5.7,55.0,214.0
21.0,1,154.5,47.4,18.5,28.0,185.0
30.0,0,176.9,81.6,14.0,49.0,234.0
26.0,0,173.8,81.5,0.8,38.0,196.0
39.0,1,164.0,58.7,27.1,43.0,161.0
50.0,1,155.5,66.3,14.1,29.0,120.0
23.0,1,162.4,58.9,25.5,48.0,178.0
31.0,0,179.4,103.6,9.6,43.0,206.0
24.0,0,174.1,74.5,16.7,58.0,218.0
30.0,1,162.8,52.82,20.0,39.0,205.0
41.0,0,178.4,76.8,21.5,54.0,236.0
63.0,0,179.6,71.4,14.3,33.0,195.0
34.0,1,155.2,57.7,26.4,36.0,168.0
37.0,0,175.0,76.7,11.6,34.0,176.0
27.0,0,177.4,84.5,28.8,54.0,182.0
61.0,1,160.0,59.4,16.8,21.0,89.0
60.0,0,172.3,68.7,18.2,33.0,191.0
23.0,1,172.3,64.3,15.2,46.0,177.0
50.0,0,177.8,86.3,11.3,27.0,205.0
35.0,0,173.8,97.6,15.2,43.0,220.0
41.0,0,172.6,68.9,18.2,52.0,226.0
61.0,1,154.4,52.3,18.2,18.0,133.0
55.0,1,158.2,62.1,17.3,17.0,140.0
37.0,1,149.5,38.1,23.0,35.0,167.0
29.0,0,168.4,71.9,20.4,47.0,223.0
44.0,0,168.2,71.6,15.4,51.0,214.0
21.0,1,162.7,49.72,22.7,49.0,179.0
55.0,0,171.4,75.2,10.8,39.0,197.0
25.0,0,172.6,89.8,10.7,50.0,189.0
47.0,1,169.3,51.9,12.7,30.0,133.0
25.0,1,160.0,56.2,23.8,47.0,178.0
21.0,1,167.3,82.3,21.9,41.0,172.0
26.0,0,173.0,80.2,16.2,54.0,235.0
47.0,1,156.3,48.6,18.8,43.0,141.0
28.0,1,156.8,57.3,26.5,38.0,153.0
39.0,0,170.2,80.1,9.9,39.0,179.0
43.0,0,173.5,77.7,14.6,57.0,230.0
63.0,0,162.4,64.7,19.0,35.0,175.0
29.0,0,171.0,72.5,18.0,55.0,254.0
21.0,0,172.7,109.7,-8.3,42.0,148.0
21.0,1,158.4,46.4,23.0,41.0,154.0
27.0,1,166.0,54.1,24.6,29.0,179.0
48.0,0,175.3,96.7,-8.7,26.0,185.0
37.0,1,173.5,58.7,23.8,42.0,189.0
27.0,0,186.8,82.3,-2.7,33.0,221.0
52.0,1,152.1,49.5,25.5,41.0,110.0
49.0,0,176.2,73.3,9.9,33.0,223.0
25.0,0,172.9,69.7,14.3,31.0,211.0
30.0,0,185.0,101.6,16.9,49.0,253.0
52.0,1,167.1,48.0,22.8,26.0,146.0
26.0,1,168.5,62.8,31.7,44.0,184.0
39.0,0,181.8,110.1,0.8,34.0,181.0
35.0,0,173.1,74.7,24.3,59.0,215.0
22.0,1,169.0,60.0,26.5,17.0,143.0
34.0,0,173.6,72.3,16.2,40.0,208.0
36.0,0,189.0,95.9,20.3,48.0,242.0
24.0,0,175.7,86.2,16.6,56.0,219.0
22.0,1,176.6,54.8,20.0,41.0,195.0
24.0,1,161.5,54.0,23.7,47.0,198.0
32.0,0,170.4,85.22,15.6,54.0,219.0
34.0,0,171.1,68.4,18.7,52.0,232.0
47.0,0,168.1,76.8,18.0,46.0,211.0
49.0,1,158.1,51.9,19.5,37.0,178.0
27.0,1,164.7,61.7,14.6,47.0,117.0
61.0,0,170.9,69.0,19.3,34.0,203.0
21.0,0,173.0,74.5,21.2,55.0,230.0
23.0,0,180.1,75.3,22.8,59.0,237.0
45.0,1,161.7,53.7,14.6,33.0,144.0
30.0,0,161.7,52.48,17.4,39.0,211.0
23.0,0,176.6,78.6,4.3,55.0,230.0
28.0,1,158.6,51.9,22.8,30.0,130.0
32.0,0,175.0,65.5,18.3,52.0,245.0
26.0,0,170.9,93.7,13.7,50.0,219.0
45.0,1,161.9,63.5,19.0,30.0,168.0
39.0,1,165.0,52.8,18.6,40.0,148.0
49.0,0,164.0,64.0,2.1,26.0,170.0
63.0,0,167.7,78.5,17.8,33.0,194.0
35.0,0,176.9,67.8,19.2,46.0,216.0
22.0,0,165.7,71.1,10.9,64.0,222.0
63.0,0,168.4,74.1,20.8,34.0,185.0
42.0,0,174.0,72.0,10.0,39.0,217.0
22.0,1,163.8,51.9,22.2,42.0,176.0
58.0,1,165.0,67.2,10.3,6.0,107.0
34.0,0,175.1,71.5,9.9,44.0,227.0
25.0,0,171.0,93.6,-8.0,33.0,100.0
59.0,1,151.4,52.2,16.7,2.0,118.0
24.0,0,173.3,80.7,19.6,60.0,237.0
53.0,0,168.9,67.4,21.9,52.0,205.0
52.0,1,154.5,54.4,20.8,21.0,134.0
22.0,0,182.0,84.0,8.1,57.0,261.0
38.0,1,162.6,59.6,20.0,36.0,164.0
28.0,1,165.6,58.9,18.9,42.0,165.0
24.0,0,167.5,69.4,23.1,38.0,220.0
22.0,0,167.0,65.0,15.3,59.0,240.0
42.0,1,158.7,62.6,18.5,37.0,150.0
64.0,0,169.8,84.9,12.9,32.0,170.0
37.0,0,167.9,70.7,8.8,40.0,206.0
22.0,0,169.4,57.2,0.0,65.0,250.0
23.0,0,168.8,70.0,13.2,53.0,223.0
28.0,1,165.2,49.4,17.3,31.0,169.0
62.0,1,161.2,74.0,16.4,19.0,113.0
54.0,0,171.0,77.5,8.2,36.0,176.0
24.0,0,183.2,80.3,20.0,62.0,220.0
27.0,0,163.3,62.5,20.7,63.0,233.0
64.0,0,165.8,61.3,7.6,33.0,166.0
40.0,1,156.1,50.2,14.0,40.0,163.0
35.0,0,181.0,78.5,-1.5,62.0,267.0
27.0,1,164.0,51.0,19.4,36.0,163.0
26.0,0,181.7,115.2,18.8,52.0,194.0
50.0,1,161.5,52.0,30.2,25.0,163.0
64.0,0,164.5,67.6,10.1,23.0,153.0
24.0,0,176.0,79.5,17.6,56.0,225.0
37.0,0,166.2,75.6,17.5,49.0,246.0
24.0,0,185.7,86.6,-3.3,50.0,184.0
55.0,0,169.7,64.4,25.3,51.0,216.0
